label,t,cma_free_kb,mem_available_kb
idle,1791063388.55,115564,242472
idle,1791063388.65,115564,242472
idle,1791063388.76,115564,242472
idle,1791063388.86,115564,242472
idle,1791063388.96,115564,242472
idle,1791063389.06,115564,242472
idle,1791063389.16,115564,242472
idle,1791063389.26,115564,242472
idle,1791063389.36,115564,242472
idle,1791063389.46,115564,242472
cap_plain_1,1791063389.56,115564,243272
cap_plain_1,1791063389.66,115628,244308
cap_plain_1,1791063389.76,115628,244396
cap_plain_1,1791063389.87,115628,245260
cap_plain_1,1791063389.97,115628,246888
cap_plain_1,1791063390.07,115628,248364
cap_plain_1,1791063390.17,115628,249444
cap_plain_1,1791063390.27,89840,224112
cap_plain_1,1791063390.37,89840,224112
cap_plain_1,1791063390.47,89840,219152
cap_plain_1,1791063390.57,89840,219152
cap_plain_1,1791063390.67,89840,219032
cap_plain_1,1791063390.77,89840,219032
cap_plain_1,1791063390.88,89840,219032
cap_plain_1,1791063390.98,89840,219032
cap_plain_1,1791063391.08,89840,219032
cap_plain_1,1791063391.18,89840,219032
cap_plain_1,1791063391.28,89840,219032
cap_plain_1,1791063391.38,89840,219032
cap_plain_1,1791063391.48,89840,219032
cap_plain_1,1791063391.58,89840,219032
cap_plain_1,1791063391.68,89840,219032
cap_plain_1,1791063391.78,89840,219032
cap_plain_1,1791063391.89,89840,219032
cap_plain_1,1791063391.99,89840,219032
cap_plain_1,1791063392.09,89840,219032
cap_plain_1,1791063392.19,89840,219032
cap_plain_1,1791063392.29,89840,219032
cap_plain_1,1791063392.39,89908,229060
cap_plain_1,1791063392.49,89908,229060
cap_plain_1,1791063392.59,89908,228892
cap_plain_1,1791063392.69,89908,228892
cap_plain_1,1791063392.80,89908,228892
cap_plain_1,1791063392.90,89908,227588
cap_plain_1,1791063393.00,89908,226828
cap_plain_1,1791063393.10,89908,226448
cap_plain_1,1791063393.20,89908,224548
idle,1791063393.30,111948,248032
idle,1791063393.40,111948,248080
idle,1791063393.50,112000,248172
idle,1791063393.61,112000,248172
idle,1791063393.71,112000,248172
idle,1791063393.81,112000,248172
idle,1791063393.91,112000,248172
idle,1791063394.01,112000,248172
idle,1791063394.11,112000,248172
idle,1791063394.21,112000,248172
idle,1791063394.31,112000,248172
idle,1791063394.41,112000,248172
idle,1791063394.51,112000,248172
idle,1791063394.61,112000,248172
idle,1791063394.71,112000,248360
idle,1791063394.81,112000,248140
idle,1791063394.92,112000,248140
idle,1791063395.02,112000,248140
idle,1791063395.12,112000,248140
idle,1791063395.22,112000,248140
idle,1791063395.32,112000,248140
idle,1791063395.42,112000,248140
idle,1791063395.52,112000,248140
idle,1791063395.62,112000,248140
idle,1791063395.72,113100,249316
idle,1791063395.82,113100,249316
idle,1791063395.92,113100,249316
idle,1791063396.02,113100,249316
idle,1791063396.12,113100,249316
idle,1791063396.22,113100,249316
idle,1791063396.32,113100,249316
cap_plain_2,1791063396.43,114176,251248
cap_plain_2,1791063396.53,114224,251280
cap_plain_2,1791063396.63,89548,217836
cap_plain_2,1791063396.73,89092,212820
cap_plain_2,1791063396.83,89092,212820
cap_plain_2,1791063396.93,89092,212820
cap_plain_2,1791063397.03,89092,212820
cap_plain_2,1791063397.13,89092,212820
cap_plain_2,1791063397.23,89092,212820
cap_plain_2,1791063397.34,89092,212820
cap_plain_2,1791063397.44,89092,212820
cap_plain_2,1791063397.54,89092,212820
cap_plain_2,1791063397.64,89052,212788
cap_plain_2,1791063397.74,89052,212788
cap_plain_2,1791063397.84,89052,212788
cap_plain_2,1791063397.94,89052,212788
cap_plain_2,1791063398.04,89052,212788
cap_plain_2,1791063398.14,89052,212788
cap_plain_2,1791063398.25,89052,212788
cap_plain_2,1791063398.35,89052,212168
cap_plain_2,1791063398.45,89052,212168
cap_plain_2,1791063398.55,89052,212168
cap_plain_2,1791063398.65,89052,212168
cap_plain_2,1791063398.75,91864,228156
cap_plain_2,1791063398.85,91864,228156
cap_plain_2,1791063398.96,91864,227928
cap_plain_2,1791063399.06,91864,227928
cap_plain_2,1791063399.16,91864,227928
cap_plain_2,1791063399.26,91864,227928
cap_plain_2,1791063399.36,91864,225952
cap_plain_2,1791063399.46,91864,225952
cap_plain_2,1791063399.56,91864,225572
cap_plain_2,1791063399.66,91864,225572
idle,1791063399.77,115348,250992
idle,1791063399.87,115368,251116
idle,1791063399.97,115368,251116
idle,1791063400.07,115368,251116
idle,1791063400.17,115368,251116
idle,1791063400.27,115368,251116
idle,1791063400.37,115368,251116
idle,1791063400.47,115368,251116
idle,1791063400.57,115368,251116
idle,1791063400.67,115368,251116
idle,1791063400.77,115368,251032
idle,1791063400.87,115368,251032
idle,1791063400.97,115368,251032
idle,1791063401.08,115368,251032
idle,1791063401.18,115368,251032
idle,1791063401.28,115368,251032
idle,1791063401.38,115368,251032
idle,1791063401.48,115368,251032
idle,1791063401.58,117124,253704
idle,1791063401.68,117124,253704
idle,1791063401.78,117124,253704
idle,1791063401.88,117124,253704
idle,1791063401.98,117124,253704
idle,1791063402.08,117124,253704
idle,1791063402.18,117124,253704
idle,1791063402.28,117124,253704
idle,1791063402.38,117124,253704
idle,1791063402.49,117124,253704
idle,1791063402.59,118236,254816
idle,1791063402.69,118236,254816
cap_plain_3,1791063402.79,117248,253752
cap_plain_3,1791063402.89,116260,252764
cap_plain_3,1791063402.99,89588,226036
cap_plain_3,1791063403.09,89588,217852
cap_plain_3,1791063403.19,89588,217852
cap_plain_3,1791063403.29,89588,217852
cap_plain_3,1791063403.39,89588,217852
cap_plain_3,1791063403.50,89512,217548
cap_plain_3,1791063403.60,89464,217420
cap_plain_3,1791063403.70,89464,217420
cap_plain_3,1791063403.80,89464,217420
cap_plain_3,1791063403.90,89464,217420
cap_plain_3,1791063404.00,89464,217420
cap_plain_3,1791063404.10,89464,217420
cap_plain_3,1791063404.20,89464,217420
cap_plain_3,1791063404.30,89464,217420
cap_plain_3,1791063404.40,89464,217420
cap_plain_3,1791063404.51,89464,217420
cap_plain_3,1791063404.61,89464,217420
cap_plain_3,1791063404.71,89464,217420
cap_plain_3,1791063404.81,89464,217420
cap_plain_3,1791063404.91,89464,217420
cap_plain_3,1791063405.01,89464,217420
cap_plain_3,1791063405.11,89472,229108
cap_plain_3,1791063405.22,89472,229108
cap_plain_3,1791063405.32,89472,228860
cap_plain_3,1791063405.42,89472,228860
cap_plain_3,1791063405.52,89472,228860
cap_plain_3,1791063405.62,89472,228860
cap_plain_3,1791063405.72,89472,228176
cap_plain_3,1791063405.82,89472,227416
cap_plain_3,1791063405.92,89472,225516
cap_plain_3,1791063406.03,89472,225516
idle,1791063406.13,115540,252532
idle,1791063406.23,115540,252488
idle,1791063406.33,115540,252488
idle,1791063406.43,115540,252488
idle,1791063406.53,115540,252488
idle,1791063406.63,115540,252488
idle,1791063406.73,115540,252392
idle,1791063406.83,115540,252392
idle,1791063406.93,115540,252392
idle,1791063407.03,115540,252392
idle,1791063407.13,115540,252392
idle,1791063407.23,115540,252392
idle,1791063407.34,115540,252392
idle,1791063407.44,115540,252392
idle,1791063407.54,115540,252392
idle,1791063407.64,115540,252392
idle,1791063407.74,115540,252392
idle,1791063407.84,115540,252392
idle,1791063407.94,115540,252392
idle,1791063408.04,115540,252392
idle,1791063408.14,115540,252392
idle,1791063408.24,115540,252392
idle,1791063408.34,115540,252392
idle,1791063408.44,115540,252392
idle,1791063408.54,115540,252800
idle,1791063408.64,115540,252800
idle,1791063408.75,115540,252800
idle,1791063408.85,115540,252800
idle,1791063408.95,115540,252800
idle,1791063409.05,115540,252800
cap_plain_4,1791063409.15,115864,253000
cap_plain_4,1791063409.25,115916,252928
cap_plain_4,1791063409.35,91020,229648
cap_plain_4,1791063409.45,91020,224348
cap_plain_4,1791063409.55,91020,224348
cap_plain_4,1791063409.65,91020,223740
cap_plain_4,1791063409.76,91020,223740
cap_plain_4,1791063409.86,91020,223740
cap_plain_4,1791063409.96,91020,223740
cap_plain_4,1791063410.06,91020,223740
cap_plain_4,1791063410.16,91020,223740
cap_plain_4,1791063410.26,91020,223740
cap_plain_4,1791063410.36,91020,223740
cap_plain_4,1791063410.46,91020,223740
cap_plain_4,1791063410.56,91020,223740
cap_plain_4,1791063410.66,91020,223740
cap_plain_4,1791063410.77,91020,223740
cap_plain_4,1791063410.87,91020,223740
cap_plain_4,1791063410.97,91020,223740
cap_plain_4,1791063411.07,91020,223740
cap_plain_4,1791063411.17,91020,223740
cap_plain_4,1791063411.27,91020,223740
cap_plain_4,1791063411.37,91020,223740
cap_plain_4,1791063411.48,91092,228012
cap_plain_4,1791063411.58,91092,228012
cap_plain_4,1791063411.68,91092,227716
cap_plain_4,1791063411.78,91092,227716
cap_plain_4,1791063411.88,91092,227716
cap_plain_4,1791063411.98,91092,227716
cap_plain_4,1791063412.08,91092,225740
cap_plain_4,1791063412.19,91092,225740
cap_plain_4,1791063412.29,91092,225664
cap_plain_4,1791063412.39,91092,225360
idle,1791063412.49,112448,247220
idle,1791063412.59,112448,247168
idle,1791063412.69,112448,248196
idle,1791063412.79,112448,247776
idle,1791063412.89,112536,247952
idle,1791063412.99,112536,247952
idle,1791063413.09,112536,247952
idle,1791063413.20,112536,247952
idle,1791063413.30,112536,247952
idle,1791063413.40,112536,247952
idle,1791063413.50,112536,247952
idle,1791063413.60,113768,249332
idle,1791063413.70,113768,249332
idle,1791063413.80,113768,249332
idle,1791063413.90,113768,249332
idle,1791063414.00,113768,249332
idle,1791063414.10,113768,249332
idle,1791063414.20,113768,249332
idle,1791063414.30,113768,249332
idle,1791063414.40,113768,249332
idle,1791063414.51,113768,249332
idle,1791063414.61,113768,249332
idle,1791063414.71,113768,249332
idle,1791063414.81,114836,250448
idle,1791063414.91,114836,250448
idle,1791063415.01,114836,250448
idle,1791063415.11,114836,250448
idle,1791063415.21,114836,250448
idle,1791063415.31,114836,250448
idle,1791063415.41,114836,250448
cap_plain_5,1791063415.51,116792,252156
cap_plain_5,1791063415.61,117248,252852
cap_plain_5,1791063415.72,92172,225440
cap_plain_5,1791063415.82,90408,214152
cap_plain_5,1791063415.92,90408,214152
cap_plain_5,1791063416.02,90408,214152
cap_plain_5,1791063416.12,90284,214028
cap_plain_5,1791063416.22,90284,214028
cap_plain_5,1791063416.32,90284,214028
cap_plain_5,1791063416.42,90284,214028
cap_plain_5,1791063416.52,90284,214028
cap_plain_5,1791063416.62,90284,214028
cap_plain_5,1791063416.73,90284,214028
cap_plain_5,1791063416.83,90284,214028
cap_plain_5,1791063416.93,90284,214028
cap_plain_5,1791063417.03,90284,214028
cap_plain_5,1791063417.13,90284,214028
cap_plain_5,1791063417.23,90284,214028
cap_plain_5,1791063417.33,90284,214028
cap_plain_5,1791063417.43,90284,214028
cap_plain_5,1791063417.54,90284,214028
cap_plain_5,1791063417.64,90284,214028
cap_plain_5,1791063417.74,90284,214028
cap_plain_5,1791063417.84,91936,228284
cap_plain_5,1791063417.94,91936,228284
cap_plain_5,1791063418.04,91936,228160
cap_plain_5,1791063418.14,91936,228160
cap_plain_5,1791063418.25,91936,228160
cap_plain_5,1791063418.35,91936,228160
cap_plain_5,1791063418.45,91936,227172
cap_plain_5,1791063418.55,91936,226864
cap_plain_5,1791063418.65,91936,224916
cap_plain_5,1791063418.75,114128,248504
idle,1791063418.85,113932,248032
idle,1791063418.95,113912,247916
idle,1791063419.05,113912,247916
idle,1791063419.15,113912,247916
idle,1791063419.26,113912,247916
idle,1791063419.36,113912,247916
idle,1791063419.46,113912,247916
idle,1791063419.56,113912,247916
idle,1791063419.66,113912,247916
idle,1791063419.76,113912,247916
idle,1791063419.86,113912,247916
idle,1791063419.96,113912,247916
idle,1791063420.06,113912,247916
idle,1791063420.16,113912,247916
idle,1791063420.26,113912,247916
idle,1791063420.36,113912,247916
idle,1791063420.46,113912,247916
idle,1791063420.57,114000,248616
idle,1791063420.67,114000,248616
idle,1791063420.77,114000,248616
idle,1791063420.87,114000,248616
idle,1791063420.97,114000,248616
idle,1791063421.07,114000,248616
idle,1791063421.17,114000,248616
idle,1791063421.27,114000,248616
idle,1791063421.37,114000,248616
idle,1791063421.47,114000,248616
idle,1791063421.57,115244,249860
idle,1791063421.67,115244,249860
idle,1791063421.77,115244,249860
cap_plain_6,1791063421.88,117144,251608
cap_plain_6,1791063421.98,117192,251572
cap_plain_6,1791063422.08,88884,217020
cap_plain_6,1791063422.18,88388,212076
cap_plain_6,1791063422.28,88388,212076
cap_plain_6,1791063422.38,88388,212076
cap_plain_6,1791063422.48,88388,212076
cap_plain_6,1791063422.58,88388,212060
cap_plain_6,1791063422.68,88388,212060
cap_plain_6,1791063422.79,88388,212060
cap_plain_6,1791063422.89,88388,212060
cap_plain_6,1791063422.99,88388,212060
cap_plain_6,1791063423.09,88388,212060
cap_plain_6,1791063423.19,88388,212060
cap_plain_6,1791063423.29,88388,212060
cap_plain_6,1791063423.39,88388,212060
cap_plain_6,1791063423.49,88388,212060
cap_plain_6,1791063423.59,88388,211564
cap_plain_6,1791063423.70,88388,211564
cap_plain_6,1791063423.80,88388,211564
cap_plain_6,1791063423.90,88388,211564
cap_plain_6,1791063424.00,88388,211564
cap_plain_6,1791063424.10,88388,211564
cap_plain_6,1791063424.20,91956,228336
cap_plain_6,1791063424.30,91956,228336
cap_plain_6,1791063424.41,91956,228212
cap_plain_6,1791063424.51,91956,228212
cap_plain_6,1791063424.61,91956,228212
cap_plain_6,1791063424.71,91956,228220
cap_plain_6,1791063424.81,91956,227640
cap_plain_6,1791063424.91,91956,226880
cap_plain_6,1791063425.01,91956,225056
cap_plain_6,1791063425.11,113996,248340
idle,1791063425.22,113708,247668
idle,1791063425.32,113688,247624
idle,1791063425.42,113688,247624
idle,1791063425.52,113688,247624
idle,1791063425.62,113688,247624
idle,1791063425.72,113688,247624
idle,1791063425.82,113688,247624
idle,1791063425.92,113688,247624
idle,1791063426.02,113688,247624
idle,1791063426.12,113688,247624
idle,1791063426.22,113688,247624
idle,1791063426.32,113688,247624
idle,1791063426.42,113688,247624
idle,1791063426.53,113688,247624
idle,1791063426.63,115388,249680
idle,1791063426.73,115436,249728
idle,1791063426.83,115436,249728
idle,1791063426.93,115436,249728
idle,1791063427.03,115436,249728
idle,1791063427.13,115436,249728
idle,1791063427.23,115436,249728
idle,1791063427.33,115436,249728
idle,1791063427.43,115436,249728
idle,1791063427.53,115436,249728
idle,1791063427.63,115436,249728
idle,1791063427.73,116476,250768
idle,1791063427.84,116476,250768
idle,1791063427.94,116476,250768
idle,1791063428.04,116476,250768
idle,1791063428.14,116476,250768
cap_plain_7,1791063428.24,118300,252364
cap_plain_7,1791063428.34,118320,252368
cap_plain_7,1791063428.44,89056,217312
cap_plain_7,1791063428.54,88524,212432
cap_plain_7,1791063428.64,88436,212360
cap_plain_7,1791063428.74,88436,212360
cap_plain_7,1791063428.84,88436,212360
cap_plain_7,1791063428.95,88436,212360
cap_plain_7,1791063429.05,88436,212360
cap_plain_7,1791063429.15,88436,212360
cap_plain_7,1791063429.25,88436,212360
cap_plain_7,1791063429.35,88436,212360
cap_plain_7,1791063429.45,88436,212360
cap_plain_7,1791063429.55,88436,212360
cap_plain_7,1791063429.65,88436,212360
cap_plain_7,1791063429.75,88436,212360
cap_plain_7,1791063429.86,88436,212360
cap_plain_7,1791063429.96,88436,212360
cap_plain_7,1791063430.06,88436,212360
cap_plain_7,1791063430.16,88436,212360
cap_plain_7,1791063430.26,88436,212360
cap_plain_7,1791063430.36,88436,212360
cap_plain_7,1791063430.46,88436,212360
cap_plain_7,1791063430.57,92148,228572
cap_plain_7,1791063430.67,92148,228572
cap_plain_7,1791063430.77,92148,228228
cap_plain_7,1791063430.87,92148,228228
cap_plain_7,1791063430.97,92148,228228
cap_plain_7,1791063431.07,92148,228104
cap_plain_7,1791063431.17,92148,227420
cap_plain_7,1791063431.28,92148,226660
cap_plain_7,1791063431.38,92148,224760
cap_plain_7,1791063431.48,117988,251968
idle,1791063431.58,117844,251600
idle,1791063431.68,117844,251600
idle,1791063431.78,117844,251600
idle,1791063431.88,117844,251600
idle,1791063431.98,117844,251600
idle,1791063432.08,117844,251600
idle,1791063432.18,117844,251600
idle,1791063432.28,117844,251600
idle,1791063432.38,117844,251600
idle,1791063432.49,117844,251600
idle,1791063432.59,117844,251600
idle,1791063432.69,117844,251600
idle,1791063432.79,117844,251600
idle,1791063432.89,117844,251600
idle,1791063432.99,117844,251600
idle,1791063433.09,117844,251600
idle,1791063433.19,117844,251600
idle,1791063433.29,117844,251600
idle,1791063433.39,117844,251600
idle,1791063433.49,117844,251600
idle,1791063433.59,117944,251920
idle,1791063433.69,117992,251920
idle,1791063433.80,117992,251920
idle,1791063433.90,117992,251920
idle,1791063434.00,117992,251920
idle,1791063434.10,117992,251920
idle,1791063434.20,117992,251920
idle,1791063434.30,117992,251920
idle,1791063434.40,117992,251920
idle,1791063434.50,117992,251920
cap_plain_8,1791063434.60,118544,252464
cap_plain_8,1791063434.70,118544,252344
cap_plain_8,1791063434.80,91636,220756
cap_plain_8,1791063434.90,91016,219144
cap_plain_8,1791063435.01,91016,219144
cap_plain_8,1791063435.11,91016,219144
cap_plain_8,1791063435.21,91016,219144
cap_plain_8,1791063435.31,91016,219144
cap_plain_8,1791063435.41,91016,219144
cap_plain_8,1791063435.51,91016,219144
cap_plain_8,1791063435.61,91016,219144
cap_plain_8,1791063435.71,91016,219144
cap_plain_8,1791063435.81,91016,219144
cap_plain_8,1791063435.92,91016,219144
cap_plain_8,1791063436.02,91016,219144
cap_plain_8,1791063436.12,91016,219144
cap_plain_8,1791063436.22,91016,219144
cap_plain_8,1791063436.32,91016,219144
cap_plain_8,1791063436.42,91016,219144
cap_plain_8,1791063436.52,91016,219144
cap_plain_8,1791063436.62,91016,219144
cap_plain_8,1791063436.73,91016,219144
cap_plain_8,1791063436.83,91016,218060
cap_plain_8,1791063436.93,92596,226368
cap_plain_8,1791063437.03,92596,226368
cap_plain_8,1791063437.13,92596,226244
cap_plain_8,1791063437.23,92596,226244
cap_plain_8,1791063437.33,92596,226244
cap_plain_8,1791063437.43,92596,226244
cap_plain_8,1791063437.54,92596,222292
cap_plain_8,1791063437.64,92596,222292
cap_plain_8,1791063437.74,92596,222264
cap_plain_8,1791063437.84,118512,250004
idle,1791063437.94,119628,252744
idle,1791063438.04,119596,252756
idle,1791063438.14,119596,252756
idle,1791063438.24,119596,252756
idle,1791063438.34,119596,252756
idle,1791063438.44,119596,252756
idle,1791063438.54,119596,252756
idle,1791063438.65,119596,252756
idle,1791063438.75,119596,252756
idle,1791063438.85,119596,252756
idle,1791063438.95,119596,252756
idle,1791063439.05,119596,252756
idle,1791063439.15,119596,252756
idle,1791063439.25,119596,252756
idle,1791063439.35,119596,252756
idle,1791063439.45,119596,252756
idle,1791063439.55,119596,252756
idle,1791063439.65,119596,252756
idle,1791063439.75,119596,252756
idle,1791063439.85,119596,252756
idle,1791063439.96,119596,252756
idle,1791063440.06,119596,252756
idle,1791063440.16,119596,252756
idle,1791063440.26,119596,252756
idle,1791063440.36,119596,252756
idle,1791063440.46,119596,252756
idle,1791063440.56,119596,252756
idle,1791063440.66,119596,253716
idle,1791063440.76,119596,253716
idle,1791063440.86,119596,253716
cap_plain_9,1791063440.96,119540,253280
cap_plain_9,1791063441.06,119524,253232
cap_plain_9,1791063441.16,90872,223016
cap_plain_9,1791063441.27,90416,218228
cap_plain_9,1791063441.37,90416,218228
cap_plain_9,1791063441.47,90416,218228
cap_plain_9,1791063441.57,90308,218192
cap_plain_9,1791063441.67,90308,218192
cap_plain_9,1791063441.77,90308,218192
cap_plain_9,1791063441.87,90308,218192
cap_plain_9,1791063441.97,90308,218192
cap_plain_9,1791063442.07,90308,218192
cap_plain_9,1791063442.18,90308,218192
cap_plain_9,1791063442.28,90308,218192
cap_plain_9,1791063442.38,90308,218192
cap_plain_9,1791063442.48,90308,218192
cap_plain_9,1791063442.58,90308,218192
cap_plain_9,1791063442.68,90308,218192
cap_plain_9,1791063442.78,90308,218096
cap_plain_9,1791063442.88,90308,218096
cap_plain_9,1791063442.99,90308,218096
cap_plain_9,1791063443.09,90308,218096
cap_plain_9,1791063443.19,90308,218096
cap_plain_9,1791063443.29,90776,227856
cap_plain_9,1791063443.39,90776,227856
cap_plain_9,1791063443.49,90776,227628
cap_plain_9,1791063443.59,90776,227560
cap_plain_9,1791063443.69,90776,227104
cap_plain_9,1791063443.79,90776,226456
cap_plain_9,1791063443.90,90776,225772
cap_plain_9,1791063444.00,90776,223872
cap_plain_9,1791063444.10,112816,247204
idle,1791063444.20,112800,246864
idle,1791063444.30,112752,246728
idle,1791063444.40,112752,246728
idle,1791063444.50,112752,246728
idle,1791063444.60,112752,246728
idle,1791063444.70,112752,246932
idle,1791063444.80,112752,246932
idle,1791063444.90,112752,246932
idle,1791063445.00,112752,246932
idle,1791063445.11,112752,246932
idle,1791063445.21,112752,246932
idle,1791063445.31,112752,246932
idle,1791063445.41,112752,246932
idle,1791063445.51,112752,247056
idle,1791063445.61,113860,248240
idle,1791063445.71,113860,248240
idle,1791063445.81,113860,248240
idle,1791063445.91,113860,248240
idle,1791063446.01,113860,248240
idle,1791063446.11,113860,248240
idle,1791063446.21,113860,248240
idle,1791063446.31,113860,248240
idle,1791063446.42,113860,248240
idle,1791063446.52,113860,248240
idle,1791063446.62,114776,249276
idle,1791063446.72,114776,249276
idle,1791063446.82,114776,249276
idle,1791063446.92,114896,249276
idle,1791063447.02,114896,249276
idle,1791063447.12,114896,249276
cap_plain_10,1791063447.22,116644,250824
cap_plain_10,1791063447.32,116644,250776
cap_plain_10,1791063447.42,91500,221284
cap_plain_10,1791063447.53,90508,217820
cap_plain_10,1791063447.63,90508,217816
cap_plain_10,1791063447.73,90508,217816
cap_plain_10,1791063447.83,90508,217816
cap_plain_10,1791063447.93,90508,217816
cap_plain_10,1791063448.03,90508,217816
cap_plain_10,1791063448.13,90508,217816
cap_plain_10,1791063448.23,90508,217816
cap_plain_10,1791063448.33,90508,217816
cap_plain_10,1791063448.43,90508,217816
cap_plain_10,1791063448.54,90508,217816
cap_plain_10,1791063448.64,90508,217816
cap_plain_10,1791063448.74,90508,216732
cap_plain_10,1791063448.84,90508,216732
cap_plain_10,1791063448.94,90508,216732
cap_plain_10,1791063449.04,90508,216732
cap_plain_10,1791063449.14,90508,216732
cap_plain_10,1791063449.25,90508,216732
cap_plain_10,1791063449.35,90508,216732
cap_plain_10,1791063449.45,90508,216732
cap_plain_10,1791063449.55,91400,227620
cap_plain_10,1791063449.65,91400,227616
cap_plain_10,1791063449.75,91400,227492
cap_plain_10,1791063449.86,91400,227492
cap_plain_10,1791063449.96,91400,227492
cap_plain_10,1791063450.06,91400,227492
cap_plain_10,1791063450.16,91400,226504
cap_plain_10,1791063450.26,91400,226200
cap_plain_10,1791063450.36,91400,224300
cap_plain_10,1791063450.46,115416,251660
idle,1791063450.56,115320,251228
idle,1791063450.66,115320,251228
idle,1791063450.77,116104,252392
idle,1791063450.87,116104,252392
idle,1791063450.97,116104,252392
idle,1791063451.07,116104,252392
idle,1791063451.17,116104,252392
idle,1791063451.27,116104,252392
idle,1791063451.37,116104,252392
idle,1791063451.47,116104,252392
idle,1791063451.57,116104,252392
idle,1791063451.67,117168,253456
idle,1791063451.77,117240,253528
idle,1791063451.87,117240,253528
idle,1791063451.97,117240,253528
idle,1791063452.07,117240,253528
idle,1791063452.18,117240,253528
idle,1791063452.28,117240,253528
idle,1791063452.38,117240,253528
idle,1791063452.48,117240,253528
idle,1791063452.58,118232,254520
idle,1791063452.68,118232,254520
idle,1791063452.78,118232,254520
idle,1791063452.88,118232,254520
idle,1791063452.98,118232,254520
idle,1791063453.08,118232,254520
idle,1791063453.18,118232,254520
idle,1791063453.28,118232,254520
idle,1791063453.38,118232,254520
idle,1791063453.48,118232,254520
cap_raw_1,1791063453.59,118356,254520
cap_raw_1,1791063453.69,117520,253612
cap_raw_1,1791063453.79,90048,219820
cap_raw_1,1791063453.89,89724,217280
cap_raw_1,1791063453.99,89724,217280
cap_raw_1,1791063454.09,89724,217280
cap_raw_1,1791063454.19,89724,217280
cap_raw_1,1791063454.29,89724,217280
cap_raw_1,1791063454.39,89724,217280
cap_raw_1,1791063454.50,89724,217280
cap_raw_1,1791063454.60,89724,217280
cap_raw_1,1791063454.70,89724,217280
cap_raw_1,1791063454.80,89724,217184
cap_raw_1,1791063454.90,89724,217184
cap_raw_1,1791063455.00,89724,217184
cap_raw_1,1791063455.10,89724,217184
cap_raw_1,1791063455.20,89724,217184
cap_raw_1,1791063455.30,89724,217184
cap_raw_1,1791063455.41,89724,217184
cap_raw_1,1791063455.51,89724,217184
cap_raw_1,1791063455.61,89724,217184
cap_raw_1,1791063455.71,89724,217184
cap_raw_1,1791063455.81,89724,217184
cap_raw_1,1791063455.91,90344,226024
cap_raw_1,1791063456.01,90344,225796
cap_raw_1,1791063456.11,90344,225548
cap_raw_1,1791063456.22,90344,225548
cap_raw_1,1791063456.32,90344,225548
cap_raw_1,1791063456.42,90344,225548
cap_raw_1,1791063456.52,90344,225092
cap_raw_1,1791063456.62,90344,224376
cap_raw_1,1791063456.72,90344,222408
cap_raw_1,1791063456.82,87304,215340
cap_raw_1,1791063456.92,74916,198468
cap_raw_1,1791063457.03,67132,171296
idle,1791063457.13,115336,234248
idle,1791063457.23,97148,210504
idle,1791063457.33,97108,210576
idle,1791063457.43,97108,210576
idle,1791063457.53,97108,210576
idle,1791063457.63,97108,210576
idle,1791063457.73,97108,210576
idle,1791063457.83,97108,210576
idle,1791063457.94,97108,210576
idle,1791063458.04,97108,210576
idle,1791063458.14,97108,210576
idle,1791063458.24,97108,210576
idle,1791063458.34,97108,210576
idle,1791063458.44,97108,210576
idle,1791063458.54,97108,210576
idle,1791063458.64,97108,210576
idle,1791063458.74,97108,210576
idle,1791063458.84,97108,210576
idle,1791063458.94,97108,210576
idle,1791063459.04,97108,210576
idle,1791063459.14,97108,210576
idle,1791063459.24,97108,210576
idle,1791063459.35,97108,210576
idle,1791063459.45,97108,210576
idle,1791063459.55,97108,210576
idle,1791063459.65,97108,210576
idle,1791063459.75,97108,210576
idle,1791063459.85,97108,210576
idle,1791063459.95,97108,210576
idle,1791063460.05,97108,210576
idle,1791063460.15,97108,210576
cap_raw_2,1791063460.25,113296,234364
cap_raw_2,1791063460.35,113296,234388
cap_raw_2,1791063460.45,113296,234084
cap_raw_2,1791063460.56,84472,196640
cap_raw_2,1791063460.66,84472,194780
cap_raw_2,1791063460.76,84472,194684
cap_raw_2,1791063460.86,84472,194684
cap_raw_2,1791063460.96,84472,194684
cap_raw_2,1791063461.06,84472,194684
cap_raw_2,1791063461.16,84472,194684
cap_raw_2,1791063461.26,84472,194684
cap_raw_2,1791063461.36,84472,194684
cap_raw_2,1791063461.47,84472,194684
cap_raw_2,1791063461.57,84472,194684
cap_raw_2,1791063461.67,84472,194684
cap_raw_2,1791063461.77,84472,194684
cap_raw_2,1791063461.87,84472,194684
cap_raw_2,1791063461.97,84472,194684
cap_raw_2,1791063462.07,84472,194684
cap_raw_2,1791063462.18,84472,194684
cap_raw_2,1791063462.28,84472,194684
cap_raw_2,1791063462.38,84472,194684
cap_raw_2,1791063462.48,84472,194684
cap_raw_2,1791063462.58,100564,221348
cap_raw_2,1791063462.68,84832,202832
cap_raw_2,1791063462.78,84832,202832
cap_raw_2,1791063462.88,84832,202708
cap_raw_2,1791063462.99,84832,202708
cap_raw_2,1791063463.09,84832,202708
cap_raw_2,1791063463.19,84832,198756
cap_raw_2,1791063463.29,84832,198756
cap_raw_2,1791063463.39,84832,198756
cap_raw_2,1791063463.49,76624,183176
cap_raw_2,1791063463.59,70604,175132
cap_raw_2,1791063463.69,66880,135700
idle,1791063463.79,132848,209824
idle,1791063463.90,132900,209916
idle,1791063464.00,132900,210688
idle,1791063464.10,132900,212612
idle,1791063464.20,132404,214052
idle,1791063464.30,131536,215256
idle,1791063464.40,130000,215780
idle,1791063464.50,128968,216040
idle,1791063464.60,128968,216040
idle,1791063464.70,128968,216040
idle,1791063464.80,128968,216040
idle,1791063464.91,128968,216040
idle,1791063465.01,128968,216040
idle,1791063465.11,128968,216040
idle,1791063465.21,128968,216040
idle,1791063465.31,128968,216040
idle,1791063465.41,128968,216040
idle,1791063465.51,128968,216040
idle,1791063465.61,128968,216040
idle,1791063465.71,128968,216040
idle,1791063465.81,128968,216040
idle,1791063465.91,128968,216040
idle,1791063466.01,128968,216040
idle,1791063466.11,128968,216040
idle,1791063466.22,128616,215940
idle,1791063466.32,128540,215932
idle,1791063466.42,128540,216032
idle,1791063466.52,128540,216032
idle,1791063466.62,128540,216032
idle,1791063466.72,128540,216032
cap_raw_3,1791063466.82,142068,235696
cap_raw_3,1791063466.92,141744,235184
cap_raw_3,1791063467.02,140680,234576
cap_raw_3,1791063467.12,140072,234272
cap_raw_3,1791063467.22,138780,233968
cap_raw_3,1791063467.33,136880,231536
cap_raw_3,1791063467.43,109680,202364
cap_raw_3,1791063467.53,109680,197776
cap_raw_3,1791063467.63,109668,197600
cap_raw_3,1791063467.73,109668,197600
cap_raw_3,1791063467.83,109668,197600
cap_raw_3,1791063467.93,109668,197600
cap_raw_3,1791063468.04,109668,197600
cap_raw_3,1791063468.14,109668,197600
cap_raw_3,1791063468.24,109668,197600
cap_raw_3,1791063468.34,109668,197600
cap_raw_3,1791063468.44,109668,197600
cap_raw_3,1791063468.54,109668,197600
cap_raw_3,1791063468.64,109668,197600
cap_raw_3,1791063468.74,109668,197600
cap_raw_3,1791063468.85,109668,197600
cap_raw_3,1791063468.95,109668,197600
cap_raw_3,1791063469.05,109668,197600
cap_raw_3,1791063469.15,109668,197600
cap_raw_3,1791063469.25,109668,197600
cap_raw_3,1791063469.35,109668,197600
cap_raw_3,1791063469.45,125760,221668
cap_raw_3,1791063469.56,110028,204604
cap_raw_3,1791063469.66,110028,204604
cap_raw_3,1791063469.76,110028,204308
cap_raw_3,1791063469.86,110028,204308
cap_raw_3,1791063469.96,110028,204308
cap_raw_3,1791063470.06,110028,203300
cap_raw_3,1791063470.16,110028,203300
cap_raw_3,1791063470.27,110028,202996
cap_raw_3,1791063470.37,110028,201096
cap_raw_3,1791063470.47,103492,185364
cap_raw_3,1791063470.57,97560,177380
cap_raw_3,1791063470.67,67920,137860
idle,1791063470.77,122260,208644
idle,1791063470.87,122316,208600
idle,1791063470.97,122316,208600
idle,1791063471.07,122316,208600
idle,1791063471.17,122316,208600
idle,1791063471.28,122316,208600
idle,1791063471.38,122316,208600
idle,1791063471.48,122316,208600
idle,1791063471.58,122316,208600
idle,1791063471.68,122316,208600
idle,1791063471.78,122268,208596
idle,1791063471.88,122268,208596
idle,1791063471.98,122268,208596
idle,1791063472.08,122268,208596
idle,1791063472.18,122268,208596
idle,1791063472.28,122268,208596
idle,1791063472.38,122268,208596
idle,1791063472.48,122268,208596
idle,1791063472.59,122268,208608
idle,1791063472.69,122268,208608
idle,1791063472.79,122268,208512
idle,1791063472.89,122268,208512
idle,1791063472.99,122392,209524
idle,1791063473.09,122392,211048
idle,1791063473.19,122088,212028
idle,1791063473.29,122020,212304
idle,1791063473.39,122020,212312
idle,1791063473.49,122020,212312
idle,1791063473.59,122020,212312
idle,1791063473.69,122020,212312
cap_raw_4,1791063473.80,138740,236044
cap_raw_4,1791063473.90,138512,235820
cap_raw_4,1791063474.00,135936,235184
cap_raw_4,1791063474.10,107720,200428
cap_raw_4,1791063474.20,107720,199312
cap_raw_4,1791063474.30,107720,199312
cap_raw_4,1791063474.40,107720,199312
cap_raw_4,1791063474.50,107720,199312
cap_raw_4,1791063474.60,107720,199312
cap_raw_4,1791063474.71,107720,199312
cap_raw_4,1791063474.81,107720,199312
cap_raw_4,1791063474.91,107720,199312
cap_raw_4,1791063475.01,107720,199312
cap_raw_4,1791063475.11,107720,199312
cap_raw_4,1791063475.21,107720,199312
cap_raw_4,1791063475.31,107720,199312
cap_raw_4,1791063475.41,107720,199312
cap_raw_4,1791063475.52,107720,199312
cap_raw_4,1791063475.62,107720,199312
cap_raw_4,1791063475.72,107720,199312
cap_raw_4,1791063475.82,107720,199312
cap_raw_4,1791063475.92,107720,199312
cap_raw_4,1791063476.02,107720,199312
cap_raw_4,1791063476.12,109680,206968
cap_raw_4,1791063476.23,108080,205016
cap_raw_4,1791063476.33,108080,205016
cap_raw_4,1791063476.43,108080,203040
cap_raw_4,1791063476.53,108080,203040
cap_raw_4,1791063476.63,108080,202968
cap_raw_4,1791063476.73,108080,202968
cap_raw_4,1791063476.83,108080,201904
cap_raw_4,1791063476.93,108080,200916
cap_raw_4,1791063477.04,108080,200004
cap_raw_4,1791063477.14,102836,187388
cap_raw_4,1791063477.24,93868,175456
cap_raw_4,1791063477.34,67192,139888
idle,1791063477.44,117048,204828
idle,1791063477.54,117064,204768
idle,1791063477.64,117456,205448
idle,1791063477.74,117456,205448
idle,1791063477.84,117456,205448
idle,1791063477.94,117456,205448
idle,1791063478.05,117456,205448
idle,1791063478.15,117456,205448
idle,1791063478.25,117456,205448
idle,1791063478.35,117456,205448
idle,1791063478.45,117456,205448
idle,1791063478.55,117456,205448
idle,1791063478.65,117456,205448
idle,1791063478.75,118152,206048
idle,1791063478.85,118152,206048
idle,1791063478.95,118152,206048
idle,1791063479.05,118152,206048
idle,1791063479.15,118152,206048
idle,1791063479.25,118152,206048
idle,1791063479.35,118152,206048
idle,1791063479.46,118152,206048
idle,1791063479.56,118152,206048
idle,1791063479.66,118152,206048
idle,1791063479.76,118152,206048
idle,1791063479.86,118152,206048
idle,1791063479.96,118152,206048
idle,1791063480.06,118152,206048
idle,1791063480.16,118152,206048
idle,1791063480.26,118152,206048
idle,1791063480.36,118152,206048
cap_raw_5,1791063480.46,140192,234472
cap_raw_5,1791063480.56,139356,233636
cap_raw_5,1791063480.67,139020,233240
cap_raw_5,1791063480.77,109104,199216
cap_raw_5,1791063480.87,109104,198348
cap_raw_5,1791063480.97,109104,198348
cap_raw_5,1791063481.07,109104,198224
cap_raw_5,1791063481.17,109104,198224
cap_raw_5,1791063481.27,109104,198224
cap_raw_5,1791063481.37,109104,198224
cap_raw_5,1791063481.47,109104,198224
cap_raw_5,1791063481.57,109104,198224
cap_raw_5,1791063481.68,109104,198224
cap_raw_5,1791063481.78,109104,198224
cap_raw_5,1791063481.88,109104,198224
cap_raw_5,1791063481.98,109104,198224
cap_raw_5,1791063482.08,109104,198224
cap_raw_5,1791063482.18,109104,198224
cap_raw_5,1791063482.28,109104,198224
cap_raw_5,1791063482.38,109104,198224
cap_raw_5,1791063482.49,109104,198224
cap_raw_5,1791063482.59,109104,198224
cap_raw_5,1791063482.69,109104,198224
cap_raw_5,1791063482.79,110616,207100
cap_raw_5,1791063482.89,109016,205048
cap_raw_5,1791063482.99,109016,205048
cap_raw_5,1791063483.09,109016,204896
cap_raw_5,1791063483.20,109016,204896
cap_raw_5,1791063483.30,109016,204896
cap_raw_5,1791063483.40,109016,204212
cap_raw_5,1791063483.50,109016,203832
cap_raw_5,1791063483.60,109016,203452
cap_raw_5,1791063483.70,109016,201572
cap_raw_5,1791063483.80,95564,177632
cap_raw_5,1791063483.90,92296,173300
cap_raw_5,1791063484.01,58076,129512
idle,1791063484.11,118268,206684
idle,1791063484.21,118340,206572
idle,1791063484.31,118340,206572
idle,1791063484.41,118340,206572
idle,1791063484.51,118340,206572
idle,1791063484.61,118340,206572
idle,1791063484.71,118340,206572
idle,1791063484.81,118340,206572
idle,1791063484.91,118340,206572
idle,1791063485.01,118340,206572
idle,1791063485.11,118340,206572
idle,1791063485.22,118340,206572
idle,1791063485.32,118340,206572
idle,1791063485.42,118340,206572
idle,1791063485.52,118340,206572
idle,1791063485.62,118340,206572
idle,1791063485.72,118340,206572
idle,1791063485.82,118340,206572
idle,1791063485.92,118340,206572
idle,1791063486.02,118340,206572
idle,1791063486.12,118340,206572
idle,1791063486.22,118340,206572
idle,1791063486.32,118340,206572
idle,1791063486.42,118340,206572
idle,1791063486.52,118340,206572
idle,1791063486.63,118340,206572
idle,1791063486.73,118340,206572
idle,1791063486.83,118340,206572
idle,1791063486.93,118340,206572
idle,1791063487.03,118340,206572
cap_raw_6,1791063487.13,132096,226408
cap_raw_6,1791063487.23,132096,226416
cap_raw_6,1791063487.33,107272,205088
cap_raw_6,1791063487.43,107112,189248
cap_raw_6,1791063487.53,107112,188716
cap_raw_6,1791063487.64,107072,188636
cap_raw_6,1791063487.74,107072,188636
cap_raw_6,1791063487.84,107072,188636
cap_raw_6,1791063487.94,107072,188636
cap_raw_6,1791063488.04,107072,188636
cap_raw_6,1791063488.14,107072,188636
cap_raw_6,1791063488.24,107072,188636
cap_raw_6,1791063488.34,107072,188636
cap_raw_6,1791063488.44,107072,188636
cap_raw_6,1791063488.55,107072,188636
cap_raw_6,1791063488.65,107072,188636
cap_raw_6,1791063488.75,107072,188636
cap_raw_6,1791063488.85,107072,188636
cap_raw_6,1791063488.95,107072,188636
cap_raw_6,1791063489.05,107072,188636
cap_raw_6,1791063489.15,107072,188636
cap_raw_6,1791063489.26,107072,188636
cap_raw_6,1791063489.36,107072,188636
cap_raw_6,1791063489.46,110348,207072
cap_raw_6,1791063489.56,108748,204712
cap_raw_6,1791063489.66,108748,204692
cap_raw_6,1791063489.76,108748,204444
cap_raw_6,1791063489.86,108748,204444
cap_raw_6,1791063489.96,108748,204444
cap_raw_6,1791063490.06,108748,203492
cap_raw_6,1791063490.17,108748,202732
cap_raw_6,1791063490.27,108748,200908
cap_raw_6,1791063490.37,100920,184872
cap_raw_6,1791063490.47,94992,176968
cap_raw_6,1791063490.57,65284,137380
idle,1791063490.67,120232,208464
idle,1791063490.77,120252,208508
idle,1791063490.87,120252,208508
idle,1791063490.97,120252,208508
idle,1791063491.08,120252,208508
idle,1791063491.18,120252,208508
idle,1791063491.28,120252,208508
idle,1791063491.38,120252,208508
idle,1791063491.48,120252,208508
idle,1791063491.58,120252,208508
idle,1791063491.68,120252,208436
idle,1791063491.78,120252,208436
idle,1791063491.88,120252,208436
idle,1791063491.98,120252,208436
idle,1791063492.08,120252,208436
idle,1791063492.18,120252,208436
idle,1791063492.28,120252,208436
idle,1791063492.38,120252,208436
idle,1791063492.49,120252,208436
idle,1791063492.59,120252,208436
idle,1791063492.69,120252,208436
idle,1791063492.79,120252,208436
idle,1791063492.89,120252,208436
idle,1791063492.99,120252,208436
idle,1791063493.09,120252,208436
idle,1791063493.19,120252,208436
idle,1791063493.29,120252,208436
idle,1791063493.39,120252,208436
idle,1791063493.49,120252,208436
idle,1791063493.59,120252,208436
cap_raw_7,1791063493.69,139936,234732
cap_raw_7,1791063493.80,139936,234732
cap_raw_7,1791063493.90,136712,235228
cap_raw_7,1791063494.00,107856,202520
cap_raw_7,1791063494.10,107856,202404
cap_raw_7,1791063494.20,107856,202252
cap_raw_7,1791063494.30,107856,202252
cap_raw_7,1791063494.40,107856,202100
cap_raw_7,1791063494.50,107856,202100
cap_raw_7,1791063494.60,107832,202008
cap_raw_7,1791063494.71,107832,202008
cap_raw_7,1791063494.81,107832,202008
cap_raw_7,1791063494.91,107832,202008
cap_raw_7,1791063495.01,107832,202008
cap_raw_7,1791063495.11,107832,202008
cap_raw_7,1791063495.21,107832,202008
cap_raw_7,1791063495.31,107832,202008
cap_raw_7,1791063495.42,107832,202008
cap_raw_7,1791063495.52,107832,202008
cap_raw_7,1791063495.62,107832,202008
cap_raw_7,1791063495.72,107832,202008
cap_raw_7,1791063495.82,107832,202008
cap_raw_7,1791063495.92,107832,202008
cap_raw_7,1791063496.02,109304,207024
cap_raw_7,1791063496.13,107744,204872
cap_raw_7,1791063496.23,107744,204872
cap_raw_7,1791063496.33,107744,204748
cap_raw_7,1791063496.43,107744,204748
cap_raw_7,1791063496.53,107744,204748
cap_raw_7,1791063496.63,107744,204500
cap_raw_7,1791063496.73,107744,203948
cap_raw_7,1791063496.83,107744,203036
cap_raw_7,1791063496.94,107744,202200
cap_raw_7,1791063497.04,95584,177728
cap_raw_7,1791063497.14,94216,175904
cap_raw_7,1791063497.24,58572,130304
idle,1791063497.34,119068,208776
idle,1791063497.44,119092,208804
idle,1791063497.54,119092,208804
idle,1791063497.64,119484,209488
idle,1791063497.74,119484,209488
idle,1791063497.84,119484,209488
idle,1791063497.95,119484,209488
idle,1791063498.05,119484,209488
idle,1791063498.15,119484,209488
idle,1791063498.25,119484,209488
idle,1791063498.35,119484,209488
idle,1791063498.45,119484,209488
idle,1791063498.55,119484,209488
idle,1791063498.65,120176,210180
idle,1791063498.75,120176,210180
idle,1791063498.85,120176,210180
idle,1791063498.95,120176,210180
idle,1791063499.05,120176,210180
idle,1791063499.15,120176,210180
idle,1791063499.26,120176,210180
idle,1791063499.36,120176,210180
idle,1791063499.46,120176,210180
idle,1791063499.56,120176,210180
idle,1791063499.66,120176,210180
idle,1791063499.76,120176,210180
idle,1791063499.86,120176,210180
idle,1791063499.96,120176,210180
idle,1791063500.06,120176,210180
idle,1791063500.16,120176,210180
idle,1791063500.26,120176,210180
cap_raw_8,1791063500.36,133808,229380
cap_raw_8,1791063500.47,133580,228392
cap_raw_8,1791063500.57,113600,211180
cap_raw_8,1791063500.67,108648,202048
cap_raw_8,1791063500.77,108648,200560
cap_raw_8,1791063500.87,108648,200560
cap_raw_8,1791063500.97,108648,200560
cap_raw_8,1791063501.07,108648,200560
cap_raw_8,1791063501.17,108648,200560
cap_raw_8,1791063501.27,108648,200560
cap_raw_8,1791063501.38,108648,200560
cap_raw_8,1791063501.48,108648,200560
cap_raw_8,1791063501.58,108648,200560
cap_raw_8,1791063501.68,108648,200560
cap_raw_8,1791063501.78,108648,200560
cap_raw_8,1791063501.88,108648,200560
cap_raw_8,1791063501.98,108648,200560
cap_raw_8,1791063502.08,108648,200560
cap_raw_8,1791063502.19,108648,200560
cap_raw_8,1791063502.29,108648,200560
cap_raw_8,1791063502.39,108648,200560
cap_raw_8,1791063502.49,108648,200560
cap_raw_8,1791063502.59,108648,200560
cap_raw_8,1791063502.69,108760,205288
cap_raw_8,1791063502.79,108760,204000
cap_raw_8,1791063502.90,108760,203924
cap_raw_8,1791063503.00,108760,203876
cap_raw_8,1791063503.10,108760,203876
cap_raw_8,1791063503.20,108760,203876
cap_raw_8,1791063503.30,108760,201548
cap_raw_8,1791063503.40,108760,201548
cap_raw_8,1791063503.50,108760,201548
cap_raw_8,1791063503.60,108760,201168
cap_raw_8,1791063503.70,94016,175716
cap_raw_8,1791063503.81,82236,159984
cap_raw_8,1791063503.91,119172,206668
idle,1791063504.01,119172,206516
idle,1791063504.11,119240,206480
idle,1791063504.21,119240,206480
idle,1791063504.31,119240,206480
idle,1791063504.41,119240,206480
idle,1791063504.51,119240,206480
idle,1791063504.61,119240,206432
idle,1791063504.71,119240,206432
idle,1791063504.81,119240,206432
idle,1791063504.92,119240,206432
idle,1791063505.02,119240,206432
idle,1791063505.12,119240,206432
idle,1791063505.22,119240,206432
idle,1791063505.32,119240,206432
idle,1791063505.42,119240,206432
idle,1791063505.52,119240,206432
idle,1791063505.62,119240,206432
idle,1791063505.72,119240,206432
idle,1791063505.82,119240,206432
idle,1791063505.92,119240,206432
idle,1791063506.02,119240,206432
idle,1791063506.12,119240,206432
idle,1791063506.23,119240,206432
idle,1791063506.33,119240,206432
idle,1791063506.43,119240,206432
idle,1791063506.53,119240,206432
idle,1791063506.63,119240,206432
idle,1791063506.73,119240,206432
idle,1791063506.83,119240,206432
idle,1791063506.93,119240,206432
cap_raw_9,1791063507.03,135808,230220
cap_raw_9,1791063507.13,135808,230220
cap_raw_9,1791063507.23,108700,197332
cap_raw_9,1791063507.33,108168,192544
cap_raw_9,1791063507.44,108168,192544
cap_raw_9,1791063507.54,108168,192544
cap_raw_9,1791063507.64,108032,192376
cap_raw_9,1791063507.74,108032,192376
cap_raw_9,1791063507.84,108032,192376
cap_raw_9,1791063507.94,108032,192376
cap_raw_9,1791063508.04,108032,192376
cap_raw_9,1791063508.14,108032,192376
cap_raw_9,1791063508.24,108032,192376
cap_raw_9,1791063508.35,108032,192376
cap_raw_9,1791063508.45,108032,192376
cap_raw_9,1791063508.55,108032,192376
cap_raw_9,1791063508.65,108032,192376
cap_raw_9,1791063508.75,108032,192376
cap_raw_9,1791063508.85,108032,192376
cap_raw_9,1791063508.95,108032,192376
cap_raw_9,1791063509.05,108032,192376
cap_raw_9,1791063509.16,108032,192376
cap_raw_9,1791063509.26,108032,192376
cap_raw_9,1791063509.36,108976,203956
cap_raw_9,1791063509.46,108976,203956
cap_raw_9,1791063509.56,108976,203832
cap_raw_9,1791063509.66,108976,203832
cap_raw_9,1791063509.76,108976,203828
cap_raw_9,1791063509.87,108976,203828
cap_raw_9,1791063509.97,108976,200864
cap_raw_9,1791063510.07,108976,200484
cap_raw_9,1791063510.17,108976,198660
cap_raw_9,1791063510.27,105328,190756
cap_raw_9,1791063510.37,93472,174948
cap_raw_9,1791063510.47,69760,143332
idle,1791063510.57,126252,208592
idle,1791063510.68,126252,208544
idle,1791063510.78,126252,208544
idle,1791063510.88,126252,208544
idle,1791063510.98,126252,208544
idle,1791063511.08,126252,208544
idle,1791063511.18,126252,208544
idle,1791063511.28,126252,208544
idle,1791063511.38,126252,208544
idle,1791063511.48,126252,208544
idle,1791063511.58,126252,208544
idle,1791063511.68,126252,208544
idle,1791063511.78,126252,208544
idle,1791063511.88,126252,208544
idle,1791063511.98,126252,208544
idle,1791063512.09,126252,208544
idle,1791063512.19,126252,208544
idle,1791063512.29,126252,208544
idle,1791063512.39,126252,208544
idle,1791063512.49,126252,208544
idle,1791063512.59,126252,208544
idle,1791063512.69,126252,208544
idle,1791063512.79,126252,208544
idle,1791063512.89,126252,208544
idle,1791063512.99,126252,208544
idle,1791063513.09,126252,208544
idle,1791063513.19,126252,208544
idle,1791063513.29,126252,208544
idle,1791063513.40,126252,208544
idle,1791063513.50,126252,208544
cap_raw_10,1791063513.60,144724,236292
cap_raw_10,1791063513.70,144652,236220
cap_raw_10,1791063513.80,144120,235640
cap_raw_10,1791063513.90,111724,193208
cap_raw_10,1791063514.00,111724,189240
cap_raw_10,1791063514.10,111600,188124
cap_raw_10,1791063514.20,111600,188124
cap_raw_10,1791063514.30,111600,188124
cap_raw_10,1791063514.41,111476,188000
cap_raw_10,1791063514.51,111476,188000
cap_raw_10,1791063514.61,111476,187964
cap_raw_10,1791063514.71,111476,187964
cap_raw_10,1791063514.81,111476,187868
cap_raw_10,1791063514.91,111476,187868
cap_raw_10,1791063515.01,111476,187868
cap_raw_10,1791063515.11,111476,187868
cap_raw_10,1791063515.22,111476,187868
cap_raw_10,1791063515.32,111476,187868
cap_raw_10,1791063515.42,111476,187868
cap_raw_10,1791063515.52,111476,187868
cap_raw_10,1791063515.62,111476,187868
cap_raw_10,1791063515.72,111476,187868
cap_raw_10,1791063515.82,111476,187868
cap_raw_10,1791063515.93,137544,217812
cap_raw_10,1791063516.03,113500,204740
cap_raw_10,1791063516.13,113500,204740
cap_raw_10,1791063516.23,113500,204616
cap_raw_10,1791063516.33,113500,204616
cap_raw_10,1791063516.43,113500,204616
cap_raw_10,1791063516.53,113500,204616
cap_raw_10,1791063516.64,113500,203172
cap_raw_10,1791063516.74,113500,202412
cap_raw_10,1791063516.84,113500,202032
cap_raw_10,1791063516.94,113500,200588
cap_raw_10,1791063517.04,99364,176724
cap_raw_10,1791063517.14,84620,157040
idle,1791063517.24,124368,206364
idle,1791063517.34,124264,206060
idle,1791063517.44,124264,206060
idle,1791063517.55,124264,206060
idle,1791063517.65,124264,206344
idle,1791063517.75,124264,206344
idle,1791063517.85,124264,206344
idle,1791063517.95,124264,206344
idle,1791063518.05,124264,206344
idle,1791063518.15,124264,206344
idle,1791063518.25,124264,206344
idle,1791063518.35,124264,206344
idle,1791063518.45,124264,206344
idle,1791063518.55,124264,206344
idle,1791063518.65,124264,206344
idle,1791063518.75,124264,206344
idle,1791063518.86,124264,206344
idle,1791063518.96,124264,206344
idle,1791063519.06,124264,206344
idle,1791063519.16,124264,206344
idle,1791063519.26,124264,206344
idle,1791063519.36,124264,206344
idle,1791063519.46,124264,206344
idle,1791063519.56,124264,206344
idle,1791063519.66,124264,206344
idle,1791063519.76,124264,206344
idle,1791063519.86,124264,206344
idle,1791063519.96,124264,206344
idle,1791063520.06,124264,206344
idle,1791063520.16,124264,206344
idle,1791063520.27,124416,206876
idle,1791063520.37,140460,231792
enc_1600x900_1,1791063520.47,139252,230840
enc_1600x900_1,1791063520.57,134048,223932
enc_1600x900_1,1791063520.67,133664,223868
enc_1600x900_1,1791063520.77,132904,223412
enc_1600x900_1,1791063520.87,132264,223056
enc_1600x900_1,1791063520.97,131504,222972
enc_1600x900_1,1791063521.07,130512,223136
enc_1600x900_1,1791063521.17,127152,219852
enc_1600x900_1,1791063521.28,127152,220360
enc_1600x900_1,1791063521.38,124984,218216
enc_1600x900_1,1791063521.48,124384,218108
enc_1600x900_1,1791063521.58,123240,217540
enc_1600x900_1,1791063521.68,122688,217284
enc_1600x900_1,1791063521.78,121468,215968
enc_1600x900_1,1791063521.88,113260,205024
enc_1600x900_1,1791063521.98,113136,205788
enc_1600x900_1,1791063522.08,107208,198036
enc_1600x900_1,1791063522.19,101372,190296
enc_1600x900_1,1791063522.29,99928,188396
enc_1600x900_1,1791063522.39,99928,188396
enc_1600x900_1,1791063522.49,99928,188396
enc_1600x900_1,1791063522.59,99908,188396
enc_1600x900_1,1791063522.69,99908,188396
enc_1600x900_1,1791063522.79,99908,188396
enc_1600x900_1,1791063522.89,99908,188396
enc_1600x900_1,1791063522.99,99908,188396
enc_1600x900_1,1791063523.10,97096,184596
enc_1600x900_1,1791063523.20,94056,180644
enc_1600x900_1,1791063523.30,94056,180720
enc_1600x900_1,1791063523.40,94056,180720
enc_1600x900_1,1791063523.50,94056,180796
enc_1600x900_1,1791063523.60,98436,187096
enc_1600x900_1,1791063523.70,92508,179116
enc_1600x900_1,1791063523.80,91824,178280
enc_1600x900_1,1791063523.90,91824,178280
enc_1600x900_1,1791063524.00,91824,178280
enc_1600x900_1,1791063524.11,91824,178280
enc_1600x900_1,1791063524.21,91824,178280
enc_1600x900_1,1791063524.31,91824,178280
enc_1600x900_1,1791063524.41,91824,178280
enc_1600x900_1,1791063524.51,91824,178280
enc_1600x900_1,1791063524.61,91216,177412
enc_1600x900_1,1791063524.71,86048,170496
enc_1600x900_1,1791063524.81,86048,170496
enc_1600x900_1,1791063524.91,86932,171764
enc_1600x900_1,1791063525.02,86932,171764
enc_1600x900_1,1791063525.12,95860,183932
enc_1600x900_1,1791063525.22,95860,183940
enc_1600x900_1,1791063525.32,90236,176112
enc_1600x900_1,1791063525.42,90084,175960
enc_1600x900_1,1791063525.52,90084,175960
enc_1600x900_1,1791063525.62,90532,177284
enc_1600x900_1,1791063525.72,90532,177284
enc_1600x900_1,1791063525.82,90532,177284
enc_1600x900_1,1791063525.92,90532,177284
enc_1600x900_1,1791063526.03,90532,177284
enc_1600x900_1,1791063526.13,90532,177284
enc_1600x900_1,1791063526.23,90456,176448
enc_1600x900_1,1791063526.33,85288,169532
enc_1600x900_1,1791063526.43,85288,169532
enc_1600x900_1,1791063526.53,85224,169468
enc_1600x900_1,1791063526.63,86360,170920
enc_1600x900_1,1791063526.73,100324,186088
enc_1600x900_1,1791063526.83,98500,184264
enc_1600x900_1,1791063526.94,92572,178336
enc_1600x900_1,1791063527.04,89000,174460
enc_1600x900_1,1791063527.14,89000,174460
enc_1600x900_1,1791063527.24,89000,174460
enc_1600x900_1,1791063527.34,89000,174460
enc_1600x900_1,1791063527.44,89000,174460
enc_1600x900_1,1791063527.54,89000,174460
enc_1600x900_1,1791063527.64,89872,175680
enc_1600x900_1,1791063527.74,89872,175680
enc_1600x900_1,1791063527.84,88504,173856
enc_1600x900_1,1791063527.95,84096,167928
enc_1600x900_1,1791063528.05,84096,167928
enc_1600x900_1,1791063528.15,84096,167928
enc_1600x900_1,1791063528.25,84212,167928
enc_1600x900_1,1791063528.35,106524,195520
enc_1600x900_1,1791063528.45,106524,195596
idle,1791063528.55,118784,213616
idle,1791063528.65,118784,213616
idle,1791063528.75,120920,216416
idle,1791063528.86,120920,216416
idle,1791063528.96,120920,216416
idle,1791063529.06,120920,216416
idle,1791063529.16,120920,216416
idle,1791063529.26,120920,216416
idle,1791063529.36,120920,216416
idle,1791063529.46,120920,216416
idle,1791063529.56,121080,217620
idle,1791063529.66,121080,217620
idle,1791063529.76,121080,217620
idle,1791063529.86,121184,217620
idle,1791063529.96,121184,217620
idle,1791063530.06,121184,217620
idle,1791063530.17,121184,217620
idle,1791063530.27,121184,217620
idle,1791063530.37,121184,217620
idle,1791063530.47,121184,217620
idle,1791063530.57,121908,218920
enc_1600x900_2,1791063530.67,121984,218920
enc_1600x900_2,1791063530.77,122016,218748
enc_1600x900_2,1791063530.87,121864,218444
enc_1600x900_2,1791063530.97,120116,216164
enc_1600x900_2,1791063531.07,119052,214720
enc_1600x900_2,1791063531.17,116772,211680
enc_1600x900_2,1791063531.28,116088,210844
enc_1600x900_2,1791063531.38,114948,209324
enc_1600x900_2,1791063531.48,112744,206360
enc_1600x900_2,1791063531.58,103824,194480
enc_1600x900_2,1791063531.68,104372,195084
enc_1600x900_2,1791063531.78,98520,187408
enc_1600x900_2,1791063531.88,97152,185584
enc_1600x900_2,1791063531.98,95632,183532
enc_1600x900_2,1791063532.08,95632,183532
enc_1600x900_2,1791063532.19,95632,183532
enc_1600x900_2,1791063532.29,95632,183532
enc_1600x900_2,1791063532.39,95632,183532
enc_1600x900_2,1791063532.49,95632,183532
enc_1600x900_2,1791063532.59,95632,183532
enc_1600x900_2,1791063532.69,95632,183532
enc_1600x900_2,1791063532.79,94264,181708
enc_1600x900_2,1791063532.89,89856,175780
enc_1600x900_2,1791063532.99,89856,175780
enc_1600x900_2,1791063533.10,89856,175780
enc_1600x900_2,1791063533.20,103764,190980
enc_1600x900_2,1791063533.30,103796,191656
enc_1600x900_2,1791063533.40,96044,183932
enc_1600x900_2,1791063533.50,94144,182032
enc_1600x900_2,1791063533.60,94124,182012
enc_1600x900_2,1791063533.70,94124,182008
enc_1600x900_2,1791063533.80,94124,182008
enc_1600x900_2,1791063533.90,94124,182008
enc_1600x900_2,1791063534.00,94124,182008
enc_1600x900_2,1791063534.11,94124,182008
enc_1600x900_2,1791063534.21,94124,182080
enc_1600x900_2,1791063534.31,94048,182004
enc_1600x900_2,1791063534.41,90628,178280
enc_1600x900_2,1791063534.51,87664,174328
enc_1600x900_2,1791063534.61,87604,174268
enc_1600x900_2,1791063534.71,87604,174268
enc_1600x900_2,1791063534.81,103032,191900
enc_1600x900_2,1791063534.91,102728,191596
enc_1600x900_2,1791063535.02,95280,184148
enc_1600x900_2,1791063535.12,93684,182324
enc_1600x900_2,1791063535.22,93684,182324
enc_1600x900_2,1791063535.32,93684,182324
enc_1600x900_2,1791063535.42,93684,182324
enc_1600x900_2,1791063535.52,93684,182324
enc_1600x900_2,1791063535.62,93644,182284
enc_1600x900_2,1791063535.72,93644,182284
enc_1600x900_2,1791063535.82,93644,182284
enc_1600x900_2,1791063535.92,92276,180460
enc_1600x900_2,1791063536.03,87792,174532
enc_1600x900_2,1791063536.13,87792,174532
enc_1600x900_2,1791063536.23,87792,174532
enc_1600x900_2,1791063536.33,87792,174532
enc_1600x900_2,1791063536.43,101520,190820
enc_1600x900_2,1791063536.53,101520,190820
enc_1600x900_2,1791063536.63,94188,183032
enc_1600x900_2,1791063536.73,93580,182196
enc_1600x900_2,1791063536.83,93580,182196
enc_1600x900_2,1791063536.94,93524,182140
enc_1600x900_2,1791063537.04,93524,182140
enc_1600x900_2,1791063537.14,93524,182140
enc_1600x900_2,1791063537.24,93524,182140
enc_1600x900_2,1791063537.34,93524,182140
enc_1600x900_2,1791063537.44,93524,182140
enc_1600x900_2,1791063537.54,92156,180316
enc_1600x900_2,1791063537.64,87628,174344
enc_1600x900_2,1791063537.74,87628,174344
enc_1600x900_2,1791063537.85,87628,174344
enc_1600x900_2,1791063537.95,101688,190988
enc_1600x900_2,1791063538.05,107188,197624
idle,1791063538.15,122692,218828
idle,1791063538.25,118892,215028
idle,1791063538.35,118848,214908
idle,1791063538.45,118848,214860
idle,1791063538.55,118848,214860
idle,1791063538.65,118856,214916
idle,1791063538.75,118856,214820
idle,1791063538.86,118856,214820
idle,1791063538.96,118856,214820
idle,1791063539.06,118856,214820
idle,1791063539.16,118856,214820
idle,1791063539.26,118856,214820
idle,1791063539.36,118856,214820
idle,1791063539.46,118856,214820
idle,1791063539.56,118856,214820
idle,1791063539.66,119132,215248
idle,1791063539.76,119252,215248
idle,1791063539.86,119252,215248
idle,1791063539.96,119252,215248
idle,1791063540.06,119252,215248
idle,1791063540.17,119252,215248
idle,1791063540.27,119252,215248
enc_1600x900_3,1791063540.37,119252,215172
enc_1600x900_3,1791063540.47,118416,214336
enc_1600x900_3,1791063540.57,117392,213268
enc_1600x900_3,1791063540.67,116160,212384
enc_1600x900_3,1791063540.77,115136,210940
enc_1600x900_3,1791063540.87,113616,208964
enc_1600x900_3,1791063540.97,112172,207064
enc_1600x900_3,1791063541.07,111868,206608
enc_1600x900_3,1791063541.18,106624,199616
enc_1600x900_3,1791063541.28,100696,191712
enc_1600x900_3,1791063541.38,100640,191580
enc_1600x900_3,1791063541.48,94712,183752
enc_1600x900_3,1791063541.58,91868,179920
enc_1600x900_3,1791063541.68,91868,179920
enc_1600x900_3,1791063541.78,91868,179920
enc_1600x900_3,1791063541.88,91868,179920
enc_1600x900_3,1791063541.98,91868,179920
enc_1600x900_3,1791063542.09,91868,179920
enc_1600x900_3,1791063542.19,91868,179920
enc_1600x900_3,1791063542.29,91868,179920
enc_1600x900_3,1791063542.39,91868,179920
enc_1600x900_3,1791063542.49,88980,176044
enc_1600x900_3,1791063542.59,86004,172276
enc_1600x900_3,1791063542.69,86004,172276
enc_1600x900_3,1791063542.79,86004,172276
enc_1600x900_3,1791063542.89,98324,187764
enc_1600x900_3,1791063543.00,98324,187764
enc_1600x900_3,1791063543.10,94904,183964
enc_1600x900_3,1791063543.20,92016,180088
enc_1600x900_3,1791063543.30,92016,180088
enc_1600x900_3,1791063543.40,92016,180088
enc_1600x900_3,1791063543.50,92016,180088
enc_1600x900_3,1791063543.60,92004,180424
enc_1600x900_3,1791063543.70,92004,180424
enc_1600x900_3,1791063543.80,92004,180424
enc_1600x900_3,1791063543.90,92004,180424
enc_1600x900_3,1791063544.01,92004,180348
enc_1600x900_3,1791063544.11,89420,176624
enc_1600x900_3,1791063544.21,86380,172672
enc_1600x900_3,1791063544.31,86380,172672
enc_1600x900_3,1791063544.41,86380,172672
enc_1600x900_3,1791063544.51,95712,185048
enc_1600x900_3,1791063544.61,89708,177084
enc_1600x900_3,1791063544.71,88340,175260
enc_1600x900_3,1791063544.81,88340,175260
enc_1600x900_3,1791063544.91,88340,175260
enc_1600x900_3,1791063545.02,88340,175260
enc_1600x900_3,1791063545.12,88340,175260
enc_1600x900_3,1791063545.22,88340,175260
enc_1600x900_3,1791063545.32,88340,175260
enc_1600x900_3,1791063545.42,88340,175260
enc_1600x900_3,1791063545.52,88340,175260
enc_1600x900_3,1791063545.62,87696,174372
enc_1600x900_3,1791063545.72,83284,168880
enc_1600x900_3,1791063545.82,83284,168880
enc_1600x900_3,1791063545.93,83284,168880
enc_1600x900_3,1791063546.03,92384,181056
enc_1600x900_3,1791063546.13,92452,181128
enc_1600x900_3,1791063546.23,92452,181128
enc_1600x900_3,1791063546.33,89184,176416
enc_1600x900_3,1791063546.43,89184,176416
enc_1600x900_3,1791063546.53,89184,176476
enc_1600x900_3,1791063546.63,89184,176476
enc_1600x900_3,1791063546.73,89912,177620
enc_1600x900_3,1791063546.83,89912,177620
enc_1600x900_3,1791063546.94,89912,177620
enc_1600x900_3,1791063547.04,89912,177620
enc_1600x900_3,1791063547.14,89912,177620
enc_1600x900_3,1791063547.24,87252,173820
enc_1600x900_3,1791063547.34,84288,169868
enc_1600x900_3,1791063547.44,84288,169868
enc_1600x900_3,1791063547.54,84288,169808
enc_1600x900_3,1791063547.64,104580,198140
enc_1600x900_3,1791063547.74,104684,198240
idle,1791063547.85,120948,217552
idle,1791063547.95,118592,215148
idle,1791063548.05,118536,215024
idle,1791063548.15,118536,214976
idle,1791063548.25,118536,214976
idle,1791063548.35,118536,214976
idle,1791063548.45,118536,214976
idle,1791063548.55,118536,214976
idle,1791063548.65,118744,215288
idle,1791063548.75,118744,215288
idle,1791063548.85,118744,215288
idle,1791063548.95,118744,215288
idle,1791063549.06,118744,215288
idle,1791063549.16,118864,215288
idle,1791063549.26,118864,215288
idle,1791063549.36,118864,215288
idle,1791063549.46,118864,215288
idle,1791063549.56,118864,215288
idle,1791063549.66,119980,216860
idle,1791063549.76,119980,216860
idle,1791063549.86,119980,216860
idle,1791063549.96,120100,216860
enc_1600x900_4,1791063550.06,117896,214532
enc_1600x900_4,1791063550.16,113336,208604
enc_1600x900_4,1791063550.27,113336,208604
enc_1600x900_4,1791063550.37,113108,208224
enc_1600x900_4,1791063550.47,111436,206020
enc_1600x900_4,1791063550.57,110744,206328
enc_1600x900_4,1791063550.67,110428,204692
enc_1600x900_4,1791063550.77,110048,204188
enc_1600x900_4,1791063550.87,104880,197272
enc_1600x900_4,1791063550.97,98952,189140
enc_1600x900_4,1791063551.07,98056,188244
enc_1600x900_4,1791063551.18,92812,181252
enc_1600x900_4,1791063551.28,90000,177452
enc_1600x900_4,1791063551.38,90000,177452
enc_1600x900_4,1791063551.48,90000,177452
enc_1600x900_4,1791063551.58,89952,177404
enc_1600x900_4,1791063551.68,89952,177404
enc_1600x900_4,1791063551.78,89952,177404
enc_1600x900_4,1791063551.88,89952,177404
enc_1600x900_4,1791063551.98,89952,177404
enc_1600x900_4,1791063552.09,89724,177100
enc_1600x900_4,1791063552.19,87140,173604
enc_1600x900_4,1791063552.29,84176,169652
enc_1600x900_4,1791063552.39,84176,169652
enc_1600x900_4,1791063552.49,84176,169652
enc_1600x900_4,1791063552.59,95192,184544
enc_1600x900_4,1791063552.69,89492,176792
enc_1600x900_4,1791063552.79,86452,172764
enc_1600x900_4,1791063552.89,85084,170940
enc_1600x900_4,1791063553.00,85084,170940
enc_1600x900_4,1791063553.10,85084,170940
enc_1600x900_4,1791063553.20,85084,170940
enc_1600x900_4,1791063553.30,85084,170940
enc_1600x900_4,1791063553.40,85084,170940
enc_1600x900_4,1791063553.50,85084,170940
enc_1600x900_4,1791063553.60,85084,170904
enc_1600x900_4,1791063553.70,83716,169080
enc_1600x900_4,1791063553.80,80256,164504
enc_1600x900_4,1791063553.91,80256,164504
enc_1600x900_4,1791063554.01,80256,164504
enc_1600x900_4,1791063554.11,91352,179172
enc_1600x900_4,1791063554.21,91352,179172
enc_1600x900_4,1791063554.31,88312,175172
enc_1600x900_4,1791063554.41,85348,171248
enc_1600x900_4,1791063554.51,85348,171248
enc_1600x900_4,1791063554.61,85336,171236
enc_1600x900_4,1791063554.71,85336,171236
enc_1600x900_4,1791063554.82,86100,172388
enc_1600x900_4,1791063554.92,86100,172388
enc_1600x900_4,1791063555.02,86100,172388
enc_1600x900_4,1791063555.12,86100,172388
enc_1600x900_4,1791063555.22,86100,172388
enc_1600x900_4,1791063555.32,84808,170564
enc_1600x900_4,1791063555.42,80400,164636
enc_1600x900_4,1791063555.52,80400,164636
enc_1600x900_4,1791063555.62,80340,164576
enc_1600x900_4,1791063555.72,92412,180036
enc_1600x900_4,1791063555.83,95512,184892
enc_1600x900_4,1791063555.93,89736,177140
enc_1600x900_4,1791063556.03,88368,175240
enc_1600x900_4,1791063556.13,88368,175240
enc_1600x900_4,1791063556.23,88368,175240
enc_1600x900_4,1791063556.33,88368,175240
enc_1600x900_4,1791063556.43,88368,175240
enc_1600x900_4,1791063556.53,88368,175240
enc_1600x900_4,1791063556.63,89116,176172
enc_1600x900_4,1791063556.73,89116,176048
enc_1600x900_4,1791063556.84,87596,174224
enc_1600x900_4,1791063556.94,83112,168296
enc_1600x900_4,1791063557.04,83112,168296
enc_1600x900_4,1791063557.14,83112,168296
enc_1600x900_4,1791063557.24,83112,168296
enc_1600x900_4,1791063557.34,99048,189036
enc_1600x900_4,1791063557.44,99048,189036
idle,1791063557.54,113260,209280
idle,1791063557.64,113260,208484
idle,1791063557.75,113852,209524
idle,1791063557.85,113852,209524
idle,1791063557.95,113852,209524
idle,1791063558.05,113852,209524
idle,1791063558.15,113852,209524
idle,1791063558.25,113852,209524
idle,1791063558.35,113852,209524
idle,1791063558.45,113852,209524
idle,1791063558.55,114380,210280
idle,1791063558.65,115368,211564
idle,1791063558.75,115368,211564
idle,1791063558.85,115368,211564
idle,1791063558.95,115368,211564
idle,1791063559.06,115368,211564
idle,1791063559.16,115368,211564
idle,1791063559.26,115368,211564
idle,1791063559.36,115368,211564
idle,1791063559.46,115368,211564
idle,1791063559.56,115484,211828
idle,1791063559.66,116444,213096
enc_1600x900_5,1791063559.76,116568,212792
enc_1600x900_5,1791063559.86,116568,212792
enc_1600x900_5,1791063559.96,116568,212792
enc_1600x900_5,1791063560.06,115884,211956
enc_1600x900_5,1791063560.17,113072,208232
enc_1600x900_5,1791063560.27,112920,208080
enc_1600x900_5,1791063560.37,111628,206332
enc_1600x900_5,1791063560.47,110564,204888
enc_1600x900_5,1791063560.57,103116,194936
enc_1600x900_5,1791063560.67,97188,187104
enc_1600x900_5,1791063560.77,94224,183152
enc_1600x900_5,1791063560.87,91184,179048
enc_1600x900_5,1791063560.97,91184,179048
enc_1600x900_5,1791063561.07,91184,179048
enc_1600x900_5,1791063561.18,91184,179048
enc_1600x900_5,1791063561.28,91184,179048
enc_1600x900_5,1791063561.38,91184,179048
enc_1600x900_5,1791063561.48,91184,179048
enc_1600x900_5,1791063561.58,91164,179028
enc_1600x900_5,1791063561.68,91164,179028
enc_1600x900_5,1791063561.78,88352,175228
enc_1600x900_5,1791063561.88,85388,171276
enc_1600x900_5,1791063561.98,85388,171276
enc_1600x900_5,1791063562.08,85388,171276
enc_1600x900_5,1791063562.19,95608,184712
enc_1600x900_5,1791063562.29,95608,184712
enc_1600x900_5,1791063562.39,92568,180912
enc_1600x900_5,1791063562.49,89680,177036
enc_1600x900_5,1791063562.59,89668,177024
enc_1600x900_5,1791063562.69,89668,177024
enc_1600x900_5,1791063562.79,89668,177024
enc_1600x900_5,1791063562.89,89668,177024
enc_1600x900_5,1791063562.99,89668,177024
enc_1600x900_5,1791063563.10,89668,177024
enc_1600x900_5,1791063563.20,89668,177024
enc_1600x900_5,1791063563.30,89668,177024
enc_1600x900_5,1791063563.40,86780,173224
enc_1600x900_5,1791063563.50,83892,169272
enc_1600x900_5,1791063563.60,83832,169212
enc_1600x900_5,1791063563.70,83832,169212
enc_1600x900_5,1791063563.80,96144,185780
enc_1600x900_5,1791063563.90,93408,181980
enc_1600x900_5,1791063564.01,90520,178180
enc_1600x900_5,1791063564.11,90520,178180
enc_1600x900_5,1791063564.21,90520,178180
enc_1600x900_5,1791063564.31,90520,178180
enc_1600x900_5,1791063564.41,90520,178180
enc_1600x900_5,1791063564.51,90520,178180
enc_1600x900_5,1791063564.61,90520,178124
enc_1600x900_5,1791063564.71,90520,178124
enc_1600x900_5,1791063564.81,90520,178124
enc_1600x900_5,1791063564.91,87632,174324
enc_1600x900_5,1791063565.02,84668,170372
enc_1600x900_5,1791063565.12,84668,170372
enc_1600x900_5,1791063565.22,84668,170372
enc_1600x900_5,1791063565.32,96524,185952
enc_1600x900_5,1791063565.42,96556,186016
enc_1600x900_5,1791063565.52,93592,182216
enc_1600x900_5,1791063565.62,90660,178372
enc_1600x900_5,1791063565.72,90660,178372
enc_1600x900_5,1791063565.82,90660,178372
enc_1600x900_5,1791063565.93,90660,178372
enc_1600x900_5,1791063566.03,90660,178372
enc_1600x900_5,1791063566.13,90660,178372
enc_1600x900_5,1791063566.23,90660,178372
enc_1600x900_5,1791063566.33,90660,178372
enc_1600x900_5,1791063566.43,90660,178372
enc_1600x900_5,1791063566.53,87760,174484
enc_1600x900_5,1791063566.63,84796,170532
enc_1600x900_5,1791063566.73,84796,170532
enc_1600x900_5,1791063566.84,84796,170532
enc_1600x900_5,1791063566.94,101968,193412
enc_1600x900_5,1791063567.04,101968,193412
idle,1791063567.14,117016,213324
idle,1791063567.24,117016,213324
idle,1791063567.34,117016,213172
idle,1791063567.44,117016,213172
idle,1791063567.54,117016,213172
idle,1791063567.64,117080,213184
idle,1791063567.74,117080,213184
idle,1791063567.85,117080,213184
idle,1791063567.95,117080,213184
idle,1791063568.05,117080,213184
idle,1791063568.15,117080,213184
idle,1791063568.25,117080,213184
idle,1791063568.35,117080,213184
idle,1791063568.45,117080,213184
idle,1791063568.55,117080,213184
idle,1791063568.65,117792,214512
idle,1791063568.75,117792,214512
idle,1791063568.85,117792,214512
idle,1791063568.95,117792,214512
idle,1791063569.05,117792,214512
idle,1791063569.16,117792,214512
idle,1791063569.26,117792,214512
enc_1600x900_6,1791063569.36,117792,214740
enc_1600x900_6,1791063569.46,117792,214740
enc_1600x900_6,1791063569.56,117848,214744
enc_1600x900_6,1791063569.66,117848,214712
enc_1600x900_6,1791063569.76,116556,212888
enc_1600x900_6,1791063569.86,115188,211064
enc_1600x900_6,1791063569.96,114048,209736
enc_1600x900_6,1791063570.07,112908,209736
enc_1600x900_6,1791063570.17,108500,203808
enc_1600x900_6,1791063570.27,102508,195916
enc_1600x900_6,1791063570.37,96656,188164
enc_1600x900_6,1791063570.47,93692,184136
enc_1600x900_6,1791063570.57,90760,180332
enc_1600x900_6,1791063570.67,90760,180332
enc_1600x900_6,1791063570.77,90760,180332
enc_1600x900_6,1791063570.87,90760,180332
enc_1600x900_6,1791063570.97,90760,180332
enc_1600x900_6,1791063571.08,90760,180332
enc_1600x900_6,1791063571.18,90760,180332
enc_1600x900_6,1791063571.28,90760,180332
enc_1600x900_6,1791063571.38,87948,176532
enc_1600x900_6,1791063571.48,84984,172580
enc_1600x900_6,1791063571.58,84924,172520
enc_1600x900_6,1791063571.68,84924,172520
enc_1600x900_6,1791063571.78,96324,187644
enc_1600x900_6,1791063571.88,96388,187688
enc_1600x900_6,1791063571.99,93424,183888
enc_1600x900_6,1791063572.09,90536,180012
enc_1600x900_6,1791063572.19,90536,180012
enc_1600x900_6,1791063572.29,90536,180012
enc_1600x900_6,1791063572.39,90536,180012
enc_1600x900_6,1791063572.49,90536,180012
enc_1600x900_6,1791063572.59,90524,180000
enc_1600x900_6,1791063572.69,90524,180000
enc_1600x900_6,1791063572.79,90524,180000
enc_1600x900_6,1791063572.89,90524,180000
enc_1600x900_6,1791063573.00,87636,176200
enc_1600x900_6,1791063573.10,84672,172248
enc_1600x900_6,1791063573.20,84672,172248
enc_1600x900_6,1791063573.30,84672,172248
enc_1600x900_6,1791063573.40,94780,185776
enc_1600x900_6,1791063573.50,94780,185776
enc_1600x900_6,1791063573.60,93460,183924
enc_1600x900_6,1791063573.70,90572,180124
enc_1600x900_6,1791063573.81,90572,180124
enc_1600x900_6,1791063573.91,90572,180124
enc_1600x900_6,1791063574.01,90572,180124
enc_1600x900_6,1791063574.11,90572,180124
enc_1600x900_6,1791063574.21,90572,180124
enc_1600x900_6,1791063574.31,90572,180124
enc_1600x900_6,1791063574.41,90572,180000
enc_1600x900_6,1791063574.51,89052,178100
enc_1600x900_6,1791063574.61,84568,172168
enc_1600x900_6,1791063574.71,84568,172168
enc_1600x900_6,1791063574.82,84568,172168
enc_1600x900_6,1791063574.92,84568,172168
enc_1600x900_6,1791063575.02,94864,185768
enc_1600x900_6,1791063575.12,94864,185768
enc_1600x900_6,1791063575.22,93344,183944
enc_1600x900_6,1791063575.32,90456,180068
enc_1600x900_6,1791063575.42,90456,180068
enc_1600x900_6,1791063575.52,90456,180068
enc_1600x900_6,1791063575.62,90452,180064
enc_1600x900_6,1791063575.73,90452,180064
enc_1600x900_6,1791063575.83,90452,180064
enc_1600x900_6,1791063575.93,90452,180064
enc_1600x900_6,1791063576.03,90452,180064
enc_1600x900_6,1791063576.13,87640,176264
enc_1600x900_6,1791063576.23,84676,172312
enc_1600x900_6,1791063576.33,84676,172312
enc_1600x900_6,1791063576.43,84676,172312
enc_1600x900_6,1791063576.53,96152,187360
enc_1600x900_6,1791063576.64,100612,193420
idle,1791063576.74,114900,212496
idle,1791063576.84,114900,212420
idle,1791063576.94,114900,212372
idle,1791063577.04,114900,212372
idle,1791063577.14,114900,212372
idle,1791063577.24,114900,212372
idle,1791063577.34,114900,212372
idle,1791063577.44,114900,212372
idle,1791063577.54,114900,212372
idle,1791063577.64,114968,212428
idle,1791063577.75,114968,212688
idle,1791063577.85,114968,212688
idle,1791063577.95,114968,212688
idle,1791063578.05,114968,212688
idle,1791063578.15,114968,212688
idle,1791063578.25,114968,212688
idle,1791063578.35,114968,212688
idle,1791063578.45,114968,212688
idle,1791063578.55,114968,212688
idle,1791063578.65,114968,212688
idle,1791063578.75,115612,213924
idle,1791063578.85,115612,213924
enc_1600x900_7,1791063578.95,115764,214076
enc_1600x900_7,1791063579.06,114568,212204
enc_1600x900_7,1791063579.16,113124,210228
enc_1600x900_7,1791063579.26,112364,209316
enc_1600x900_7,1791063579.36,110540,206884
enc_1600x900_7,1791063579.46,109096,204908
enc_1600x900_7,1791063579.56,108096,203680
enc_1600x900_7,1791063579.66,107792,203224
enc_1600x900_7,1791063579.76,102624,196308
enc_1600x900_7,1791063579.86,96620,188252
enc_1600x900_7,1791063579.97,96620,188228
enc_1600x900_7,1791063580.07,90768,180400
enc_1600x900_7,1791063580.17,89324,178576
enc_1600x900_7,1791063580.27,89324,178576
enc_1600x900_7,1791063580.37,89324,178576
enc_1600x900_7,1791063580.47,89324,178576
enc_1600x900_7,1791063580.57,89324,178508
enc_1600x900_7,1791063580.67,89324,178508
enc_1600x900_7,1791063580.77,89324,178508
enc_1600x900_7,1791063580.87,89324,178508
enc_1600x900_7,1791063580.98,87956,176684
enc_1600x900_7,1791063581.08,83472,170756
enc_1600x900_7,1791063581.18,83472,170756
enc_1600x900_7,1791063581.28,83472,170756
enc_1600x900_7,1791063581.38,83472,170756
enc_1600x900_7,1791063581.48,95408,186604
enc_1600x900_7,1791063581.58,92416,182624
enc_1600x900_7,1791063581.68,88844,177836
enc_1600x900_7,1791063581.78,88844,177836
enc_1600x900_7,1791063581.89,88844,177836
enc_1600x900_7,1791063581.99,88844,177836
enc_1600x900_7,1791063582.09,88844,177836
enc_1600x900_7,1791063582.19,88844,177836
enc_1600x900_7,1791063582.29,88844,177836
enc_1600x900_7,1791063582.39,88844,177836
enc_1600x900_7,1791063582.49,88844,177836
enc_1600x900_7,1791063582.59,85872,173952
enc_1600x900_7,1791063582.69,82908,170000
enc_1600x900_7,1791063582.79,82908,170000
enc_1600x900_7,1791063582.90,82908,170000
enc_1600x900_7,1791063583.00,95296,185808
enc_1600x900_7,1791063583.10,95296,185840
enc_1600x900_7,1791063583.20,91952,182040
enc_1600x900_7,1791063583.30,88988,178088
enc_1600x900_7,1791063583.40,88988,178088
enc_1600x900_7,1791063583.50,88988,178088
enc_1600x900_7,1791063583.60,88928,178028
enc_1600x900_7,1791063583.70,88928,178028
enc_1600x900_7,1791063583.80,88928,178028
enc_1600x900_7,1791063583.91,88928,178028
enc_1600x900_7,1791063584.01,88928,178028
enc_1600x900_7,1791063584.11,88928,178028
enc_1600x900_7,1791063584.21,86040,174228
enc_1600x900_7,1791063584.31,83152,170276
enc_1600x900_7,1791063584.41,83152,170200
enc_1600x900_7,1791063584.51,83152,170200
enc_1600x900_7,1791063584.61,94416,184536
enc_1600x900_7,1791063584.71,90340,179888
enc_1600x900_7,1791063584.82,84412,171984
enc_1600x900_7,1791063584.92,83804,171148
enc_1600x900_7,1791063585.02,83804,171148
enc_1600x900_7,1791063585.12,83804,171148
enc_1600x900_7,1791063585.22,83804,171148
enc_1600x900_7,1791063585.32,83804,171148
enc_1600x900_7,1791063585.42,83804,171148
enc_1600x900_7,1791063585.52,83740,171084
enc_1600x900_7,1791063585.62,83740,172384
enc_1600x900_7,1791063585.72,83740,171548
enc_1600x900_7,1791063585.83,78876,164632
enc_1600x900_7,1791063585.93,78876,164632
enc_1600x900_7,1791063586.03,78876,164632
enc_1600x900_7,1791063586.13,78876,164632
enc_1600x900_7,1791063586.23,96024,187980
enc_1600x900_7,1791063586.33,96024,187980
idle,1791063586.43,108996,205556
idle,1791063586.53,109044,205560
idle,1791063586.63,110208,206972
idle,1791063586.74,110208,207100
idle,1791063586.84,110208,207100
idle,1791063586.94,110208,207100
idle,1791063587.04,110208,207100
idle,1791063587.14,110208,207100
idle,1791063587.24,110208,207100
idle,1791063587.34,110208,207100
idle,1791063587.44,110208,207100
idle,1791063587.54,110208,207100
idle,1791063587.64,110776,207964
idle,1791063587.74,110776,207964
idle,1791063587.85,110776,207964
idle,1791063587.95,110776,207964
idle,1791063588.05,110776,207964
idle,1791063588.15,110776,207964
idle,1791063588.25,110776,207964
idle,1791063588.35,110776,207964
idle,1791063588.45,110776,207964
idle,1791063588.55,111552,208988
enc_1600x900_8,1791063588.66,112008,209944
enc_1600x900_8,1791063588.76,112112,209920
enc_1600x900_8,1791063588.86,112112,209920
enc_1600x900_8,1791063588.96,112112,209616
enc_1600x900_8,1791063589.06,110896,207336
enc_1600x900_8,1791063589.16,109452,205360
enc_1600x900_8,1791063589.26,108084,203536
enc_1600x900_8,1791063589.36,107704,203004
enc_1600x900_8,1791063589.46,102460,196088
enc_1600x900_8,1791063589.56,96704,188424
enc_1600x900_8,1791063589.67,93896,184624
enc_1600x900_8,1791063589.77,87968,176720
enc_1600x900_8,1791063589.87,87968,176720
enc_1600x900_8,1791063589.97,87968,176720
enc_1600x900_8,1791063590.07,87968,176720
enc_1600x900_8,1791063590.17,87968,176720
enc_1600x900_8,1791063590.27,87968,176720
enc_1600x900_8,1791063590.37,87968,176720
enc_1600x900_8,1791063590.47,87968,176720
enc_1600x900_8,1791063590.58,87928,176680
enc_1600x900_8,1791063590.68,85676,173692
enc_1600x900_8,1791063590.78,82712,169740
enc_1600x900_8,1791063590.88,82712,169740
enc_1600x900_8,1791063590.98,82712,169740
enc_1600x900_8,1791063591.08,91376,181520
enc_1600x900_8,1791063591.18,90080,179612
enc_1600x900_8,1791063591.28,85672,173684
enc_1600x900_8,1791063591.38,82784,169808
enc_1600x900_8,1791063591.49,82784,169808
enc_1600x900_8,1791063591.59,83564,171168
enc_1600x900_8,1791063591.69,83564,171168
enc_1600x900_8,1791063591.79,83564,171168
enc_1600x900_8,1791063591.89,83564,171168
enc_1600x900_8,1791063591.99,83564,171168
enc_1600x900_8,1791063592.09,83564,171168
enc_1600x900_8,1791063592.19,83564,171168
enc_1600x900_8,1791063592.29,80904,167368
enc_1600x900_8,1791063592.39,77940,163416
enc_1600x900_8,1791063592.50,77940,163416
enc_1600x900_8,1791063592.60,77940,163356
enc_1600x900_8,1791063592.70,89196,178448
enc_1600x900_8,1791063592.80,92200,182416
enc_1600x900_8,1791063592.90,90832,180592
enc_1600x900_8,1791063593.00,87944,176716
enc_1600x900_8,1791063593.10,87944,176716
enc_1600x900_8,1791063593.20,87944,176716
enc_1600x900_8,1791063593.30,87944,176716
enc_1600x900_8,1791063593.40,87944,176868
enc_1600x900_8,1791063593.51,87944,176372
enc_1600x900_8,1791063593.61,87940,176436
enc_1600x900_8,1791063593.71,88072,176712
enc_1600x900_8,1791063593.81,88072,176712
enc_1600x900_8,1791063593.91,84956,172912
enc_1600x900_8,1791063594.01,81916,168960
enc_1600x900_8,1791063594.11,81916,168960
enc_1600x900_8,1791063594.21,81916,168960
enc_1600x900_8,1791063594.32,91340,180740
enc_1600x900_8,1791063594.42,91340,180740
enc_1600x900_8,1791063594.52,91340,180740
enc_1600x900_8,1791063594.62,87920,176912
enc_1600x900_8,1791063594.72,87920,176912
enc_1600x900_8,1791063594.82,87920,176912
enc_1600x900_8,1791063594.92,87920,176912
enc_1600x900_8,1791063595.02,87920,176912
enc_1600x900_8,1791063595.12,87920,176912
enc_1600x900_8,1791063595.22,87920,176912
enc_1600x900_8,1791063595.33,87920,176912
enc_1600x900_8,1791063595.43,86552,175088
enc_1600x900_8,1791063595.53,82068,169160
enc_1600x900_8,1791063595.63,82068,169100
enc_1600x900_8,1791063595.73,82068,169100
enc_1600x900_8,1791063595.83,90124,177536
enc_1600x900_8,1791063595.93,105780,198676
enc_1600x900_8,1791063596.03,114748,210456
idle,1791063596.13,120144,218816
idle,1791063596.24,119308,217904
idle,1791063596.34,119296,217892
idle,1791063596.44,119296,217892
idle,1791063596.54,119296,217892
idle,1791063596.64,119296,217892
idle,1791063596.74,119296,217892
idle,1791063596.84,119296,217892
idle,1791063596.94,119296,217892
idle,1791063597.04,119296,217892
idle,1791063597.14,119296,217892
idle,1791063597.24,119296,217892
idle,1791063597.34,119296,217892
idle,1791063597.44,119296,217892
idle,1791063597.54,119296,217892
idle,1791063597.65,119296,217892
idle,1791063597.75,119476,218540
idle,1791063597.85,119476,218540
idle,1791063597.95,119476,218540
idle,1791063598.05,119476,218540
idle,1791063598.15,119476,218540
enc_1600x900_9,1791063598.25,119552,218540
enc_1600x900_9,1791063598.35,118728,217704
enc_1600x900_9,1791063598.45,116296,214740
enc_1600x900_9,1791063598.55,115644,213864
enc_1600x900_9,1791063598.66,115252,213352
enc_1600x900_9,1791063598.76,113156,210516
enc_1600x900_9,1791063598.86,112472,209680
enc_1600x900_9,1791063598.96,111788,208692
enc_1600x900_9,1791063599.06,110572,207172
enc_1600x900_9,1791063599.16,100236,193340
enc_1600x900_9,1791063599.26,94388,185516
enc_1600x900_9,1791063599.36,88384,177536
enc_1600x900_9,1791063599.46,88080,177156
enc_1600x900_9,1791063599.57,88080,177148
enc_1600x900_9,1791063599.67,88080,177148
enc_1600x900_9,1791063599.77,88080,177148
enc_1600x900_9,1791063599.87,88080,177148
enc_1600x900_9,1791063599.97,88080,177148
enc_1600x900_9,1791063600.07,88080,177148
enc_1600x900_9,1791063600.17,88080,177148
enc_1600x900_9,1791063600.27,87472,176312
enc_1600x900_9,1791063600.37,82304,169396
enc_1600x900_9,1791063600.47,82304,169396
enc_1600x900_9,1791063600.58,82244,169336
enc_1600x900_9,1791063600.68,82244,169336
enc_1600x900_9,1791063600.78,95076,186500
enc_1600x900_9,1791063600.88,95076,186500
enc_1600x900_9,1791063600.98,89300,178748
enc_1600x900_9,1791063601.08,87856,176848
enc_1600x900_9,1791063601.18,87856,176848
enc_1600x900_9,1791063601.28,87856,176848
enc_1600x900_9,1791063601.38,87856,176848
enc_1600x900_9,1791063601.48,87856,176848
enc_1600x900_9,1791063601.59,87836,176828
enc_1600x900_9,1791063601.69,87836,176828
enc_1600x900_9,1791063601.79,87836,176828
enc_1600x900_9,1791063601.89,86468,175004
enc_1600x900_9,1791063601.99,82060,169076
enc_1600x900_9,1791063602.09,82060,169076
enc_1600x900_9,1791063602.19,82060,169076
enc_1600x900_9,1791063602.29,82060,169076
enc_1600x900_9,1791063602.39,94016,185016
enc_1600x900_9,1791063602.50,88164,177264
enc_1600x900_9,1791063602.60,88088,177128
enc_1600x900_9,1791063602.70,88088,177128
enc_1600x900_9,1791063602.80,88088,177128
enc_1600x900_9,1791063602.90,88088,177128
enc_1600x900_9,1791063603.00,88088,177128
enc_1600x900_9,1791063603.10,88088,177128
enc_1600x900_9,1791063603.20,88088,177128
enc_1600x900_9,1791063603.30,88088,177128
enc_1600x900_9,1791063603.40,88088,177128
enc_1600x900_9,1791063603.51,85200,173252
enc_1600x900_9,1791063603.61,82204,169268
enc_1600x900_9,1791063603.71,82204,169268
enc_1600x900_9,1791063603.81,82204,169268
enc_1600x900_9,1791063603.91,93964,185100
enc_1600x900_9,1791063604.01,93964,185100
enc_1600x900_9,1791063604.11,88264,177348
enc_1600x900_9,1791063604.21,87960,176968
enc_1600x900_9,1791063604.31,87908,176916
enc_1600x900_9,1791063604.41,87908,176916
enc_1600x900_9,1791063604.52,87908,176916
enc_1600x900_9,1791063604.62,87908,176916
enc_1600x900_9,1791063604.72,87908,176916
enc_1600x900_9,1791063604.82,87932,177040
enc_1600x900_9,1791063604.92,87932,177040
enc_1600x900_9,1791063605.02,87932,177040
enc_1600x900_9,1791063605.12,86640,175216
enc_1600x900_9,1791063605.22,85196,173240
enc_1600x900_9,1791063605.32,85196,173240
enc_1600x900_9,1791063605.43,85196,173240
enc_1600x900_9,1791063605.53,97988,190396
enc_1600x900_9,1791063605.63,97988,190548
idle,1791063605.73,114100,211828
idle,1791063605.83,114100,211828
idle,1791063605.93,114168,212044
idle,1791063606.03,114168,212044
idle,1791063606.13,114168,212044
idle,1791063606.23,114168,212044
idle,1791063606.33,114168,212044
idle,1791063606.43,114168,212044
idle,1791063606.54,114168,212044
idle,1791063606.64,114168,212044
idle,1791063606.74,114168,212096
idle,1791063606.84,114168,212096
idle,1791063606.94,114168,212096
idle,1791063607.04,114168,212096
idle,1791063607.14,114168,212096
idle,1791063607.24,114168,212096
idle,1791063607.34,114168,212096
idle,1791063607.44,114168,212096
idle,1791063607.54,114168,212096
idle,1791063607.64,114168,212096
idle,1791063607.74,114796,213228
idle,1791063607.84,114796,213228
enc_1600x900_10,1791063607.95,114872,213076
enc_1600x900_10,1791063608.05,113588,211128
enc_1600x900_10,1791063608.15,112752,210064
enc_1600x900_10,1791063608.25,111612,208544
enc_1600x900_10,1791063608.35,110168,206568
enc_1600x900_10,1791063608.45,108420,204212
enc_1600x900_10,1791063608.55,107440,202912
enc_1600x900_10,1791063608.65,106300,201468
enc_1600x900_10,1791063608.75,98852,191512
enc_1600x900_10,1791063608.86,96316,188096
enc_1600x900_10,1791063608.96,93352,184220
enc_1600x900_10,1791063609.06,87348,176316
enc_1600x900_10,1791063609.16,87348,176316
enc_1600x900_10,1791063609.26,87348,176316
enc_1600x900_10,1791063609.36,87348,176316
enc_1600x900_10,1791063609.46,87348,176316
enc_1600x900_10,1791063609.56,87348,176268
enc_1600x900_10,1791063609.66,87348,176268
enc_1600x900_10,1791063609.76,87720,176996
enc_1600x900_10,1791063609.87,87720,176996
enc_1600x900_10,1791063609.97,86504,175172
enc_1600x900_10,1791063610.07,82096,169244
enc_1600x900_10,1791063610.17,82096,169244
enc_1600x900_10,1791063610.27,82096,169244
enc_1600x900_10,1791063610.37,91368,180280
enc_1600x900_10,1791063610.47,92512,183184
enc_1600x900_10,1791063610.57,89564,179172
enc_1600x900_10,1791063610.68,86676,175372
enc_1600x900_10,1791063610.78,87172,176116
enc_1600x900_10,1791063610.88,87172,176116
enc_1600x900_10,1791063610.98,87172,176116
enc_1600x900_10,1791063611.08,87172,176116
enc_1600x900_10,1791063611.18,87172,176116
enc_1600x900_10,1791063611.28,87172,176116
enc_1600x900_10,1791063611.38,87172,176116
enc_1600x900_10,1791063611.48,87172,176116
enc_1600x900_10,1791063611.58,84384,172264
enc_1600x900_10,1791063611.69,81344,168312
enc_1600x900_10,1791063611.79,81344,168312
enc_1600x900_10,1791063611.89,81488,168416
enc_1600x900_10,1791063611.99,92508,182172
enc_1600x900_10,1791063612.09,92508,182172
enc_1600x900_10,1791063612.19,89012,178448
enc_1600x900_10,1791063612.29,86048,174572
enc_1600x900_10,1791063612.39,86048,174572
enc_1600x900_10,1791063612.49,86048,174572
enc_1600x900_10,1791063612.59,86048,174556
enc_1600x900_10,1791063612.70,86048,174556
enc_1600x900_10,1791063612.80,86048,174556
enc_1600x900_10,1791063612.90,86048,174556
enc_1600x900_10,1791063613.00,86048,174556
enc_1600x900_10,1791063613.10,86048,174556
enc_1600x900_10,1791063613.20,83160,170756
enc_1600x900_10,1791063613.30,80272,166804
enc_1600x900_10,1791063613.40,80272,166804
enc_1600x900_10,1791063613.50,80212,166744
enc_1600x900_10,1791063613.61,95200,185884
enc_1600x900_10,1791063613.71,95200,185884
enc_1600x900_10,1791063613.81,88740,178132
enc_1600x900_10,1791063613.91,87296,176232
enc_1600x900_10,1791063614.01,87296,176232
enc_1600x900_10,1791063614.11,87296,176232
enc_1600x900_10,1791063614.21,87296,176232
enc_1600x900_10,1791063614.31,87296,176232
enc_1600x900_10,1791063614.41,87296,176232
enc_1600x900_10,1791063614.51,87296,176232
enc_1600x900_10,1791063614.62,87276,176136
enc_1600x900_10,1791063614.72,85832,174264
enc_1600x900_10,1791063614.82,81348,168336
enc_1600x900_10,1791063614.92,81348,168336
enc_1600x900_10,1791063615.02,81348,168336
enc_1600x900_10,1791063615.12,81348,168336
enc_1600x900_10,1791063615.22,98772,190668
enc_1600x900_10,1791063615.32,98772,190668
idle,1791063615.42,112528,209896
idle,1791063615.53,111084,207920
idle,1791063615.63,111292,208680
idle,1791063615.73,111292,208680
idle,1791063615.83,111292,208680
idle,1791063615.93,111292,208680
idle,1791063616.03,111292,208680
idle,1791063616.13,111292,208680
idle,1791063616.23,111292,208680
idle,1791063616.33,111292,208680
idle,1791063616.43,111292,208680
idle,1791063616.53,111292,208680
idle,1791063616.63,111656,210004
idle,1791063616.73,111656,210080
idle,1791063616.84,111656,210080
idle,1791063616.94,111656,210080
idle,1791063617.04,111656,210080
idle,1791063617.14,111656,210080
idle,1791063617.24,111656,210080
idle,1791063617.34,111656,210080
idle,1791063617.44,111656,210080
enc_2304x1296_1,1791063617.54,112568,211248
enc_2304x1296_1,1791063617.64,112632,211492
enc_2304x1296_1,1791063617.74,112404,209668
enc_2304x1296_1,1791063617.84,111188,208228
enc_2304x1296_1,1791063617.95,108908,205264
enc_2304x1296_1,1791063618.05,108452,204580
enc_2304x1296_1,1791063618.15,106780,202376
enc_2304x1296_1,1791063618.25,106020,201388
enc_2304x1296_1,1791063618.35,104880,199868
enc_2304x1296_1,1791063618.45,97508,189988
enc_2304x1296_1,1791063618.55,88612,178456
enc_2304x1296_1,1791063618.65,88528,178784
enc_2304x1296_1,1791063618.75,79788,167384
enc_2304x1296_1,1791063618.86,79788,167384
enc_2304x1296_1,1791063618.96,72644,157808
enc_2304x1296_1,1791063619.06,72644,157808
enc_2304x1296_1,1791063619.16,63676,146104
enc_2304x1296_1,1791063619.26,63676,146104
enc_2304x1296_1,1791063619.36,63676,146104
enc_2304x1296_1,1791063619.46,63676,146104
enc_2304x1296_1,1791063619.56,63648,146084
enc_2304x1296_1,1791063619.66,64036,146732
enc_2304x1296_1,1791063619.76,64036,146732
enc_2304x1296_1,1791063619.87,64036,146732
enc_2304x1296_1,1791063619.97,64036,146732
enc_2304x1296_1,1791063620.07,64148,146732
enc_2304x1296_1,1791063620.17,64148,146732
enc_2304x1296_1,1791063620.27,64148,146732
enc_2304x1296_1,1791063620.37,64148,146732
enc_2304x1296_1,1791063620.47,64148,146732
enc_2304x1296_1,1791063620.57,65400,148512
enc_2304x1296_1,1791063620.67,65400,148512
enc_2304x1296_1,1791063620.78,65472,148512
enc_2304x1296_1,1791063620.88,65472,148512
enc_2304x1296_1,1791063620.98,64256,146688
enc_2304x1296_1,1791063621.08,58328,140760
enc_2304x1296_1,1791063621.18,58328,140760
enc_2304x1296_1,1791063621.28,58328,140760
enc_2304x1296_1,1791063621.38,58328,140760
enc_2304x1296_1,1791063621.48,58328,140760
enc_2304x1296_1,1791063621.58,58584,141108
enc_2304x1296_1,1791063621.68,58584,141108
enc_2304x1296_1,1791063621.79,92772,184044
enc_2304x1296_1,1791063621.89,83424,172264
enc_2304x1296_1,1791063621.99,83424,172264
enc_2304x1296_1,1791063622.09,74532,160408
enc_2304x1296_1,1791063622.19,76204,161192
enc_2304x1296_1,1791063622.29,67312,150780
enc_2304x1296_1,1791063622.39,67312,150780
enc_2304x1296_1,1791063622.49,67312,150780
enc_2304x1296_1,1791063622.59,67340,150808
enc_2304x1296_1,1791063622.70,67340,150808
enc_2304x1296_1,1791063622.80,67340,150808
enc_2304x1296_1,1791063622.90,67340,150808
enc_2304x1296_1,1791063623.00,67340,150808
enc_2304x1296_1,1791063623.10,67340,150808
enc_2304x1296_1,1791063623.20,67340,150808
enc_2304x1296_1,1791063623.30,67340,150808
enc_2304x1296_1,1791063623.40,67340,150808
enc_2304x1296_1,1791063623.50,67340,150808
enc_2304x1296_1,1791063623.60,67340,150808
enc_2304x1296_1,1791063623.71,67340,150808
enc_2304x1296_1,1791063623.81,67340,150808
enc_2304x1296_1,1791063623.91,67340,150808
enc_2304x1296_1,1791063624.01,67340,150712
enc_2304x1296_1,1791063624.11,64452,146912
enc_2304x1296_1,1791063624.21,63920,145620
enc_2304x1296_1,1791063624.31,70108,146140
enc_2304x1296_1,1791063624.41,70108,146140
enc_2304x1296_1,1791063624.51,70108,146140
enc_2304x1296_1,1791063624.62,70076,146184
enc_2304x1296_1,1791063624.72,70076,146204
enc_2304x1296_1,1791063624.82,70076,146204
enc_2304x1296_1,1791063624.92,105836,191480
enc_2304x1296_1,1791063625.02,96412,179700
enc_2304x1296_1,1791063625.12,96412,179700
enc_2304x1296_1,1791063625.22,87520,167844
enc_2304x1296_1,1791063625.32,87520,167844
enc_2304x1296_1,1791063625.42,78704,156064
enc_2304x1296_1,1791063625.53,78704,156064
enc_2304x1296_1,1791063625.63,78704,156064
enc_2304x1296_1,1791063625.73,78656,156064
enc_2304x1296_1,1791063625.83,78656,156064
enc_2304x1296_1,1791063625.93,78656,156064
enc_2304x1296_1,1791063626.03,78656,156064
enc_2304x1296_1,1791063626.13,78656,156064
enc_2304x1296_1,1791063626.23,78656,156064
enc_2304x1296_1,1791063626.33,78656,156064
enc_2304x1296_1,1791063626.43,78656,156064
enc_2304x1296_1,1791063626.54,78656,156064
enc_2304x1296_1,1791063626.64,78656,156064
enc_2304x1296_1,1791063626.74,78656,156064
enc_2304x1296_1,1791063626.84,78656,156064
enc_2304x1296_1,1791063626.94,78656,156064
enc_2304x1296_1,1791063627.04,78656,156064
enc_2304x1296_1,1791063627.14,78656,156064
enc_2304x1296_1,1791063627.24,77288,154240
enc_2304x1296_1,1791063627.34,72804,148312
enc_2304x1296_1,1791063627.44,72804,148312
enc_2304x1296_1,1791063627.55,72804,148252
enc_2304x1296_1,1791063627.65,72804,148252
enc_2304x1296_1,1791063627.75,72804,148252
enc_2304x1296_1,1791063627.85,72804,148252
enc_2304x1296_1,1791063627.95,72804,148252
enc_2304x1296_1,1791063628.05,104852,190052
enc_2304x1296_1,1791063628.15,95580,178272
enc_2304x1296_1,1791063628.25,95580,178272
enc_2304x1296_1,1791063628.35,86688,166416
enc_2304x1296_1,1791063628.46,86688,166416
enc_2304x1296_1,1791063628.56,77848,154584
enc_2304x1296_1,1791063628.66,77848,154584
enc_2304x1296_1,1791063628.76,77848,154488
enc_2304x1296_1,1791063628.86,77848,154488
enc_2304x1296_1,1791063628.96,77848,154488
enc_2304x1296_1,1791063629.06,77848,154488
enc_2304x1296_1,1791063629.16,77848,154488
enc_2304x1296_1,1791063629.26,77848,154488
enc_2304x1296_1,1791063629.36,77848,154488
enc_2304x1296_1,1791063629.47,77848,154488
enc_2304x1296_1,1791063629.57,77848,154488
enc_2304x1296_1,1791063629.67,77848,154488
enc_2304x1296_1,1791063629.77,77848,154488
enc_2304x1296_1,1791063629.87,77848,154488
enc_2304x1296_1,1791063629.97,77848,154488
enc_2304x1296_1,1791063630.07,77848,154488
enc_2304x1296_1,1791063630.17,77848,154488
enc_2304x1296_1,1791063630.27,77848,154488
enc_2304x1296_1,1791063630.38,76936,154412
enc_2304x1296_1,1791063630.48,74352,150916
enc_2304x1296_1,1791063630.58,71312,146904
enc_2304x1296_1,1791063630.68,71312,146904
enc_2304x1296_1,1791063630.78,71280,146980
enc_2304x1296_1,1791063630.88,71280,146980
enc_2304x1296_1,1791063630.98,71280,146980
enc_2304x1296_1,1791063631.08,71280,146980
enc_2304x1296_1,1791063631.18,115240,204952
enc_2304x1296_1,1791063631.28,115240,204952
idle,1791063631.39,130364,225852
idle,1791063631.49,129072,224044
idle,1791063631.59,128796,223656
idle,1791063631.69,128796,223656
idle,1791063631.79,128796,223656
idle,1791063631.89,128796,223656
idle,1791063631.99,128796,223656
idle,1791063632.09,128796,223656
idle,1791063632.19,128796,223656
idle,1791063632.29,128796,223656
idle,1791063632.39,128796,223656
idle,1791063632.49,128796,223656
idle,1791063632.60,128796,223656
idle,1791063632.70,128796,223656
idle,1791063632.80,128796,223656
idle,1791063632.90,128796,223656
idle,1791063633.00,128796,223656
idle,1791063633.10,128796,223656
idle,1791063633.20,128796,223656
idle,1791063633.30,128796,223656
idle,1791063633.40,128796,223656
idle,1791063633.50,128796,223656
enc_2304x1296_2,1791063633.60,128112,222820
enc_2304x1296_2,1791063633.70,122944,215904
enc_2304x1296_2,1791063633.81,122944,215904
enc_2304x1296_2,1791063633.91,122944,215904
enc_2304x1296_2,1791063634.01,121500,214004
enc_2304x1296_2,1791063634.11,120056,212028
enc_2304x1296_2,1791063634.21,118688,210204
enc_2304x1296_2,1791063634.31,117548,208684
enc_2304x1296_2,1791063634.41,113064,202756
enc_2304x1296_2,1791063634.51,101132,186872
enc_2304x1296_2,1791063634.61,100812,186464
enc_2304x1296_2,1791063634.72,88956,170656
enc_2304x1296_2,1791063634.82,88956,170656
enc_2304x1296_2,1791063634.92,80064,158800
enc_2304x1296_2,1791063635.02,80064,158800
enc_2304x1296_2,1791063635.12,74212,150972
enc_2304x1296_2,1791063635.22,74212,150972
enc_2304x1296_2,1791063635.32,74212,150972
enc_2304x1296_2,1791063635.42,74212,150972
enc_2304x1296_2,1791063635.52,74172,150932
enc_2304x1296_2,1791063635.62,74172,150932
enc_2304x1296_2,1791063635.73,74172,150932
enc_2304x1296_2,1791063635.83,74172,150932
enc_2304x1296_2,1791063635.93,74172,150932
enc_2304x1296_2,1791063636.03,74172,150932
enc_2304x1296_2,1791063636.13,74172,150932
enc_2304x1296_2,1791063636.23,74172,150932
enc_2304x1296_2,1791063636.33,74172,150932
enc_2304x1296_2,1791063636.43,74172,150932
enc_2304x1296_2,1791063636.53,74172,150932
enc_2304x1296_2,1791063636.63,74172,150932
enc_2304x1296_2,1791063636.74,74172,150932
enc_2304x1296_2,1791063636.84,74172,150932
enc_2304x1296_2,1791063636.94,71284,147132
enc_2304x1296_2,1791063637.04,68396,143180
enc_2304x1296_2,1791063637.14,65356,139152
enc_2304x1296_2,1791063637.24,65356,139152
enc_2304x1296_2,1791063637.34,65356,139152
enc_2304x1296_2,1791063637.44,65356,139152
enc_2304x1296_2,1791063637.54,65356,139152
enc_2304x1296_2,1791063637.65,65356,139152
enc_2304x1296_2,1791063637.75,98580,183480
enc_2304x1296_2,1791063637.85,89688,171708
enc_2304x1296_2,1791063637.95,89688,171708
enc_2304x1296_2,1791063638.05,80872,159852
enc_2304x1296_2,1791063638.15,80872,159852
enc_2304x1296_2,1791063638.25,72968,149364
enc_2304x1296_2,1791063638.35,72968,149364
enc_2304x1296_2,1791063638.45,72968,149364
enc_2304x1296_2,1791063638.56,72984,149380
enc_2304x1296_2,1791063638.66,72984,149380
enc_2304x1296_2,1791063638.76,72984,149380
enc_2304x1296_2,1791063638.86,72984,149380
enc_2304x1296_2,1791063638.96,72984,149380
enc_2304x1296_2,1791063639.06,72984,149380
enc_2304x1296_2,1791063639.16,72984,149380
enc_2304x1296_2,1791063639.26,72984,149380
enc_2304x1296_2,1791063639.36,72984,149380
enc_2304x1296_2,1791063639.46,72984,149380
enc_2304x1296_2,1791063639.57,72984,149380
enc_2304x1296_2,1791063639.67,72984,149380
enc_2304x1296_2,1791063639.77,72984,149380
enc_2304x1296_2,1791063639.87,72984,149380
enc_2304x1296_2,1791063639.97,72984,149380
enc_2304x1296_2,1791063640.07,70172,145580
enc_2304x1296_2,1791063640.17,67132,141628
enc_2304x1296_2,1791063640.27,67132,141628
enc_2304x1296_2,1791063640.37,67132,141628
enc_2304x1296_2,1791063640.48,67132,141628
enc_2304x1296_2,1791063640.58,67132,141628
enc_2304x1296_2,1791063640.68,67132,141628
enc_2304x1296_2,1791063640.78,67132,141568
enc_2304x1296_2,1791063640.88,97240,181688
enc_2304x1296_2,1791063640.98,88348,169908
enc_2304x1296_2,1791063641.08,88348,169908
enc_2304x1296_2,1791063641.18,79456,157976
enc_2304x1296_2,1791063641.28,79456,157976
enc_2304x1296_2,1791063641.39,73680,150224
enc_2304x1296_2,1791063641.49,73680,150224
enc_2304x1296_2,1791063641.59,73612,150156
enc_2304x1296_2,1791063641.69,73612,150156
enc_2304x1296_2,1791063641.79,73612,150156
enc_2304x1296_2,1791063641.89,73612,150156
enc_2304x1296_2,1791063641.99,73612,150156
enc_2304x1296_2,1791063642.09,73612,150156
enc_2304x1296_2,1791063642.19,73612,150156
enc_2304x1296_2,1791063642.29,73612,150156
enc_2304x1296_2,1791063642.40,73612,150156
enc_2304x1296_2,1791063642.50,73612,150156
enc_2304x1296_2,1791063642.60,73612,150156
enc_2304x1296_2,1791063642.70,73612,150156
enc_2304x1296_2,1791063642.80,73612,150156
enc_2304x1296_2,1791063642.90,73612,150156
enc_2304x1296_2,1791063643.00,73612,150156
enc_2304x1296_2,1791063643.10,73612,150156
enc_2304x1296_2,1791063643.20,70724,146356
enc_2304x1296_2,1791063643.31,67760,142404
enc_2304x1296_2,1791063643.41,67760,142404
enc_2304x1296_2,1791063643.51,67760,142404
enc_2304x1296_2,1791063643.61,67700,142344
enc_2304x1296_2,1791063643.71,67700,142344
enc_2304x1296_2,1791063643.81,67700,142344
enc_2304x1296_2,1791063643.91,64736,138392
enc_2304x1296_2,1791063644.01,95772,179764
enc_2304x1296_2,1791063644.11,89768,171784
enc_2304x1296_2,1791063644.22,86880,167832
enc_2304x1296_2,1791063644.32,80876,159928
enc_2304x1296_2,1791063644.42,80876,159928
enc_2304x1296_2,1791063644.52,73276,149768
enc_2304x1296_2,1791063644.62,73276,149768
enc_2304x1296_2,1791063644.72,73276,149768
enc_2304x1296_2,1791063644.82,73276,149768
enc_2304x1296_2,1791063644.92,73276,149768
enc_2304x1296_2,1791063645.02,73276,149768
enc_2304x1296_2,1791063645.12,73276,149768
enc_2304x1296_2,1791063645.23,73276,149768
enc_2304x1296_2,1791063645.33,73276,149768
enc_2304x1296_2,1791063645.43,73276,149768
enc_2304x1296_2,1791063645.53,73276,149768
enc_2304x1296_2,1791063645.63,73276,149768
enc_2304x1296_2,1791063645.73,73276,149768
enc_2304x1296_2,1791063645.83,73276,149768
enc_2304x1296_2,1791063645.93,73276,149768
enc_2304x1296_2,1791063646.03,73276,149768
enc_2304x1296_2,1791063646.13,73276,149768
enc_2304x1296_2,1791063646.24,73276,149768
enc_2304x1296_2,1791063646.34,67500,142016
enc_2304x1296_2,1791063646.44,67500,142016
enc_2304x1296_2,1791063646.54,67440,141956
enc_2304x1296_2,1791063646.64,67440,141956
enc_2304x1296_2,1791063646.74,67440,142036
enc_2304x1296_2,1791063646.84,67440,142036
enc_2304x1296_2,1791063646.94,67440,142036
enc_2304x1296_2,1791063647.04,98904,184140
enc_2304x1296_2,1791063647.15,112280,202012
enc_2304x1296_2,1791063647.25,112280,202012
idle,1791063647.35,126188,220252
idle,1791063647.45,125428,219264
idle,1791063647.55,125428,219264
idle,1791063647.65,125360,219216
idle,1791063647.75,125360,219216
idle,1791063647.85,125360,219216
idle,1791063647.95,125360,219216
idle,1791063648.05,125360,219216
idle,1791063648.15,125360,219216
idle,1791063648.26,125360,219216
idle,1791063648.36,125360,219216
idle,1791063648.46,125360,219216
idle,1791063648.56,125360,219216
idle,1791063648.66,125360,219216
idle,1791063648.76,125360,219216
idle,1791063648.86,125360,219216
idle,1791063648.96,125360,219216
idle,1791063649.06,125360,219216
idle,1791063649.16,125360,219216
idle,1791063649.26,125360,219216
idle,1791063649.36,125360,219216
enc_2304x1296_3,1791063649.46,125360,219216
enc_2304x1296_3,1791063649.57,125360,219220
enc_2304x1296_3,1791063649.67,122472,215420
enc_2304x1296_3,1791063649.77,122244,215040
enc_2304x1296_3,1791063649.87,121104,213520
enc_2304x1296_3,1791063649.97,118520,210100
enc_2304x1296_3,1791063650.07,117836,209188
enc_2304x1296_3,1791063650.17,117076,208200
enc_2304x1296_3,1791063650.27,114568,204780
enc_2304x1296_3,1791063650.38,105600,192848
enc_2304x1296_3,1791063650.48,96632,180916
enc_2304x1296_3,1791063650.58,93824,177120
enc_2304x1296_3,1791063650.68,90784,173092
enc_2304x1296_3,1791063650.78,87820,169140
enc_2304x1296_3,1791063650.88,81892,161236
enc_2304x1296_3,1791063650.98,81208,160324
enc_2304x1296_3,1791063651.08,74064,150748
enc_2304x1296_3,1791063651.18,74064,150748
enc_2304x1296_3,1791063651.29,74064,150748
enc_2304x1296_3,1791063651.39,74064,150748
enc_2304x1296_3,1791063651.49,74064,150748
enc_2304x1296_3,1791063651.59,74064,150776
enc_2304x1296_3,1791063651.69,74064,150776
enc_2304x1296_3,1791063651.79,74064,150776
enc_2304x1296_3,1791063651.89,74064,150776
enc_2304x1296_3,1791063651.99,74064,150776
enc_2304x1296_3,1791063652.09,74064,150776
enc_2304x1296_3,1791063652.19,74064,150776
enc_2304x1296_3,1791063652.30,74064,150776
enc_2304x1296_3,1791063652.40,74064,150776
enc_2304x1296_3,1791063652.50,74064,150776
enc_2304x1296_3,1791063652.60,74064,150776
enc_2304x1296_3,1791063652.70,74064,150776
enc_2304x1296_3,1791063652.80,74064,150776
enc_2304x1296_3,1791063652.90,71176,146976
enc_2304x1296_3,1791063653.00,68212,143024
enc_2304x1296_3,1791063653.10,68212,143024
enc_2304x1296_3,1791063653.20,68212,143024
enc_2304x1296_3,1791063653.31,68212,143024
enc_2304x1296_3,1791063653.41,68212,143024
enc_2304x1296_3,1791063653.51,68212,143024
enc_2304x1296_3,1791063653.61,98020,183948
enc_2304x1296_3,1791063653.71,92400,176000
enc_2304x1296_3,1791063653.81,89360,172004
enc_2304x1296_3,1791063653.91,86396,168052
enc_2304x1296_3,1791063654.01,80544,159996
enc_2304x1296_3,1791063654.12,80164,159616
enc_2304x1296_3,1791063654.22,74540,152168
enc_2304x1296_3,1791063654.32,74540,152168
enc_2304x1296_3,1791063654.42,74540,152168
enc_2304x1296_3,1791063654.52,74540,152168
enc_2304x1296_3,1791063654.62,74528,152156
enc_2304x1296_3,1791063654.72,74528,152156
enc_2304x1296_3,1791063654.82,74528,152232
enc_2304x1296_3,1791063654.92,74528,152296
enc_2304x1296_3,1791063655.02,74528,152296
enc_2304x1296_3,1791063655.13,74528,152296
enc_2304x1296_3,1791063655.23,74528,152296
enc_2304x1296_3,1791063655.33,74528,152296
enc_2304x1296_3,1791063655.43,74528,152296
enc_2304x1296_3,1791063655.53,74528,152296
enc_2304x1296_3,1791063655.63,74528,152360
enc_2304x1296_3,1791063655.73,74528,152360
enc_2304x1296_3,1791063655.83,74528,152360
enc_2304x1296_3,1791063655.93,74528,152360
enc_2304x1296_3,1791063656.03,68676,144608
enc_2304x1296_3,1791063656.14,68676,144608
enc_2304x1296_3,1791063656.24,68676,144608
enc_2304x1296_3,1791063656.34,68676,144608
enc_2304x1296_3,1791063656.44,68676,144608
enc_2304x1296_3,1791063656.54,68616,144548
enc_2304x1296_3,1791063656.64,68616,144548
enc_2304x1296_3,1791063656.74,92252,175784
enc_2304x1296_3,1791063656.84,90580,173808
enc_2304x1296_3,1791063656.94,90580,173808
enc_2304x1296_3,1791063657.05,84576,165828
enc_2304x1296_3,1791063657.15,81612,161876
enc_2304x1296_3,1791063657.25,75760,154048
enc_2304x1296_3,1791063657.35,75760,154048
enc_2304x1296_3,1791063657.45,75760,154048
enc_2304x1296_3,1791063657.55,75740,154028
enc_2304x1296_3,1791063657.65,75740,154028
enc_2304x1296_3,1791063657.75,75740,154028
enc_2304x1296_3,1791063657.85,75740,154028
enc_2304x1296_3,1791063657.96,75740,154028
enc_2304x1296_3,1791063658.06,75740,154028
enc_2304x1296_3,1791063658.16,75740,154028
enc_2304x1296_3,1791063658.26,75740,154028
enc_2304x1296_3,1791063658.36,75740,154028
enc_2304x1296_3,1791063658.46,75740,154028
enc_2304x1296_3,1791063658.56,75740,154028
enc_2304x1296_3,1791063658.66,75740,154028
enc_2304x1296_3,1791063658.76,75740,154028
enc_2304x1296_3,1791063658.86,75740,154028
enc_2304x1296_3,1791063658.97,75740,154028
enc_2304x1296_3,1791063659.07,74372,152204
enc_2304x1296_3,1791063659.17,69964,146276
enc_2304x1296_3,1791063659.27,66924,142248
enc_2304x1296_3,1791063659.37,66924,142248
enc_2304x1296_3,1791063659.47,66924,142248
enc_2304x1296_3,1791063659.57,66924,142248
enc_2304x1296_3,1791063659.67,66924,142248
enc_2304x1296_3,1791063659.77,66924,142248
enc_2304x1296_3,1791063659.87,92080,175840
enc_2304x1296_3,1791063659.98,90788,174092
enc_2304x1296_3,1791063660.08,90788,174092
enc_2304x1296_3,1791063660.18,84860,166112
enc_2304x1296_3,1791063660.28,81820,162160
enc_2304x1296_3,1791063660.38,73916,151520
enc_2304x1296_3,1791063660.48,73916,151520
enc_2304x1296_3,1791063660.58,73916,151564
enc_2304x1296_3,1791063660.68,73916,151564
enc_2304x1296_3,1791063660.78,73916,151564
enc_2304x1296_3,1791063660.89,73916,151564
enc_2304x1296_3,1791063660.99,73916,151564
enc_2304x1296_3,1791063661.09,73916,151564
enc_2304x1296_3,1791063661.19,73916,151564
enc_2304x1296_3,1791063661.29,73916,151564
enc_2304x1296_3,1791063661.39,73916,151564
enc_2304x1296_3,1791063661.49,73916,151564
enc_2304x1296_3,1791063661.59,73916,151564
enc_2304x1296_3,1791063661.69,73916,151564
enc_2304x1296_3,1791063661.79,73916,151564
enc_2304x1296_3,1791063661.90,73916,151564
enc_2304x1296_3,1791063662.00,73916,151564
enc_2304x1296_3,1791063662.10,73916,151564
enc_2304x1296_3,1791063662.20,73688,151260
enc_2304x1296_3,1791063662.30,71028,147764
enc_2304x1296_3,1791063662.40,68064,143812
enc_2304x1296_3,1791063662.50,68064,143812
enc_2304x1296_3,1791063662.60,68064,143752
enc_2304x1296_3,1791063662.70,68064,143752
enc_2304x1296_3,1791063662.80,68064,143752
enc_2304x1296_3,1791063662.91,68064,143752
enc_2304x1296_3,1791063663.01,100076,186908
enc_2304x1296_3,1791063663.11,111552,202488
idle,1791063663.21,126524,222552
idle,1791063663.31,125764,220728
idle,1791063663.41,125764,220728
idle,1791063663.51,125764,220728
idle,1791063663.61,125760,220720
idle,1791063663.71,125760,220720
idle,1791063663.81,125760,220720
idle,1791063663.92,125760,220720
idle,1791063664.02,125760,220720
idle,1791063664.12,125760,220720
idle,1791063664.22,125760,220720
idle,1791063664.32,125760,220720
idle,1791063664.42,125760,220720
idle,1791063664.52,125760,220720
idle,1791063664.62,125760,220720
idle,1791063664.72,125760,220720
idle,1791063664.82,125760,220720
idle,1791063664.92,125760,220720
idle,1791063665.02,125760,220720
idle,1791063665.13,125760,220720
idle,1791063665.23,125760,220720
idle,1791063665.33,125760,220720
enc_2304x1296_4,1791063665.43,125760,220720
enc_2304x1296_4,1791063665.53,122948,216920
enc_2304x1296_4,1791063665.63,122752,216724
enc_2304x1296_4,1791063665.73,121004,214368
enc_2304x1296_4,1791063665.83,119484,212392
enc_2304x1296_4,1791063665.93,117736,210036
enc_2304x1296_4,1791063666.03,116672,208592
enc_2304x1296_4,1791063666.13,116292,208060
enc_2304x1296_4,1791063666.24,111048,201144
enc_2304x1296_4,1791063666.34,99192,185260
enc_2304x1296_4,1791063666.44,99040,185184
enc_2304x1296_4,1791063666.54,87244,169336
enc_2304x1296_4,1791063666.64,87244,169336
enc_2304x1296_4,1791063666.74,81240,161432
enc_2304x1296_4,1791063666.84,78352,157480
enc_2304x1296_4,1791063666.94,72424,149652
enc_2304x1296_4,1791063667.04,72424,149652
enc_2304x1296_4,1791063667.15,72424,149652
enc_2304x1296_4,1791063667.25,72424,149652
enc_2304x1296_4,1791063667.35,72424,149652
enc_2304x1296_4,1791063667.45,72424,149652
enc_2304x1296_4,1791063667.55,72424,149620
enc_2304x1296_4,1791063667.65,72424,149620
enc_2304x1296_4,1791063667.75,72424,149620
enc_2304x1296_4,1791063667.85,72424,149620
enc_2304x1296_4,1791063667.95,72424,149620
enc_2304x1296_4,1791063668.05,72424,149620
enc_2304x1296_4,1791063668.16,72424,149620
enc_2304x1296_4,1791063668.26,72424,149620
enc_2304x1296_4,1791063668.36,72424,149620
enc_2304x1296_4,1791063668.46,72424,149620
enc_2304x1296_4,1791063668.56,72424,149620
enc_2304x1296_4,1791063668.66,72424,149620
enc_2304x1296_4,1791063668.76,71056,147796
enc_2304x1296_4,1791063668.86,66648,141868
enc_2304x1296_4,1791063668.96,66648,141868
enc_2304x1296_4,1791063669.07,66648,141868
enc_2304x1296_4,1791063669.17,66648,141868
enc_2304x1296_4,1791063669.27,66648,141868
enc_2304x1296_4,1791063669.37,66648,141868
enc_2304x1296_4,1791063669.47,66648,141868
enc_2304x1296_4,1791063669.57,101112,187456
enc_2304x1296_4,1791063669.67,92296,175640
enc_2304x1296_4,1791063669.77,92296,175640
enc_2304x1296_4,1791063669.87,83404,163784
enc_2304x1296_4,1791063669.98,83404,163784
enc_2304x1296_4,1791063670.08,74588,152004
enc_2304x1296_4,1791063670.18,74588,152004
enc_2304x1296_4,1791063670.28,74588,152004
enc_2304x1296_4,1791063670.38,74588,152004
enc_2304x1296_4,1791063670.48,74588,152004
enc_2304x1296_4,1791063670.58,74540,151956
enc_2304x1296_4,1791063670.68,74540,151956
enc_2304x1296_4,1791063670.78,74540,151956
enc_2304x1296_4,1791063670.88,74540,151956
enc_2304x1296_4,1791063670.98,74540,151956
enc_2304x1296_4,1791063671.09,74540,151956
enc_2304x1296_4,1791063671.19,74540,151956
enc_2304x1296_4,1791063671.29,74540,151956
enc_2304x1296_4,1791063671.39,74540,151956
enc_2304x1296_4,1791063671.49,74540,151956
enc_2304x1296_4,1791063671.59,74540,151956
enc_2304x1296_4,1791063671.69,74540,151956
enc_2304x1296_4,1791063671.79,74540,151956
enc_2304x1296_4,1791063671.89,74540,151956
enc_2304x1296_4,1791063672.00,71652,148156
enc_2304x1296_4,1791063672.10,68688,144204
enc_2304x1296_4,1791063672.20,68688,144204
enc_2304x1296_4,1791063672.30,68688,144204
enc_2304x1296_4,1791063672.40,68688,144204
enc_2304x1296_4,1791063672.50,68688,144204
enc_2304x1296_4,1791063672.60,68688,144144
enc_2304x1296_4,1791063672.70,99480,185248
enc_2304x1296_4,1791063672.80,90664,173468
enc_2304x1296_4,1791063672.90,90664,173468
enc_2304x1296_4,1791063673.01,81772,161612
enc_2304x1296_4,1791063673.11,81772,161612
enc_2304x1296_4,1791063673.21,75920,153784
enc_2304x1296_4,1791063673.31,75920,153784
enc_2304x1296_4,1791063673.41,75920,153784
enc_2304x1296_4,1791063673.51,75888,153752
enc_2304x1296_4,1791063673.61,75888,153752
enc_2304x1296_4,1791063673.71,75888,153716
enc_2304x1296_4,1791063673.81,75888,153716
enc_2304x1296_4,1791063673.92,75888,153716
enc_2304x1296_4,1791063674.02,75888,153716
enc_2304x1296_4,1791063674.12,75888,153716
enc_2304x1296_4,1791063674.22,75888,153716
enc_2304x1296_4,1791063674.32,75888,153716
enc_2304x1296_4,1791063674.42,75888,153716
enc_2304x1296_4,1791063674.52,75888,153716
enc_2304x1296_4,1791063674.62,75888,153716
enc_2304x1296_4,1791063674.72,75888,153716
enc_2304x1296_4,1791063674.82,75888,153716
enc_2304x1296_4,1791063674.93,75888,153792
enc_2304x1296_4,1791063675.03,73076,149992
enc_2304x1296_4,1791063675.13,70112,146040
enc_2304x1296_4,1791063675.23,67072,142012
enc_2304x1296_4,1791063675.33,67072,142012
enc_2304x1296_4,1791063675.43,67072,142012
enc_2304x1296_4,1791063675.53,67072,142012
enc_2304x1296_4,1791063675.63,67072,142072
enc_2304x1296_4,1791063675.73,67072,142072
enc_2304x1296_4,1791063675.84,99068,184708
enc_2304x1296_4,1791063675.94,88960,171180
enc_2304x1296_4,1791063676.04,88960,171180
enc_2304x1296_4,1791063676.14,79992,159248
enc_2304x1296_4,1791063676.24,79992,159248
enc_2304x1296_4,1791063676.34,74140,151420
enc_2304x1296_4,1791063676.44,74140,151420
enc_2304x1296_4,1791063676.54,74116,151360
enc_2304x1296_4,1791063676.64,74116,151360
enc_2304x1296_4,1791063676.74,74116,151360
enc_2304x1296_4,1791063676.85,74116,151360
enc_2304x1296_4,1791063676.95,74116,151360
enc_2304x1296_4,1791063677.05,74116,151360
enc_2304x1296_4,1791063677.15,74116,151360
enc_2304x1296_4,1791063677.25,74116,151360
enc_2304x1296_4,1791063677.35,74116,151360
enc_2304x1296_4,1791063677.45,74116,151360
enc_2304x1296_4,1791063677.55,74116,151360
enc_2304x1296_4,1791063677.65,74116,151360
enc_2304x1296_4,1791063677.75,74116,151360
enc_2304x1296_4,1791063677.86,74116,151360
enc_2304x1296_4,1791063677.96,74116,151360
enc_2304x1296_4,1791063678.06,74116,151360
enc_2304x1296_4,1791063678.16,71228,147560
enc_2304x1296_4,1791063678.26,68264,143608
enc_2304x1296_4,1791063678.36,65224,139580
enc_2304x1296_4,1791063678.46,65224,139580
enc_2304x1296_4,1791063678.56,65224,139580
enc_2304x1296_4,1791063678.67,65224,139580
enc_2304x1296_4,1791063678.77,65224,139580
enc_2304x1296_4,1791063678.87,65224,139580
enc_2304x1296_4,1791063678.97,113784,205544
enc_2304x1296_4,1791063679.07,113784,205544
idle,1791063679.17,127844,223328
idle,1791063679.27,125868,220364
idle,1791063679.37,125868,220364
idle,1791063679.47,125868,220364
idle,1791063679.57,125868,220364
idle,1791063679.68,125864,220328
idle,1791063679.78,125864,220328
idle,1791063679.88,125864,220328
idle,1791063679.98,125864,220328
idle,1791063680.08,125864,220328
idle,1791063680.18,125864,220328
idle,1791063680.28,125864,220328
idle,1791063680.38,125864,220328
idle,1791063680.48,126168,220708
idle,1791063680.58,126228,220780
idle,1791063680.68,126228,220780
idle,1791063680.78,126228,220780
idle,1791063680.88,126228,220780
idle,1791063680.99,126228,220780
idle,1791063681.09,126228,220780
idle,1791063681.19,126228,220780
idle,1791063681.29,126228,220780
enc_2304x1296_5,1791063681.39,126228,220704
enc_2304x1296_5,1791063681.49,123264,216904
enc_2304x1296_5,1791063681.59,123220,216824
enc_2304x1296_5,1791063681.69,121852,215000
enc_2304x1296_5,1791063681.79,119192,211504
enc_2304x1296_5,1791063681.89,118888,211124
enc_2304x1296_5,1791063682.00,117824,209680
enc_2304x1296_5,1791063682.10,116684,208160
enc_2304x1296_5,1791063682.20,112200,202232
enc_2304x1296_5,1791063682.30,100344,186348
enc_2304x1296_5,1791063682.40,100268,186196
enc_2304x1296_5,1791063682.50,91392,174464
enc_2304x1296_5,1791063682.60,88428,170464
enc_2304x1296_5,1791063682.70,79612,158756
enc_2304x1296_5,1791063682.80,79612,158756
enc_2304x1296_5,1791063682.91,73760,150928
enc_2304x1296_5,1791063683.01,73760,150928
enc_2304x1296_5,1791063683.11,73760,150928
enc_2304x1296_5,1791063683.21,73760,150928
enc_2304x1296_5,1791063683.31,73760,150928
enc_2304x1296_5,1791063683.41,73760,150928
enc_2304x1296_5,1791063683.51,73760,150928
enc_2304x1296_5,1791063683.61,73712,150880
enc_2304x1296_5,1791063683.71,73804,151116
enc_2304x1296_5,1791063683.81,73804,151116
enc_2304x1296_5,1791063683.91,73804,151116
enc_2304x1296_5,1791063684.02,73804,151116
enc_2304x1296_5,1791063684.12,73804,151116
enc_2304x1296_5,1791063684.22,73804,151116
enc_2304x1296_5,1791063684.32,73804,151116
enc_2304x1296_5,1791063684.42,73804,151116
enc_2304x1296_5,1791063684.52,73804,151116
enc_2304x1296_5,1791063684.62,73804,151116
enc_2304x1296_5,1791063684.72,73272,150280
enc_2304x1296_5,1791063684.82,68104,143364
enc_2304x1296_5,1791063684.93,68712,144808
enc_2304x1296_5,1791063685.03,68744,144852
enc_2304x1296_5,1791063685.13,68744,144852
enc_2304x1296_5,1791063685.23,68744,144852
enc_2304x1296_5,1791063685.33,68744,144852
enc_2304x1296_5,1791063685.43,68744,144852
enc_2304x1296_5,1791063685.53,100008,185512
enc_2304x1296_5,1791063685.63,90908,173788
enc_2304x1296_5,1791063685.73,87944,169836
enc_2304x1296_5,1791063685.84,82016,161932
enc_2304x1296_5,1791063685.94,82016,161932
enc_2304x1296_5,1791063686.04,74644,152128
enc_2304x1296_5,1791063686.14,74644,152128
enc_2304x1296_5,1791063686.24,74644,152128
enc_2304x1296_5,1791063686.34,74644,152128
enc_2304x1296_5,1791063686.44,74644,152128
enc_2304x1296_5,1791063686.54,74660,152144
enc_2304x1296_5,1791063686.64,74660,152144
enc_2304x1296_5,1791063686.75,74660,152144
enc_2304x1296_5,1791063686.85,74660,152144
enc_2304x1296_5,1791063686.95,74660,152144
enc_2304x1296_5,1791063687.05,74660,152144
enc_2304x1296_5,1791063687.15,74660,152144
enc_2304x1296_5,1791063687.25,74660,152144
enc_2304x1296_5,1791063687.35,74660,152144
enc_2304x1296_5,1791063687.45,74660,152144
enc_2304x1296_5,1791063687.55,74736,152220
enc_2304x1296_5,1791063687.65,74736,152220
enc_2304x1296_5,1791063687.76,74736,152220
enc_2304x1296_5,1791063687.86,71848,148420
enc_2304x1296_5,1791063687.96,68884,144468
enc_2304x1296_5,1791063688.06,68884,144468
enc_2304x1296_5,1791063688.16,68884,144468
enc_2304x1296_5,1791063688.26,68884,144468
enc_2304x1296_5,1791063688.36,68884,144468
enc_2304x1296_5,1791063688.46,68884,144468
enc_2304x1296_5,1791063688.56,68868,144456
enc_2304x1296_5,1791063688.67,97368,182380
enc_2304x1296_5,1791063688.77,91364,174400
enc_2304x1296_5,1791063688.87,88400,170448
enc_2304x1296_5,1791063688.97,82472,162544
enc_2304x1296_5,1791063689.07,82472,162544
enc_2304x1296_5,1791063689.17,74872,152436
enc_2304x1296_5,1791063689.27,74872,152436
enc_2304x1296_5,1791063689.37,74872,152436
enc_2304x1296_5,1791063689.47,74872,152436
enc_2304x1296_5,1791063689.57,74920,152484
enc_2304x1296_5,1791063689.68,74920,152484
enc_2304x1296_5,1791063689.78,74920,152484
enc_2304x1296_5,1791063689.88,74920,152484
enc_2304x1296_5,1791063689.98,74920,152484
enc_2304x1296_5,1791063690.08,74920,152484
enc_2304x1296_5,1791063690.18,74920,152484
enc_2304x1296_5,1791063690.28,74920,152484
enc_2304x1296_5,1791063690.38,74920,152484
enc_2304x1296_5,1791063690.48,74920,152484
enc_2304x1296_5,1791063690.58,74920,152484
enc_2304x1296_5,1791063690.69,74920,152484
enc_2304x1296_5,1791063690.79,74920,152484
enc_2304x1296_5,1791063690.89,74920,152484
enc_2304x1296_5,1791063690.99,72032,148684
enc_2304x1296_5,1791063691.09,69068,144732
enc_2304x1296_5,1791063691.19,66104,140704
enc_2304x1296_5,1791063691.29,66104,140704
enc_2304x1296_5,1791063691.39,66104,140704
enc_2304x1296_5,1791063691.49,66104,140704
enc_2304x1296_5,1791063691.60,66104,140704
enc_2304x1296_5,1791063691.70,66104,140704
enc_2304x1296_5,1791063691.80,95896,180452
enc_2304x1296_5,1791063691.90,89892,172472
enc_2304x1296_5,1791063692.00,86928,168520
enc_2304x1296_5,1791063692.10,81000,160616
enc_2304x1296_5,1791063692.20,81000,160616
enc_2304x1296_5,1791063692.30,75148,152788
enc_2304x1296_5,1791063692.40,75148,152788
enc_2304x1296_5,1791063692.50,75148,152788
enc_2304x1296_5,1791063692.61,75096,152736
enc_2304x1296_5,1791063692.71,75096,152736
enc_2304x1296_5,1791063692.81,75096,152736
enc_2304x1296_5,1791063692.91,75096,152736
enc_2304x1296_5,1791063693.01,75096,152736
enc_2304x1296_5,1791063693.11,75096,152736
enc_2304x1296_5,1791063693.21,75096,152736
enc_2304x1296_5,1791063693.31,75096,152736
enc_2304x1296_5,1791063693.41,75096,152736
enc_2304x1296_5,1791063693.51,75096,152736
enc_2304x1296_5,1791063693.62,75096,152736
enc_2304x1296_5,1791063693.72,75096,152736
enc_2304x1296_5,1791063693.82,75096,152736
enc_2304x1296_5,1791063693.92,75096,152736
enc_2304x1296_5,1791063694.02,73728,150912
enc_2304x1296_5,1791063694.12,69320,144984
enc_2304x1296_5,1791063694.22,66280,140956
enc_2304x1296_5,1791063694.32,66280,140956
enc_2304x1296_5,1791063694.43,66280,140956
enc_2304x1296_5,1791063694.53,66280,140956
enc_2304x1296_5,1791063694.63,66280,140956
enc_2304x1296_5,1791063694.73,66280,140956
enc_2304x1296_5,1791063694.83,101316,187240
enc_2304x1296_5,1791063694.93,114696,206352
enc_2304x1296_5,1791063695.03,114696,206236
idle,1791063695.13,129236,225404
idle,1791063695.23,128476,223884
idle,1791063695.34,128476,223884
idle,1791063695.44,128476,223884
idle,1791063695.54,128476,223884
idle,1791063695.64,128440,223848
idle,1791063695.74,128440,223848
idle,1791063695.84,128440,223848
idle,1791063695.94,128440,223848
idle,1791063696.04,128440,223848
idle,1791063696.14,128440,223848
idle,1791063696.24,128440,223848
idle,1791063696.34,128440,223848
idle,1791063696.44,128440,223848
idle,1791063696.54,128440,223848
idle,1791063696.64,128440,223848
idle,1791063696.75,128440,223848
idle,1791063696.85,128440,223848
idle,1791063696.95,128440,223848
idle,1791063697.05,128440,223848
idle,1791063697.15,128440,223848
enc_2304x1296_6,1791063697.25,128440,223848
enc_2304x1296_6,1791063697.35,128440,223848
enc_2304x1296_6,1791063697.45,125552,220048
enc_2304x1296_6,1791063697.55,125552,220008
enc_2304x1296_6,1791063697.65,124184,218192
enc_2304x1296_6,1791063697.75,121600,214696
enc_2304x1296_6,1791063697.86,121296,214316
enc_2304x1296_6,1791063697.96,120232,212872
enc_2304x1296_6,1791063698.06,119016,211352
enc_2304x1296_6,1791063698.16,108680,197520
enc_2304x1296_6,1791063698.26,102676,189540
enc_2304x1296_6,1791063698.36,96704,181536
enc_2304x1296_6,1791063698.46,90700,173556
enc_2304x1296_6,1791063698.56,87736,169572
enc_2304x1296_6,1791063698.67,81808,161668
enc_2304x1296_6,1791063698.77,81808,161668
enc_2304x1296_6,1791063698.87,75956,153840
enc_2304x1296_6,1791063698.97,75956,153840
enc_2304x1296_6,1791063699.07,75956,153840
enc_2304x1296_6,1791063699.17,75956,153840
enc_2304x1296_6,1791063699.27,75956,153840
enc_2304x1296_6,1791063699.37,75956,153840
enc_2304x1296_6,1791063699.47,75956,153840
enc_2304x1296_6,1791063699.57,75940,153824
enc_2304x1296_6,1791063699.68,75940,153824
enc_2304x1296_6,1791063699.78,75940,153824
enc_2304x1296_6,1791063699.88,75940,153824
enc_2304x1296_6,1791063699.98,75940,153824
enc_2304x1296_6,1791063700.08,75940,153824
enc_2304x1296_6,1791063700.18,75940,153824
enc_2304x1296_6,1791063700.28,75940,153824
enc_2304x1296_6,1791063700.38,75940,153824
enc_2304x1296_6,1791063700.48,75940,153824
enc_2304x1296_6,1791063700.58,75940,153824
enc_2304x1296_6,1791063700.69,73052,150024
enc_2304x1296_6,1791063700.79,70744,147616
enc_2304x1296_6,1791063700.89,66716,139636
enc_2304x1296_6,1791063700.99,66716,139636
enc_2304x1296_6,1791063701.09,66716,139636
enc_2304x1296_6,1791063701.19,66716,139636
enc_2304x1296_6,1791063701.29,69604,143056
enc_2304x1296_6,1791063701.39,73404,146412
enc_2304x1296_6,1791063701.49,108876,196384
enc_2304x1296_6,1791063701.60,101684,184672
enc_2304x1296_6,1791063701.70,101684,184672
enc_2304x1296_6,1791063701.80,92792,172816
enc_2304x1296_6,1791063701.90,92792,172816
enc_2304x1296_6,1791063702.00,83976,161036
enc_2304x1296_6,1791063702.10,83976,161036
enc_2304x1296_6,1791063702.20,83976,161036
enc_2304x1296_6,1791063702.30,83976,161036
enc_2304x1296_6,1791063702.40,83976,161036
enc_2304x1296_6,1791063702.51,83976,161036
enc_2304x1296_6,1791063702.61,83928,160988
enc_2304x1296_6,1791063702.71,83928,160988
enc_2304x1296_6,1791063702.81,83928,160988
enc_2304x1296_6,1791063702.91,83928,160988
enc_2304x1296_6,1791063703.01,83928,160988
enc_2304x1296_6,1791063703.11,83928,160988
enc_2304x1296_6,1791063703.21,83928,160988
enc_2304x1296_6,1791063703.31,83928,160988
enc_2304x1296_6,1791063703.41,83928,160988
enc_2304x1296_6,1791063703.52,83928,160988
enc_2304x1296_6,1791063703.62,83928,160988
enc_2304x1296_6,1791063703.72,83928,160988
enc_2304x1296_6,1791063703.82,82560,159164
enc_2304x1296_6,1791063703.92,78076,153236
enc_2304x1296_6,1791063704.02,78076,153236
enc_2304x1296_6,1791063704.12,78076,153236
enc_2304x1296_6,1791063704.22,78076,153236
enc_2304x1296_6,1791063704.32,78076,153236
enc_2304x1296_6,1791063704.43,78076,153236
enc_2304x1296_6,1791063704.53,78076,153236
enc_2304x1296_6,1791063704.63,105240,189804
enc_2304x1296_6,1791063704.73,99692,182052
enc_2304x1296_6,1791063704.83,99692,182052
enc_2304x1296_6,1791063704.93,90800,170120
enc_2304x1296_6,1791063705.03,90800,168144
enc_2304x1296_6,1791063705.13,83808,156820
enc_2304x1296_6,1791063705.23,83808,156820
enc_2304x1296_6,1791063705.34,83808,156820
enc_2304x1296_6,1791063705.44,83808,156820
enc_2304x1296_6,1791063705.54,83808,156820
enc_2304x1296_6,1791063705.64,83808,156884
enc_2304x1296_6,1791063705.74,83808,156884
enc_2304x1296_6,1791063705.84,83808,156884
enc_2304x1296_6,1791063705.94,83808,156884
enc_2304x1296_6,1791063706.04,83808,156884
enc_2304x1296_6,1791063706.14,83808,156884
enc_2304x1296_6,1791063706.24,83808,156884
enc_2304x1296_6,1791063706.35,83808,156884
enc_2304x1296_6,1791063706.45,83808,156884
enc_2304x1296_6,1791063706.55,83808,156884
enc_2304x1296_6,1791063706.65,83808,156884
enc_2304x1296_6,1791063706.75,83808,156788
enc_2304x1296_6,1791063706.85,82972,155952
enc_2304x1296_6,1791063706.95,79932,152912
enc_2304x1296_6,1791063707.05,75828,148808
enc_2304x1296_6,1791063707.15,73776,146756
enc_2304x1296_6,1791063707.25,73776,146756
enc_2304x1296_6,1791063707.36,73776,146756
enc_2304x1296_6,1791063707.46,73776,146756
enc_2304x1296_6,1791063707.56,73716,146696
enc_2304x1296_6,1791063707.66,73716,146696
enc_2304x1296_6,1791063707.76,109588,192372
enc_2304x1296_6,1791063707.86,95756,176716
enc_2304x1296_6,1791063707.96,95756,176716
enc_2304x1296_6,1791063708.06,86788,164784
enc_2304x1296_6,1791063708.17,86788,164784
enc_2304x1296_6,1791063708.27,80936,157032
enc_2304x1296_6,1791063708.37,80936,157032
enc_2304x1296_6,1791063708.47,80936,157032
enc_2304x1296_6,1791063708.57,80864,156960
enc_2304x1296_6,1791063708.67,80864,156960
enc_2304x1296_6,1791063708.77,80864,156960
enc_2304x1296_6,1791063708.87,80864,156960
enc_2304x1296_6,1791063708.97,80864,156960
enc_2304x1296_6,1791063709.07,80864,156960
enc_2304x1296_6,1791063709.18,80864,156960
enc_2304x1296_6,1791063709.28,80864,156960
enc_2304x1296_6,1791063709.38,80864,156960
enc_2304x1296_6,1791063709.48,80864,156960
enc_2304x1296_6,1791063709.58,80864,156960
enc_2304x1296_6,1791063709.68,80864,156960
enc_2304x1296_6,1791063709.78,80864,156960
enc_2304x1296_6,1791063709.88,80864,156960
enc_2304x1296_6,1791063709.98,80864,156960
enc_2304x1296_6,1791063710.09,78052,153160
enc_2304x1296_6,1791063710.19,75088,149208
enc_2304x1296_6,1791063710.29,75088,149208
enc_2304x1296_6,1791063710.39,75088,149208
enc_2304x1296_6,1791063710.49,75088,149208
enc_2304x1296_6,1791063710.59,75028,149148
enc_2304x1296_6,1791063710.69,75028,149148
enc_2304x1296_6,1791063710.79,75028,149148
enc_2304x1296_6,1791063710.89,117544,203668
enc_2304x1296_6,1791063711.00,117544,203668
idle,1791063711.10,131452,222896
idle,1791063711.20,131452,222896
idle,1791063711.30,131452,222928
idle,1791063711.40,131452,222928
idle,1791063711.50,131452,222928
idle,1791063711.60,131452,222928
idle,1791063711.70,131452,222928
idle,1791063711.80,131452,222928
idle,1791063711.90,131456,222940
idle,1791063712.00,131456,222940
idle,1791063712.10,131456,222940
idle,1791063712.21,131456,222940
idle,1791063712.31,131456,222940
idle,1791063712.41,131456,222940
idle,1791063712.51,131456,222940
idle,1791063712.61,131456,222940
idle,1791063712.71,131456,222940
idle,1791063712.81,131456,222940
idle,1791063712.91,131456,222940
idle,1791063713.01,131456,222940
idle,1791063713.11,131456,222940
idle,1791063713.21,131456,222940
enc_2304x1296_7,1791063713.31,129632,221116
enc_2304x1296_7,1791063713.41,124540,215188
enc_2304x1296_7,1791063713.52,124540,215188
enc_2304x1296_7,1791063713.62,124540,215188
enc_2304x1296_7,1791063713.72,121576,211236
enc_2304x1296_7,1791063713.82,121500,211084
enc_2304x1296_7,1791063713.92,120132,209468
enc_2304x1296_7,1791063714.02,118944,207900
enc_2304x1296_7,1791063714.12,114460,201972
enc_2304x1296_7,1791063714.22,102604,186088
enc_2304x1296_7,1791063714.32,102592,186076
enc_2304x1296_7,1791063714.43,96740,178324
enc_2304x1296_7,1791063714.53,96740,178324
enc_2304x1296_7,1791063714.63,87788,166500
enc_2304x1296_7,1791063714.73,87788,166500
enc_2304x1296_7,1791063714.83,78972,154720
enc_2304x1296_7,1791063714.93,78972,154720
enc_2304x1296_7,1791063715.03,78972,154720
enc_2304x1296_7,1791063715.13,78896,154644
enc_2304x1296_7,1791063715.23,78896,154644
enc_2304x1296_7,1791063715.34,78896,154644
enc_2304x1296_7,1791063715.44,78896,154644
enc_2304x1296_7,1791063715.54,78896,154644
enc_2304x1296_7,1791063715.64,78848,154548
enc_2304x1296_7,1791063715.74,78848,154548
enc_2304x1296_7,1791063715.84,78848,154548
enc_2304x1296_7,1791063715.94,78848,154548
enc_2304x1296_7,1791063716.04,78848,154548
enc_2304x1296_7,1791063716.14,78848,154548
enc_2304x1296_7,1791063716.24,78848,154548
enc_2304x1296_7,1791063716.35,78848,154548
enc_2304x1296_7,1791063716.45,78848,154548
enc_2304x1296_7,1791063716.55,78848,154548
enc_2304x1296_7,1791063716.65,78848,154548
enc_2304x1296_7,1791063716.75,75960,150748
enc_2304x1296_7,1791063716.85,73072,146796
enc_2304x1296_7,1791063716.95,73072,147044
enc_2304x1296_7,1791063717.05,73072,147044
enc_2304x1296_7,1791063717.15,73072,147044
enc_2304x1296_7,1791063717.26,73072,147168
enc_2304x1296_7,1791063717.36,73072,147168
enc_2304x1296_7,1791063717.46,99596,182584
enc_2304x1296_7,1791063717.56,97012,178784
enc_2304x1296_7,1791063717.66,96976,178748
enc_2304x1296_7,1791063717.76,88084,166892
enc_2304x1296_7,1791063717.86,88084,166892
enc_2304x1296_7,1791063717.96,79268,155112
enc_2304x1296_7,1791063718.06,79268,155112
enc_2304x1296_7,1791063718.17,79268,155112
enc_2304x1296_7,1791063718.27,79268,155112
enc_2304x1296_7,1791063718.37,79268,155112
enc_2304x1296_7,1791063718.47,79268,155112
enc_2304x1296_7,1791063718.57,79220,155064
enc_2304x1296_7,1791063718.67,79220,155064
enc_2304x1296_7,1791063718.77,79220,155064
enc_2304x1296_7,1791063718.87,79220,155064
enc_2304x1296_7,1791063718.97,79220,155064
enc_2304x1296_7,1791063719.07,79220,155064
enc_2304x1296_7,1791063719.17,79220,155064
enc_2304x1296_7,1791063719.28,79220,155064
enc_2304x1296_7,1791063719.38,79220,155064
enc_2304x1296_7,1791063719.48,79220,155064
enc_2304x1296_7,1791063719.58,79220,155064
enc_2304x1296_7,1791063719.68,79220,155064
enc_2304x1296_7,1791063719.78,76408,151264
enc_2304x1296_7,1791063719.88,73444,147312
enc_2304x1296_7,1791063719.98,73444,147312
enc_2304x1296_7,1791063720.08,73444,147312
enc_2304x1296_7,1791063720.19,73444,147312
enc_2304x1296_7,1791063720.29,73444,147312
enc_2304x1296_7,1791063720.39,73444,147312
enc_2304x1296_7,1791063720.49,86744,165476
enc_2304x1296_7,1791063720.59,104816,189144
enc_2304x1296_7,1791063720.69,95848,177212
enc_2304x1296_7,1791063720.79,95848,177212
enc_2304x1296_7,1791063720.89,86956,165356
enc_2304x1296_7,1791063720.99,86956,165356
enc_2304x1296_7,1791063721.10,81104,157528
enc_2304x1296_7,1791063721.20,81104,157528
enc_2304x1296_7,1791063721.30,81104,157528
enc_2304x1296_7,1791063721.40,81104,157528
enc_2304x1296_7,1791063721.50,81104,157528
enc_2304x1296_7,1791063721.60,81056,157480
enc_2304x1296_7,1791063721.70,81056,157480
enc_2304x1296_7,1791063721.80,81056,157480
enc_2304x1296_7,1791063721.90,81056,157480
enc_2304x1296_7,1791063722.00,81056,157480
enc_2304x1296_7,1791063722.11,81056,157480
enc_2304x1296_7,1791063722.21,81056,157480
enc_2304x1296_7,1791063722.31,81056,157480
enc_2304x1296_7,1791063722.41,81056,157480
enc_2304x1296_7,1791063722.51,81056,157480
enc_2304x1296_7,1791063722.61,81056,157480
enc_2304x1296_7,1791063722.71,81056,157480
enc_2304x1296_7,1791063722.81,80448,156644
enc_2304x1296_7,1791063722.91,75204,149728
enc_2304x1296_7,1791063723.02,75204,149728
enc_2304x1296_7,1791063723.12,72240,145700
enc_2304x1296_7,1791063723.22,72240,145700
enc_2304x1296_7,1791063723.32,72240,145700
enc_2304x1296_7,1791063723.42,72240,145700
enc_2304x1296_7,1791063723.52,72240,145700
enc_2304x1296_7,1791063723.62,83108,160292
enc_2304x1296_7,1791063723.72,103948,188016
enc_2304x1296_7,1791063723.82,97944,180036
enc_2304x1296_7,1791063723.93,94980,176084
enc_2304x1296_7,1791063724.03,89052,168180
enc_2304x1296_7,1791063724.13,89052,168180
enc_2304x1296_7,1791063724.23,83200,160352
enc_2304x1296_7,1791063724.33,83200,160352
enc_2304x1296_7,1791063724.43,83200,160352
enc_2304x1296_7,1791063724.53,83200,160352
enc_2304x1296_7,1791063724.63,83132,160292
enc_2304x1296_7,1791063724.73,83132,160292
enc_2304x1296_7,1791063724.83,83132,160292
enc_2304x1296_7,1791063724.94,83132,160292
enc_2304x1296_7,1791063725.04,83132,160292
enc_2304x1296_7,1791063725.14,83132,160292
enc_2304x1296_7,1791063725.24,83132,160292
enc_2304x1296_7,1791063725.34,83132,160292
enc_2304x1296_7,1791063725.44,83132,160292
enc_2304x1296_7,1791063725.54,83132,160292
enc_2304x1296_7,1791063725.64,83132,160292
enc_2304x1296_7,1791063725.74,83132,160292
enc_2304x1296_7,1791063725.84,83132,160292
enc_2304x1296_7,1791063725.95,82524,159456
enc_2304x1296_7,1791063726.05,77356,152540
enc_2304x1296_7,1791063726.15,74316,148512
enc_2304x1296_7,1791063726.25,74316,148512
enc_2304x1296_7,1791063726.35,74316,148512
enc_2304x1296_7,1791063726.45,74316,148512
enc_2304x1296_7,1791063726.55,74316,148512
enc_2304x1296_7,1791063726.65,74316,148512
enc_2304x1296_7,1791063726.76,74316,148512
enc_2304x1296_7,1791063726.86,113872,203388
enc_2304x1296_7,1791063726.96,113872,203388
idle,1791063727.06,129452,222008
idle,1791063727.16,128312,220488
idle,1791063727.26,128312,220260
idle,1791063727.36,128312,220260
idle,1791063727.46,128312,220260
idle,1791063727.56,128308,220192
idle,1791063727.66,128308,220192
idle,1791063727.76,128308,220192
idle,1791063727.87,128308,220192
idle,1791063727.97,128308,220192
idle,1791063728.07,128308,220192
idle,1791063728.17,128308,220192
idle,1791063728.27,128308,220192
idle,1791063728.37,128308,220192
idle,1791063728.47,128308,220192
idle,1791063728.57,128308,220192
idle,1791063728.67,128308,220572
idle,1791063728.77,128308,220572
idle,1791063728.87,128308,220572
idle,1791063728.97,128308,220572
idle,1791063729.07,128308,220572
enc_2304x1296_8,1791063729.18,128308,220572
enc_2304x1296_8,1791063729.28,128308,220648
enc_2304x1296_8,1791063729.38,128308,220648
enc_2304x1296_8,1791063729.48,128308,220648
enc_2304x1296_8,1791063729.58,127032,218844
enc_2304x1296_8,1791063729.68,125664,217020
enc_2304x1296_8,1791063729.78,124220,215044
enc_2304x1296_8,1791063729.88,123460,214056
enc_2304x1296_8,1791063729.98,122320,212536
enc_2304x1296_8,1791063730.09,111908,198628
enc_2304x1296_8,1791063730.19,105980,190724
enc_2304x1296_8,1791063730.29,100020,182816
enc_2304x1296_8,1791063730.39,94016,174836
enc_2304x1296_8,1791063730.49,91052,170884
enc_2304x1296_8,1791063730.59,85136,162916
enc_2304x1296_8,1791063730.69,85136,163168
enc_2304x1296_8,1791063730.79,79512,155416
enc_2304x1296_8,1791063730.89,79512,155416
enc_2304x1296_8,1791063731.00,79512,155416
enc_2304x1296_8,1791063731.10,79512,155416
enc_2304x1296_8,1791063731.20,79512,155416
enc_2304x1296_8,1791063731.30,79512,155416
enc_2304x1296_8,1791063731.40,79512,155416
enc_2304x1296_8,1791063731.50,79512,155416
enc_2304x1296_8,1791063731.60,79452,155640
enc_2304x1296_8,1791063731.70,79452,155640
enc_2304x1296_8,1791063731.80,79452,155640
enc_2304x1296_8,1791063731.90,79452,155640
enc_2304x1296_8,1791063732.01,79452,155640
enc_2304x1296_8,1791063732.11,79452,155640
enc_2304x1296_8,1791063732.21,79452,155640
enc_2304x1296_8,1791063732.31,79452,155640
enc_2304x1296_8,1791063732.41,79452,155640
enc_2304x1296_8,1791063732.51,79452,155640
enc_2304x1296_8,1791063732.61,73868,147852
enc_2304x1296_8,1791063732.71,73868,147852
enc_2304x1296_8,1791063732.81,70828,143900
enc_2304x1296_8,1791063732.91,70828,143900
enc_2304x1296_8,1791063733.02,70828,143900
enc_2304x1296_8,1791063733.12,70828,143900
enc_2304x1296_8,1791063733.22,70828,143900
enc_2304x1296_8,1791063733.32,96744,179012
enc_2304x1296_8,1791063733.42,98084,180220
enc_2304x1296_8,1791063733.52,95044,176192
enc_2304x1296_8,1791063733.62,92156,172240
enc_2304x1296_8,1791063733.72,86152,164336
enc_2304x1296_8,1791063733.83,85468,163424
enc_2304x1296_8,1791063733.93,80300,156508
enc_2304x1296_8,1791063734.03,80300,156508
enc_2304x1296_8,1791063734.13,80300,156508
enc_2304x1296_8,1791063734.23,80300,156508
enc_2304x1296_8,1791063734.33,80300,156508
enc_2304x1296_8,1791063734.43,80300,156508
enc_2304x1296_8,1791063734.53,80300,156508
enc_2304x1296_8,1791063734.63,80300,156476
enc_2304x1296_8,1791063734.73,80300,156476
enc_2304x1296_8,1791063734.84,80300,156476
enc_2304x1296_8,1791063734.94,80300,156476
enc_2304x1296_8,1791063735.04,80300,156476
enc_2304x1296_8,1791063735.14,80300,156476
enc_2304x1296_8,1791063735.24,80300,156324
enc_2304x1296_8,1791063735.34,80300,156276
enc_2304x1296_8,1791063735.44,80300,156276
enc_2304x1296_8,1791063735.54,80300,156276
enc_2304x1296_8,1791063735.64,79464,155392
enc_2304x1296_8,1791063735.74,74296,148476
enc_2304x1296_8,1791063735.85,71256,144448
enc_2304x1296_8,1791063735.95,71256,144448
enc_2304x1296_8,1791063736.05,71256,144448
enc_2304x1296_8,1791063736.15,71256,144448
enc_2304x1296_8,1791063736.25,71256,144448
enc_2304x1296_8,1791063736.35,71256,144448
enc_2304x1296_8,1791063736.45,94968,175836
enc_2304x1296_8,1791063736.55,96056,177516
enc_2304x1296_8,1791063736.65,96056,177516
enc_2304x1296_8,1791063736.76,90128,169612
enc_2304x1296_8,1791063736.86,87164,165660
enc_2304x1296_8,1791063736.96,81312,157832
enc_2304x1296_8,1791063737.06,78348,153880
enc_2304x1296_8,1791063737.16,78348,153880
enc_2304x1296_8,1791063737.26,78348,153880
enc_2304x1296_8,1791063737.36,78348,153880
enc_2304x1296_8,1791063737.46,78348,153880
enc_2304x1296_8,1791063737.56,78284,153816
enc_2304x1296_8,1791063737.67,78284,153816
enc_2304x1296_8,1791063737.77,78284,153816
enc_2304x1296_8,1791063737.87,78284,153816
enc_2304x1296_8,1791063737.97,78284,153816
enc_2304x1296_8,1791063738.07,78284,153816
enc_2304x1296_8,1791063738.17,78284,153816
enc_2304x1296_8,1791063738.27,78284,153816
enc_2304x1296_8,1791063738.37,78284,153816
enc_2304x1296_8,1791063738.47,78284,153816
enc_2304x1296_8,1791063738.57,78284,153816
enc_2304x1296_8,1791063738.68,78284,153816
enc_2304x1296_8,1791063738.78,78284,153816
enc_2304x1296_8,1791063738.88,75472,150016
enc_2304x1296_8,1791063738.98,72508,146064
enc_2304x1296_8,1791063739.08,72508,146064
enc_2304x1296_8,1791063739.18,72508,146064
enc_2304x1296_8,1791063739.28,72508,146064
enc_2304x1296_8,1791063739.38,72508,146064
enc_2304x1296_8,1791063739.48,72508,146064
enc_2304x1296_8,1791063739.59,88180,167056
enc_2304x1296_8,1791063739.69,94108,174960
enc_2304x1296_8,1791063739.79,94108,174960
enc_2304x1296_8,1791063739.89,88180,166980
enc_2304x1296_8,1791063739.99,85216,163028
enc_2304x1296_8,1791063740.09,79364,155200
enc_2304x1296_8,1791063740.19,79364,155200
enc_2304x1296_8,1791063740.29,79364,155200
enc_2304x1296_8,1791063740.39,79364,155200
enc_2304x1296_8,1791063740.50,79364,155200
enc_2304x1296_8,1791063740.60,79344,155180
enc_2304x1296_8,1791063740.70,79344,155180
enc_2304x1296_8,1791063740.80,79344,155180
enc_2304x1296_8,1791063740.90,79344,155180
enc_2304x1296_8,1791063741.00,79344,155180
enc_2304x1296_8,1791063741.10,79344,155180
enc_2304x1296_8,1791063741.20,79344,155180
enc_2304x1296_8,1791063741.30,79344,155180
enc_2304x1296_8,1791063741.40,79344,155180
enc_2304x1296_8,1791063741.51,79344,155180
enc_2304x1296_8,1791063741.61,79344,155180
enc_2304x1296_8,1791063741.71,79344,155180
enc_2304x1296_8,1791063741.81,79344,155180
enc_2304x1296_8,1791063741.91,78660,154344
enc_2304x1296_8,1791063742.01,73492,147428
enc_2304x1296_8,1791063742.11,73492,147428
enc_2304x1296_8,1791063742.21,73492,147428
enc_2304x1296_8,1791063742.31,73492,147428
enc_2304x1296_8,1791063742.42,73492,147428
enc_2304x1296_8,1791063742.52,73492,147428
enc_2304x1296_8,1791063742.62,73432,147368
enc_2304x1296_8,1791063742.72,103528,187572
enc_2304x1296_8,1791063742.82,116624,205044
idle,1791063742.92,130304,223740
idle,1791063743.02,130304,223740
idle,1791063743.12,130304,223788
idle,1791063743.22,130304,223788
idle,1791063743.32,130304,223788
idle,1791063743.43,130304,223788
idle,1791063743.53,130304,223788
idle,1791063743.63,130360,223764
idle,1791063743.73,130360,223764
idle,1791063743.83,130360,223764
idle,1791063743.93,130360,223764
idle,1791063744.03,130360,223764
idle,1791063744.13,130360,223764
idle,1791063744.23,130360,223764
idle,1791063744.33,130360,223764
idle,1791063744.43,130360,223764
idle,1791063744.53,130360,223764
idle,1791063744.63,130360,223764
idle,1791063744.73,130360,223764
idle,1791063744.84,130360,223764
idle,1791063744.94,130360,223764
idle,1791063745.04,130360,223764
enc_2304x1296_9,1791063745.14,130360,223764
enc_2304x1296_9,1791063745.24,128004,220116
enc_2304x1296_9,1791063745.34,125040,216164
enc_2304x1296_9,1791063745.44,125040,216164
enc_2304x1296_9,1791063745.54,124356,215252
enc_2304x1296_9,1791063745.64,122988,213428
enc_2304x1296_9,1791063745.75,121164,210968
enc_2304x1296_9,1791063745.85,121164,210968
enc_2304x1296_9,1791063745.95,118504,207472
enc_2304x1296_9,1791063746.05,106648,191588
enc_2304x1296_9,1791063746.15,103608,187560
enc_2304x1296_9,1791063746.25,94816,175832
enc_2304x1296_9,1791063746.35,94816,175832
enc_2304x1296_9,1791063746.45,88888,167928
enc_2304x1296_9,1791063746.55,85876,163928
enc_2304x1296_9,1791063746.66,80100,156176
enc_2304x1296_9,1791063746.76,80100,156176
enc_2304x1296_9,1791063746.86,80100,156176
enc_2304x1296_9,1791063746.96,80100,156176
enc_2304x1296_9,1791063747.06,80100,156176
enc_2304x1296_9,1791063747.16,80100,156176
enc_2304x1296_9,1791063747.26,80100,156176
enc_2304x1296_9,1791063747.36,80100,156176
enc_2304x1296_9,1791063747.46,80100,156176
enc_2304x1296_9,1791063747.56,80040,156116
enc_2304x1296_9,1791063747.67,80040,156116
enc_2304x1296_9,1791063747.77,80040,156116
enc_2304x1296_9,1791063747.87,80040,156116
enc_2304x1296_9,1791063747.97,80040,156116
enc_2304x1296_9,1791063748.07,80040,156116
enc_2304x1296_9,1791063748.17,80040,156116
enc_2304x1296_9,1791063748.27,80040,156116
enc_2304x1296_9,1791063748.37,80040,156116
enc_2304x1296_9,1791063748.47,77152,152316
enc_2304x1296_9,1791063748.58,74128,148304
enc_2304x1296_9,1791063748.68,71164,144352
enc_2304x1296_9,1791063748.78,71164,144352
enc_2304x1296_9,1791063748.88,71164,144352
enc_2304x1296_9,1791063748.98,71164,144352
enc_2304x1296_9,1791063749.08,71164,144352
enc_2304x1296_9,1791063749.18,71164,144352
enc_2304x1296_9,1791063749.28,104756,189800
enc_2304x1296_9,1791063749.38,93544,174124
enc_2304x1296_9,1791063749.48,93544,174124
enc_2304x1296_9,1791063749.59,87600,166204
enc_2304x1296_9,1791063749.69,84636,162252
enc_2304x1296_9,1791063749.79,78708,154424
enc_2304x1296_9,1791063749.89,78708,154424
enc_2304x1296_9,1791063749.99,78708,154424
enc_2304x1296_9,1791063750.09,78708,154424
enc_2304x1296_9,1791063750.19,78708,154424
enc_2304x1296_9,1791063750.29,78708,154424
enc_2304x1296_9,1791063750.39,78708,154424
enc_2304x1296_9,1791063750.50,78708,154424
enc_2304x1296_9,1791063750.60,78708,154392
enc_2304x1296_9,1791063750.70,78708,154392
enc_2304x1296_9,1791063750.80,78708,154392
enc_2304x1296_9,1791063750.90,78708,154392
enc_2304x1296_9,1791063751.00,78708,154392
enc_2304x1296_9,1791063751.10,78708,154392
enc_2304x1296_9,1791063751.20,78708,154392
enc_2304x1296_9,1791063751.30,78708,154392
enc_2304x1296_9,1791063751.40,78708,154392
enc_2304x1296_9,1791063751.51,78708,154392
enc_2304x1296_9,1791063751.61,78100,153556
enc_2304x1296_9,1791063751.71,72932,146640
enc_2304x1296_9,1791063751.81,72932,146640
enc_2304x1296_9,1791063751.91,72932,146640
enc_2304x1296_9,1791063752.01,72932,146640
enc_2304x1296_9,1791063752.11,72932,146640
enc_2304x1296_9,1791063752.21,72932,146640
enc_2304x1296_9,1791063752.31,72932,146640
enc_2304x1296_9,1791063752.42,105404,190840
enc_2304x1296_9,1791063752.52,93624,174272
enc_2304x1296_9,1791063752.62,93576,174224
enc_2304x1296_9,1791063752.72,87648,166320
enc_2304x1296_9,1791063752.82,84684,162368
enc_2304x1296_9,1791063752.92,78832,154540
enc_2304x1296_9,1791063753.02,78832,154540
enc_2304x1296_9,1791063753.12,78832,154540
enc_2304x1296_9,1791063753.22,78832,154540
enc_2304x1296_9,1791063753.33,78832,154540
enc_2304x1296_9,1791063753.43,78832,154540
enc_2304x1296_9,1791063753.53,78832,154540
enc_2304x1296_9,1791063753.63,78800,154508
enc_2304x1296_9,1791063753.73,78800,154508
enc_2304x1296_9,1791063753.83,78800,154508
enc_2304x1296_9,1791063753.93,78800,154508
enc_2304x1296_9,1791063754.03,78800,154508
enc_2304x1296_9,1791063754.13,78800,154508
enc_2304x1296_9,1791063754.23,78800,154508
enc_2304x1296_9,1791063754.33,78800,154508
enc_2304x1296_9,1791063754.44,78800,154508
enc_2304x1296_9,1791063754.54,78800,154508
enc_2304x1296_9,1791063754.64,78800,154508
enc_2304x1296_9,1791063754.74,77432,152684
enc_2304x1296_9,1791063754.84,73024,146756
enc_2304x1296_9,1791063754.94,73024,146756
enc_2304x1296_9,1791063755.04,73024,146756
enc_2304x1296_9,1791063755.14,73024,146756
enc_2304x1296_9,1791063755.24,73024,146756
enc_2304x1296_9,1791063755.35,73024,146756
enc_2304x1296_9,1791063755.45,73024,146756
enc_2304x1296_9,1791063755.55,105028,190200
enc_2304x1296_9,1791063755.65,95452,176748
enc_2304x1296_9,1791063755.75,95452,176748
enc_2304x1296_9,1791063755.85,86560,164816
enc_2304x1296_9,1791063755.95,86560,164816
enc_2304x1296_9,1791063756.05,77668,153036
enc_2304x1296_9,1791063756.15,77668,153036
enc_2304x1296_9,1791063756.26,77668,153036
enc_2304x1296_9,1791063756.36,77668,153036
enc_2304x1296_9,1791063756.46,77668,153036
enc_2304x1296_9,1791063756.56,77632,153000
enc_2304x1296_9,1791063756.66,77632,153000
enc_2304x1296_9,1791063756.76,77632,153000
enc_2304x1296_9,1791063756.86,77632,153000
enc_2304x1296_9,1791063756.96,77632,153000
enc_2304x1296_9,1791063757.06,77632,153000
enc_2304x1296_9,1791063757.16,77632,153000
enc_2304x1296_9,1791063757.27,77632,153000
enc_2304x1296_9,1791063757.37,77632,153000
enc_2304x1296_9,1791063757.47,77632,153000
enc_2304x1296_9,1791063757.57,77632,153000
enc_2304x1296_9,1791063757.67,77632,153000
enc_2304x1296_9,1791063757.77,77632,153000
enc_2304x1296_9,1791063757.87,76264,151176
enc_2304x1296_9,1791063757.97,71856,145248
enc_2304x1296_9,1791063758.07,71856,145248
enc_2304x1296_9,1791063758.18,71856,145248
enc_2304x1296_9,1791063758.28,71856,145248
enc_2304x1296_9,1791063758.38,71856,145248
enc_2304x1296_9,1791063758.48,71856,145248
enc_2304x1296_9,1791063758.58,71796,145188
enc_2304x1296_9,1791063758.68,114488,202868
enc_2304x1296_9,1791063758.78,114488,202868
idle,1791063758.88,130144,224300
idle,1791063758.98,129840,222552
idle,1791063759.08,129840,222400
idle,1791063759.19,129840,222400
idle,1791063759.29,129840,222400
idle,1791063759.39,129840,222400
idle,1791063759.49,129840,222400
idle,1791063759.59,129840,222400
idle,1791063759.69,129788,222372
idle,1791063759.79,129788,222372
idle,1791063759.89,129788,222372
idle,1791063759.99,129788,222372
idle,1791063760.09,129788,222372
idle,1791063760.19,129788,222372
idle,1791063760.29,129788,222372
idle,1791063760.39,129788,222372
idle,1791063760.49,129788,222372
idle,1791063760.60,129788,222372
idle,1791063760.70,129788,222372
idle,1791063760.80,129788,222372
idle,1791063760.90,129788,222372
idle,1791063761.00,129788,222372
enc_2304x1296_10,1791063761.10,129788,222524
enc_2304x1296_10,1791063761.20,128496,220700
enc_2304x1296_10,1791063761.30,126976,218724
enc_2304x1296_10,1791063761.40,125532,216824
enc_2304x1296_10,1791063761.50,124468,215380
enc_2304x1296_10,1791063761.61,122968,213328
enc_2304x1296_10,1791063761.71,121524,211504
enc_2304x1296_10,1791063761.81,120384,209984
enc_2304x1296_10,1791063761.91,115976,204056
enc_2304x1296_10,1791063762.01,104044,188172
enc_2304x1296_10,1791063762.11,103908,188000
enc_2304x1296_10,1791063762.21,95092,176220
enc_2304x1296_10,1791063762.31,95092,176220
enc_2304x1296_10,1791063762.41,86200,164364
enc_2304x1296_10,1791063762.52,86200,164364
enc_2304x1296_10,1791063762.62,80300,156564
enc_2304x1296_10,1791063762.72,80300,156564
enc_2304x1296_10,1791063762.82,80300,156564
enc_2304x1296_10,1791063762.92,80300,156564
enc_2304x1296_10,1791063763.02,80300,156564
enc_2304x1296_10,1791063763.12,80300,156564
enc_2304x1296_10,1791063763.22,80300,156564
enc_2304x1296_10,1791063763.32,80300,156564
enc_2304x1296_10,1791063763.42,80300,156564
enc_2304x1296_10,1791063763.53,80300,156504
enc_2304x1296_10,1791063763.63,80300,156504
enc_2304x1296_10,1791063763.73,80300,156504
enc_2304x1296_10,1791063763.83,80300,156504
enc_2304x1296_10,1791063763.93,80300,156504
enc_2304x1296_10,1791063764.03,80300,156504
enc_2304x1296_10,1791063764.13,80300,156504
enc_2304x1296_10,1791063764.23,80300,156504
enc_2304x1296_10,1791063764.33,79692,155668
enc_2304x1296_10,1791063764.43,74448,149284
enc_2304x1296_10,1791063764.54,74448,149436
enc_2304x1296_10,1791063764.64,71484,145464
enc_2304x1296_10,1791063764.74,71484,145464
enc_2304x1296_10,1791063764.84,71484,145464
enc_2304x1296_10,1791063764.94,71484,145464
enc_2304x1296_10,1791063765.04,71484,145464
enc_2304x1296_10,1791063765.14,71484,145464
enc_2304x1296_10,1791063765.24,103192,189232
enc_2304x1296_10,1791063765.34,95440,177376
enc_2304x1296_10,1791063765.45,95440,177412
enc_2304x1296_10,1791063765.55,86424,165508
enc_2304x1296_10,1791063765.65,86424,165672
enc_2304x1296_10,1791063765.75,80648,157920
enc_2304x1296_10,1791063765.85,80648,157920
enc_2304x1296_10,1791063765.95,80648,157920
enc_2304x1296_10,1791063766.05,80648,157920
enc_2304x1296_10,1791063766.15,80648,157920
enc_2304x1296_10,1791063766.25,80648,157920
enc_2304x1296_10,1791063766.35,80648,157920
enc_2304x1296_10,1791063766.46,80572,157920
enc_2304x1296_10,1791063766.56,80512,157860
enc_2304x1296_10,1791063766.66,80464,157940
enc_2304x1296_10,1791063766.76,80464,157940
enc_2304x1296_10,1791063766.86,80464,157940
enc_2304x1296_10,1791063766.96,80464,157940
enc_2304x1296_10,1791063767.06,80464,157940
enc_2304x1296_10,1791063767.16,80464,157940
enc_2304x1296_10,1791063767.26,80464,157940
enc_2304x1296_10,1791063767.36,80464,157940
enc_2304x1296_10,1791063767.47,79096,156116
enc_2304x1296_10,1791063767.57,74644,150144
enc_2304x1296_10,1791063767.67,71680,146192
enc_2304x1296_10,1791063767.77,71680,146192
enc_2304x1296_10,1791063767.87,71680,146192
enc_2304x1296_10,1791063767.97,71680,146192
enc_2304x1296_10,1791063768.07,71680,146192
enc_2304x1296_10,1791063768.17,71680,146192
enc_2304x1296_10,1791063768.27,75556,151208
enc_2304x1296_10,1791063768.38,104020,190628
enc_2304x1296_10,1791063768.48,96192,178996
enc_2304x1296_10,1791063768.58,93304,175044
enc_2304x1296_10,1791063768.68,87300,167140
enc_2304x1296_10,1791063768.78,87300,167140
enc_2304x1296_10,1791063768.88,78484,155360
enc_2304x1296_10,1791063768.98,78484,155360
enc_2304x1296_10,1791063769.08,78484,155360
enc_2304x1296_10,1791063769.18,78484,155360
enc_2304x1296_10,1791063769.29,78484,155360
enc_2304x1296_10,1791063769.39,78484,155360
enc_2304x1296_10,1791063769.49,78484,155360
enc_2304x1296_10,1791063769.59,78436,155312
enc_2304x1296_10,1791063769.69,78436,155312
enc_2304x1296_10,1791063769.79,78436,155312
enc_2304x1296_10,1791063769.89,78436,155312
enc_2304x1296_10,1791063769.99,78436,155312
enc_2304x1296_10,1791063770.09,78436,155312
enc_2304x1296_10,1791063770.19,78436,155312
enc_2304x1296_10,1791063770.30,78436,155312
enc_2304x1296_10,1791063770.40,78436,155312
enc_2304x1296_10,1791063770.50,78436,155312
enc_2304x1296_10,1791063770.60,78436,155312
enc_2304x1296_10,1791063770.70,77068,153488
enc_2304x1296_10,1791063770.80,72660,147560
enc_2304x1296_10,1791063770.90,72660,147560
enc_2304x1296_10,1791063771.00,72660,147560
enc_2304x1296_10,1791063771.10,72660,147560
enc_2304x1296_10,1791063771.21,72660,147560
enc_2304x1296_10,1791063771.31,72660,147560
enc_2304x1296_10,1791063771.41,72660,147560
enc_2304x1296_10,1791063771.51,101464,186016
enc_2304x1296_10,1791063771.61,94012,176056
enc_2304x1296_10,1791063771.71,91048,172104
enc_2304x1296_10,1791063771.81,85044,164124
enc_2304x1296_10,1791063771.91,85044,164124
enc_2304x1296_10,1791063772.01,76304,152420
enc_2304x1296_10,1791063772.12,76304,152420
enc_2304x1296_10,1791063772.22,76304,152420
enc_2304x1296_10,1791063772.32,76304,152420
enc_2304x1296_10,1791063772.42,76304,152420
enc_2304x1296_10,1791063772.52,76304,152420
enc_2304x1296_10,1791063772.62,76236,152352
enc_2304x1296_10,1791063772.72,76236,152352
enc_2304x1296_10,1791063772.82,76236,152256
enc_2304x1296_10,1791063772.92,76236,152256
enc_2304x1296_10,1791063773.02,76236,152256
enc_2304x1296_10,1791063773.13,76236,152256
enc_2304x1296_10,1791063773.23,76236,152256
enc_2304x1296_10,1791063773.33,76236,152256
enc_2304x1296_10,1791063773.43,76236,152256
enc_2304x1296_10,1791063773.53,76236,152256
enc_2304x1296_10,1791063773.63,76236,152256
enc_2304x1296_10,1791063773.73,76236,152256
enc_2304x1296_10,1791063773.83,73272,148456
enc_2304x1296_10,1791063773.93,70384,144504
enc_2304x1296_10,1791063774.03,69624,143364
enc_2304x1296_10,1791063774.14,69624,143668
enc_2304x1296_10,1791063774.24,69624,143736
enc_2304x1296_10,1791063774.34,69624,143736
enc_2304x1296_10,1791063774.44,69624,143736
enc_2304x1296_10,1791063774.54,101408,185856
enc_2304x1296_10,1791063774.64,116908,208256
enc_2304x1296_10,1791063774.74,116908,208256
idle,1791063774.84,130848,225624
idle,1791063774.94,128492,222584
idle,1791063775.05,128492,222584
idle,1791063775.15,128492,222584
idle,1791063775.25,128492,222584
idle,1791063775.35,128492,222584
idle,1791063775.45,128492,222584
idle,1791063775.55,128492,222584
idle,1791063775.65,128492,222584
idle,1791063775.75,128492,222584
idle,1791063775.85,128492,222584
idle,1791063775.95,128492,222584
idle,1791063776.05,128492,222584
idle,1791063776.15,128492,222584
idle,1791063776.26,128492,222584
idle,1791063776.36,128492,222584
idle,1791063776.46,128492,222584
idle,1791063776.56,128492,222584
idle,1791063776.66,128492,222584
idle,1791063776.76,128492,222584
idle,1791063776.86,128492,222584
stop,1791063776.96,128492,222584
