fsid,camera,illuminant,stop,condition,method,variant,family,target,target_bytes,bytes,bpp,hit,red_err_noise,stress_de_mean,bm_err_R_med,block_de_med,block_de_p95,block_de_stress_med,patch_de_mean,ssim_full,ssim_tex,enc_s,dec_s,knob,note,bias_B,bias_G1,bias_G2,bias_R,bit_exact,block_de_p99,block_de_stress_p95,block_de_stress_p99,bm_err_B_med,bm_err_B_p95,bm_err_G1_med,bm_err_G1_p95,bm_err_G2_med,bm_err_G2_p95,bm_err_R_p95,clip0_R,err_noise3_B,err_noise3_G1,err_noise3_G2,err_noise3_R,err_noise_B,err_noise_G1,err_noise_G2,err_noise_R,height,isp_clip0_B,isp_clip0_G,isp_clip0_R,isp_clip1_B,isp_clip1_G,isp_clip1_R,maxabs_B,maxabs_G1,maxabs_G2,maxabs_R,native_bits,patch_de_max,py_c_identical,ratio_vs16,ratio_vs_native,red_err_noise_vs_mean3,red_pct_err_max,red_pct_err_med,rmse_B,rmse_G1,rmse_G2,rmse_R,stressB_de_max,stressB_de_mean,stress_de_max,width
ae3_cool_s+0_air,ae3,cool,0,air,M0-r1,repeat,floor,floor,,,,,1.40412,0.260878,0.587504,0.484533,1.34945,0.435385,0.270537,0.994543,0.995673,,,,,0.0154888,-0.00180758,-0.000453585,-0.00228839,False,2.15481,1.41192,2.05694,0.665754,2.08594,0.50245,1.52541,0.513299,1.58728,1.82732,3.90643e-06,0.786753,0.775975,0.804426,0.825232,1.34284,1.32534,1.33971,1.40412,800,,,,,,,36,73,104,40,8,1.07265,,,,0.825232,1.38462,0.226387,1.43997,1.75376,1.80025,1.62494,1.15093,0.250453,0.771922,1280
ae3_cool_s+0_air,ae3,cool,0,air,M1-q∞,isp-floor,floor,floor,,,,,0.287694,0.220195,0.169632,0.14372,0.509067,0.127855,0.204387,0.999781,0.999803,,,,,0.00728825,0.00283897,0.00293075,0.0195083,False,0.870297,0.502648,0.769925,0.169772,0.58764,0.170536,0.619594,0.173497,0.606032,0.541664,0,0.810723,0.805912,0.84513,0.826446,0.205879,0.304539,0.339566,0.287694,800,,,,,,,0.574723,1.02312,1.02312,0.814612,8,0.687172,,,,0.826446,0.983109,0.114722,0.18915,0.357102,0.356681,0.287362,0.629991,0.221426,0.650798,1280
ae3_cool_s+0_air,ae3,cool,0,air,M1,,processed,T1,51200,50333,0.393227,True,1.76703,0.828268,1.41771,1.23708,3.08009,1.11179,0.87079,0.990754,0.987679,0.0206538,0.0942421,62,,0.102459,0.308445,0.0672166,-0.0950477,False,4.16029,2.86688,3.70876,1.58467,4.54168,1.06123,3.46607,0.990786,3.30135,4.03341,0,1.66195,1.74058,1.7219,1.65906,1.73883,1.78765,1.80471,1.76703,800,0,0,0,0.111959,0,0.108909,48.0183,59.9986,65.3262,48.0803,8,4.21773,,40.689,20.3445,1.65906,3.29702,0.657168,2.62023,2.95043,2.87575,2.63021,3.93817,0.929148,3.35214,1280
ae3_cool_s+0_air,ae3,cool,0,air,M1,,processed,T2,102400,102668,0.802094,True,1.27635,0.450584,0.622151,0.556193,2.02441,0.480351,0.452807,0.995263,0.992335,0.0218978,0.0922304,88,,0.129944,0.047301,-0.210182,0.140135,False,2.94094,1.91292,2.92584,0.646774,2.67468,0.618717,2.35318,0.654992,2.38501,2.18939,0,1.22398,1.30435,1.41104,1.27009,1.30089,1.23982,1.4044,1.27635,800,0,0,0,0.111959,0,0.108909,57.1149,44.3236,54.3642,48.1443,8,1.59323,,19.9478,9.9739,1.27009,1.38689,0.304698,2.32689,2.18688,2.15759,2.15059,1.99592,0.462901,1.26419,1280
ae3_cool_s+0_air,ae3,cool,0,air,M1,,processed,T3,204800,203095,1.58668,True,1.01995,0.339063,0.393419,0.307781,1.05745,0.278825,0.33141,0.996985,0.995529,0.0235457,0.0994483,96,,0.0742094,0.124376,-0.0966441,0.0362513,False,2.72665,0.985541,2.04503,0.426817,1.4529,0.436485,1.40085,0.402146,1.27198,1.3661,0,1.03208,1.08165,1.16766,1.04875,1.01606,1.04947,1.09238,1.01995,800,0,0,0,0.111959,0,0.108909,57.9917,36.06,37.1653,45.5803,8,1.73345,,10.084,5.04198,1.04875,1.65052,0.172501,2.17218,1.62531,1.5867,2.06361,1.0801,0.341703,1.36479,1280
ae3_cool_s+0_air,ae3,cool,0,air,M1-fix,,processed,T1,51200,50364,0.393469,True,1.96123,0.338535,1.42486,0.664928,1.64409,0.561346,0.329831,0.988638,0.986125,0.0198414,0.10556,56,,-0.0295579,0.0556363,-0.101149,-0.116215,False,2.34652,1.52098,2.02416,0.937034,2.9489,0.737205,2.61249,0.762314,2.52815,3.85224,0,1.56928,1.6991,1.59652,1.85282,1.72891,1.76891,1.77312,1.96123,800,0.00377441,0.000128906,6.34766e-05,0.113772,0.0458789,0.110162,62.439,61.4413,76.0755,59.7659,8,0.777842,,40.664,20.332,1.85282,2.10746,0.73388,2.70246,2.7019,2.66452,2.87246,1.02994,0.330683,0.86602,1280
ae3_cool_s+0_air,ae3,cool,0,air,M1-fix,,processed,T2,102400,100728,0.786937,True,1.44288,0.168504,0.663133,0.318583,1.08729,0.267407,0.183222,0.993849,0.991917,0.0224928,0.104913,84,,0.0216022,0.0492044,-0.152005,0.0110498,False,3.16096,0.907213,2.67636,0.439395,1.82582,0.470564,1.68535,0.436703,1.67706,2.13635,0,1.16543,1.24602,1.27927,1.3783,1.29267,1.16724,1.24502,1.44288,800,0.00377441,0.000128906,6.34766e-05,0.113772,0.0458789,0.110162,70.5229,41.7575,50.29,55.4909,8,1.13104,,20.332,10.166,1.3783,2.49239,0.293627,2.59152,1.98405,1.98834,2.59301,1.0108,0.167168,0.674501,1280
ae3_cool_s+0_air,ae3,cool,0,air,M1-fix,,processed,T3,204800,191881,1.49907,False,1.21608,0.130583,0.394815,0.196354,1.27057,0.168847,0.133451,0.996147,0.995447,0.0231615,0.107477,94,bracketed (integer knob): metrics interpolated,0.0423109,-0.00485151,-0.136465,0.00570457,False,3.50794,1.12337,2.80482,0.289329,1.48493,0.330991,1.10326,0.305397,1.15789,1.49702,0,0.98092,1.08927,1.17158,1.17938,1.09796,0.930694,0.947982,1.21608,800,0.00377441,0.000128906,6.34766e-05,0.113772,0.0458789,0.110162,63.5266,43.3776,46.6954,46.8198,8,1.08252,,10.6733,5.33664,1.17938,2.53695,0.20297,2.45989,1.42829,1.46311,2.44171,0.956109,0.148733,0.635493,1280
ae3_cool_s+0_air,ae3,cool,0,air,M1-fix,,processed,T3,204800,217249,1.69726,False,1.19661,0.125972,0.398764,0.190409,1.21926,0.166834,0.131085,0.996419,0.996044,0.0242603,0.109836,95,bracketed (integer knob): metrics interpolated,0.040785,-0.0158505,-0.132187,0.0122012,False,3.21527,1.08894,2.5428,0.276052,1.45397,0.320478,1.06281,0.29858,1.10141,1.48917,0,1.00204,1.09717,1.14117,1.15206,1.1043,0.92667,0.924008,1.19661,800,0.00377441,0.000128906,6.34766e-05,0.113772,0.0458789,0.110162,64.2174,41.999,45.4921,45.5717,8,1.03875,,9.42697,4.71349,1.15206,2.48759,0.15417,2.43939,1.33747,1.38961,2.40004,0.918597,0.138185,0.603103,1280
ae3_cool_s+0_air,ae3,cool,0,air,D,D,raw,T1,51200,50444,0.394094,True,2.92584,0.806161,1.95472,1.37024,3.5164,1.23866,0.748019,0.965166,0.931436,0.0698307,0.0748036,32,,-0.00364136,0.00167327,-0.0186964,0.0215813,False,4.69025,3.77234,4.99416,2.03607,4.60489,1.96147,4.4097,1.95015,4.39389,4.33857,1.17193e-05,2.08676,2.92133,3.23802,2.78538,2.2099,3.02806,3.28039,2.92584,800,,,,,,,77.3176,111.271,106.937,95.6627,8,2.32301,,40.5995,20.2997,2.78538,2.92955,0.520561,3.40328,4.94703,4.99464,4.36362,1.94196,0.681669,2.75758,1280
ae3_cool_s+0_air,ae3,cool,0,air,D,D,raw,T2,102400,99896,0.780438,True,1.64125,0.361602,0.628816,0.448258,1.23593,0.411062,0.350246,0.987907,0.983063,0.06928,0.0749098,76,,-0.0125314,-0.0209455,-0.0138862,-0.0129527,False,1.62359,1.31896,1.69925,0.658249,1.61462,0.637616,1.67813,0.635878,1.67967,1.62694,0,1.40715,1.60443,2.03223,1.53353,1.41426,1.63904,2.03758,1.64125,800,,,,,,,39.2314,55.702,58.749,39.0824,8,0.989992,,20.5013,10.2507,1.53353,1.38218,0.38704,1.89801,2.6341,2.6545,2.31101,1.01108,0.347188,0.995761,1280
ae3_cool_s+0_air,ae3,cool,0,air,D,D,raw,T3,204800,197626,1.54395,True,0.988814,0.333998,0.258635,0.22227,0.684128,0.222241,0.328081,0.996094,0.995785,0.0767134,0.0786642,93,,-0.0058153,-0.0156769,-0.015593,-0.00757179,False,0.932394,0.750493,0.989538,0.329688,0.845852,0.276341,0.916997,0.283639,0.884579,0.852298,0,1.0092,1.11053,1.2478,1.12725,0.906754,1.00917,1.18453,0.988814,800,,,,,,,16.3176,19.0157,17.0039,14.3686,8,1.23264,,10.363,5.1815,1.12725,0.816118,0.11018,1.01307,1.35513,1.36898,1.20693,1.00905,0.294768,1.03701,1280
ae3_cool_s+0_air,ae3,cool,0,air,D2,D2/modular,raw,T1,51200,50991,0.398367,True,1.31505,0.356878,0.384285,0.272151,0.896264,0.253603,0.329574,0.982529,0.975342,0.463026,0.138458,4.2506,,0.0010355,0.00536434,0.0116219,0.0109633,False,1.67246,0.815437,1.58068,0.361324,1.21949,0.386335,1.30537,0.391241,1.30423,1.30851,4.29708e-05,1.06366,1.33362,1.43095,1.10547,1.27182,1.49546,1.55909,1.31505,800,,,,,,,38.042,52.293,52.4802,46.046,8,1.12386,,40.164,20.082,1.10547,1.26937,0.253941,2.67738,3.94693,3.80028,3.36198,1.15773,0.330287,0.854942,1280
ae3_cool_s+0_air,ae3,cool,0,air,D2,D2/modular,raw,T2,102400,103187,0.806148,True,1.01829,0.103251,0.119175,0.0903418,0.286357,0.0811411,0.100147,0.994386,0.995468,0.465598,0.143347,1.2816,,-0.00171486,0.00746178,0.00171817,0.000236267,False,0.488103,0.270457,0.476,0.114976,0.394372,0.121054,0.430802,0.118569,0.399325,0.401925,0,0.864439,1.01547,1.03524,0.948475,0.950957,1.0508,1.17511,1.01829,800,,,,,,,21.5851,19.5862,24.8421,20.2134,8,0.393977,,19.8475,9.92373,0.948475,0.433673,0.113946,1.24028,1.74945,1.72004,1.59275,0.554088,0.112797,0.313224,1280
ae3_cool_s+0_air,ae3,cool,0,air,D2,D2/modular,raw,T3,204800,204153,1.59495,True,0.735447,0.0505262,0.0741852,0.0514196,0.136393,0.0462087,0.0487337,0.998343,0.998699,0.505342,0.142662,0.3944,,0.00233955,0.00333011,0.00256304,0.00170587,False,0.196406,0.138484,0.20074,0.0697428,0.201994,0.0718493,0.224829,0.0724357,0.213995,0.21185,0,0.849988,0.855009,0.896633,0.891404,0.671844,0.757695,0.790665,0.735447,800,,,,,,,6.2006,13.7901,10.455,9.56016,8,0.143815,,10.0317,5.01585,0.891404,0.301316,0.0543543,0.631812,0.847413,0.845243,0.818031,0.14547,0.0503714,0.135955,1280
ae3_cool_s+0_uw,ae3,cool,0,uw,M0-r1,repeat,floor,floor,,,,,1.41064,0.488329,0.778536,0.691081,1.93975,0.632953,0.347675,0.978716,0.980349,,,,,0.00944199,-0.00498185,-0.00589912,-0.00152732,False,2.7365,2.10429,3.88767,0.684161,2.13364,0.494655,1.49828,0.507392,1.56557,2.39001,0.000109697,0.805808,0.770015,0.796431,0.817046,1.39198,1.32851,1.33286,1.41064,800,,,,,,,25,73,104,4,8,0.945331,,,,0.817046,2.51889,0.542358,1.23533,1.60088,1.678,0.730875,1.62207,0.544398,1.95703,1280
ae3_cool_s+0_uw,ae3,cool,0,uw,M1-q∞,isp-floor,floor,floor,,,,,0.0505768,0.210471,0.150952,0.150281,0.382778,0.144705,0.181078,0.999744,0.999775,,,,,0.014356,0.00430017,0.00475715,-0.00381973,False,0.514596,0.3962,0.503474,0.161107,0.424083,0.169082,0.616741,0.17578,0.601076,0.446576,0,0.801241,0.798995,0.843558,0.818553,0.170096,0.301435,0.336051,0.0505768,800,,,,,,,0.460672,1.02312,1.02312,0.0753879,8,0.687161,,,,0.818553,0.777841,0.293664,0.131122,0.335284,0.334837,0.0316302,0.83174,0.25148,0.650647,1280
ae3_cool_s+0_uw,ae3,cool,0,uw,M1,,processed,T1,51200,50195,0.392148,True,1.01537,1.16973,0.853617,1.163,2.89829,1.1963,0.852466,0.983842,0.983467,0.0210452,0.0931707,52,,0.092212,0.325303,0.0321365,-0.0104014,False,3.81135,2.99822,4.25632,1.56356,3.78395,1.19954,3.62799,1.05871,3.39668,2.16695,0,1.64288,2.54059,2.67853,0.702573,1.73888,2.53068,2.76231,1.01537,800,0,0,0,0.114126,0,0.196828,38.5336,70.8901,73.8403,6.45808,8,3.5465,,40.8009,20.4004,0.702573,4.65351,0.626082,2.0563,3.02841,2.93904,0.568121,6.12171,1.21808,5.02201,1280
ae3_cool_s+0_uw,ae3,cool,0,uw,M1,,processed,T2,102400,97828,0.764281,True,0.870694,0.66702,0.437996,0.673639,1.79177,0.669465,0.498362,0.9909,0.98938,0.0228975,0.0914318,82,,0.111291,0.210561,-0.0707716,-0.0101837,False,2.34803,1.86552,2.64158,0.76316,2.36878,0.709099,2.38112,0.640669,2.2295,1.36144,0,1.29504,2.16783,2.36275,0.620646,1.46644,2.14484,2.34877,0.870694,800,0,0,0,0.114126,0,0.196828,41.3509,60.8785,61.473,6.77904,8,1.26427,,20.9347,10.4674,0.620646,2.43366,0.529159,1.82201,2.47257,2.42237,0.489974,4.74918,0.68941,3.26898,1280
ae3_cool_s+0_uw,ae3,cool,0,uw,M1,,processed,T3,204800,202961,1.58563,True,0.721089,0.445355,0.285167,0.33355,1.05134,0.325381,0.300434,0.994746,0.993518,0.0244697,0.10174,94,,0.104304,0.217212,-0.0428025,-0.0146492,False,2.11756,1.09853,2.51461,0.403758,1.4271,0.524134,1.51157,0.397166,1.37123,0.937288,0,1.06327,1.95099,2.10586,0.589712,1.17645,1.96652,2.03794,0.721089,800,0,0,0,0.114126,0,0.196828,47.0434,30.4327,33.219,7.0961,8,1.01221,,10.0906,5.0453,0.589712,1.83533,0.344254,1.73183,1.92872,1.89853,0.425539,4.23641,0.457865,3.05137,1280
ae3_cool_s+0_uw,ae3,cool,0,uw,M1-fix,,processed,T1,51200,51010,0.398516,True,1.32273,6.52859,1.57157,1.32175,14.3135,1.08115,5.4088,0.965697,0.935995,0.0213601,0.102166,58,,-0.567829,-3.1276,-3.36103,0.073514,False,19.4627,13.1791,23.5466,0.958633,9.52739,0.908611,29.9356,0.931371,29.4535,5.80987,2.53146e-05,1.25601,1.88256,1.923,1.04091,1.41398,1.95187,2.00417,1.32273,800,0.00706543,0,0.066999,0.00547949,0.304065,0,52.8217,88.5665,96.2846,17.1394,8,29.1604,,40.149,20.0745,1.04091,331.785,1.42731,3.34935,11.5848,11.5822,0.928076,69.605,9.90088,32.0652,1280
ae3_cool_s+0_uw,ae3,cool,0,uw,M1-fix,,processed,T2,102400,98979,0.773273,True,1.15092,6.27897,0.838318,0.641079,14.2462,0.54218,5.16246,0.973678,0.944123,0.0226153,0.105966,83,,-0.586974,-3.13109,-3.35591,0.0532854,False,19.2493,12.83,22.6824,0.484811,9.14935,0.545815,30.0779,0.597288,28.8341,4.87926,4.21911e-06,1.05404,1.51159,1.55198,0.996055,1.21878,1.5784,1.49078,1.15092,800,0.00706543,0,0.066999,0.00547949,0.304065,0,53.1515,79.1425,87.1208,11.4046,8,29.3942,,20.6913,10.3456,0.996055,336.915,0.665643,3.18995,11.4001,11.4308,0.807006,70.6955,9.47481,32.1971,1280
ae3_cool_s+0_uw,ae3,cool,0,uw,M1-fix,,processed,T3,204800,201560,1.57469,True,0.921197,6.1936,0.539784,0.376919,14.0643,0.314145,5.05238,0.978203,0.951398,0.0237507,0.110474,94,,-0.567323,-3.16211,-3.35633,0.0474706,False,19.1227,12.6664,22.711,0.299649,9.0442,0.405981,30.7818,0.450021,29.1589,4.94551,0,0.966666,1.36665,1.42758,0.821174,1.09406,1.33567,1.35693,0.921197,800,0.00706543,0,0.066999,0.00547949,0.304065,0,54.3181,67.8851,68.0511,9.4226,8,29.2151,,10.1607,5.08037,0.821174,333.785,0.606161,3.14356,11.2601,11.2998,0.706718,70.0168,9.26174,32.0518,1280
ae3_cool_s+0_uw,ae3,cool,0,uw,D,D,raw,T1,51200,50980,0.398281,True,1.32967,1.56681,2.21259,1.68133,4.03289,1.53688,1.10747,0.96285,0.945573,0.0726156,0.0783504,40,,0.0348109,0.0799083,0.0929664,0.0421212,False,5.07268,3.90008,5.86057,1.72324,3.81332,1.52817,3.60741,1.61831,3.72284,5.52974,0.00014345,1.76574,2.75264,2.96858,1.11768,1.85596,2.83629,3.07598,1.32967,800,,,,,,,58.4078,92.8667,105.631,15.3686,8,3.91229,,40.1726,20.0863,1.11768,7.81275,1.48386,2.41851,3.97748,3.96784,0.884382,13.904,1.93964,7.08335,1280
ae3_cool_s+0_uw,ae3,cool,0,uw,D,D,raw,T2,102400,102239,0.798742,True,1.05367,0.714477,0.762039,0.618904,1.62013,0.559917,0.508349,0.982913,0.983229,0.0731289,0.0799144,80,,-0.0158906,-0.00264264,-0.00664786,0.00674136,False,2.06021,1.55249,2.55426,0.55088,1.4208,0.494785,1.33667,0.496566,1.37348,2.26323,3.37529e-05,1.17343,1.53504,1.81158,0.895165,1.19939,1.52308,1.82786,1.05367,800,,,,,,,30.5843,45.3373,41.0588,9.13725,8,1.79838,,20.0315,10.0157,0.895165,4.26137,1.03906,1.37394,2.17358,2.15502,0.634556,4.82111,0.839983,3.19195,1280
ae3_cool_s+0_uw,ae3,cool,0,uw,D,D,raw,T3,204800,208669,1.63023,True,0.882067,0.557278,0.612457,0.468381,1.11535,0.406974,0.457526,0.992931,0.995432,0.0740117,0.0827064,94,,-0.0128887,-0.00479155,-0.00701209,0.0077828,False,1.32338,1.08516,1.50265,0.338785,0.881413,0.276343,0.893102,0.282851,0.91514,1.38987,0,1.00321,1.10761,1.23167,0.910708,0.898983,1.01097,1.13743,0.882067,800,,,,,,,10.2588,14.2706,14.4078,3.76863,8,1.28181,,9.81459,4.90729,0.910708,3.96886,0.769118,0.808878,1.173,1.16385,0.473131,1.92012,0.669491,1.4112,1280
ae3_cool_s+0_uw,ae3,cool,0,uw,D2,D2/modular,raw,T1,51200,50067,0.391148,True,1.05057,0.777024,0.481886,0.359412,1.38207,0.315596,0.519921,0.975133,0.970382,0.458365,0.137797,3.8401,,0.00566833,0.0111394,0.00957543,-0.00942745,False,2.71187,1.73069,4.53304,0.327981,1.07246,0.308527,1.10843,0.320297,1.05782,1.64737,0.000451444,0.929948,1.26333,1.26844,0.709725,1.17507,1.41748,1.42816,1.05057,800,,,,,,,28.1739,48.3874,47,11.404,8,1.92651,,40.9052,20.4526,0.709725,2.93864,0.790497,1.99973,3.33546,3.28962,0.809491,10.9734,0.929622,5.62567,1280
ae3_cool_s+0_uw,ae3,cool,0,uw,D2,D2/modular,raw,T2,102400,102490,0.800703,True,0.927278,0.305125,0.17877,0.136153,0.455018,0.121003,0.191877,0.989958,0.994603,0.471581,0.160832,1.2295,,-0.00148613,0.00312188,0.000812971,-0.00153391,False,0.98509,0.568874,1.88828,0.117923,0.369399,0.115731,0.397265,0.115607,0.370307,0.603952,0,0.795766,0.995807,1.06061,0.785564,0.96482,1.0261,1.17194,0.927278,800,,,,,,,16.7498,17.2006,21.066,4.58995,8,1.12732,,19.9824,9.99122,0.785564,1.5749,0.222177,1.02535,1.58638,1.58103,0.547086,3.70829,0.326392,3.64677,1280
ae3_cool_s+0_uw,ae3,cool,0,uw,D2,D2/modular,raw,T3,204800,207950,1.62461,True,0.548799,0.224945,0.121698,0.0858595,0.278973,0.0757668,0.110767,0.996878,0.998157,0.513077,0.143895,0.432,,0.00281637,0.00354447,0.00271655,0.00588788,False,0.550919,0.349651,1.21245,0.0737931,0.211476,0.0719702,0.207042,0.0722593,0.211974,0.369201,0,0.903865,0.86203,0.887191,0.924746,0.712078,0.788994,0.826247,0.548799,800,,,,,,,7.19547,10.7672,8.53068,2.19046,8,0.937291,,9.84852,4.92426,0.924746,0.65958,0.0926396,0.587792,0.843307,0.842928,0.329211,3.1153,0.218505,2.95809,1280
ae3_cool_s-1_air,ae3,cool,-1,air,W,W,raw,T1,51200,51395,0.401523,True,1.26448,0.372366,0.843172,0.667364,2.05726,0.562333,0.343851,0.970221,0.927608,0.0880053,0.101997,618.9035,,-0.0313852,-0.0225349,-0.0234367,-0.0185269,False,4.03073,2.113,3.84278,0.843909,3.20155,0.861181,3.0285,0.84723,3.07146,3.07083,4.33747e-05,1.05294,1.33303,1.29269,1.1081,1.2576,1.47238,1.44614,1.26448,800,,,,,,,56.2458,62.6501,61.7542,49.6989,8,1.0902,,39.8482,19.9241,1.1081,3.7091,0.368662,2.66988,3.7304,3.62268,3.06364,1.86152,0.348517,1.15442,1280
ae3_cool_s-1_air,ae3,cool,-1,air,W,W,raw,T2,102400,102423,0.80018,True,0.949149,0.175307,0.376368,0.316144,0.912926,0.256825,0.151323,0.990316,0.991714,0.0869701,0.100746,198.257,,0.00168196,0.00976615,0.0118147,0.00663759,False,1.4962,0.963088,1.53061,0.354649,1.14168,0.355728,1.12144,0.360731,1.19421,1.21148,0,0.766023,0.838324,0.914986,0.821898,0.929157,1.03143,1.02912,0.949149,800,,,,,,,17.498,22.566,21.9834,18.3858,8,0.381432,,19.9955,9.99775,0.821898,0.807293,0.210908,1.13054,1.55439,1.53351,1.37748,0.566676,0.166716,0.472379,1280
ae3_cool_s-1_air,ae3,cool,-1,air,W,W,raw,T3,204800,203970,1.59352,True,0.701031,0.0993471,0.135376,0.130303,0.352231,0.104573,0.0832975,0.997141,0.998359,0.0990167,0.116771,58.1036,,0.00257583,0.0116959,0.0120209,0.007203,False,0.539899,0.377052,0.573148,0.13466,0.419757,0.129111,0.405659,0.134708,0.4317,0.416061,0,0.732815,0.776176,0.800668,0.790835,0.705662,0.743093,0.750621,0.701031,800,,,,,,,5.49104,7.02312,6.35894,5.8785,8,0.337128,,10.0407,5.02035,0.790835,0.457667,0.0632035,0.544542,0.663184,0.661139,0.653497,0.382311,0.0914786,0.28099,1280
ae3_cool_s-1_air,ae3,cool,-1,air,M0-r1,repeat,floor,floor,,,,,1.39571,0.556036,0.859842,0.654984,1.87644,0.550223,0.506437,0.99169,0.995168,,,,,0.0728477,0.18671,0.179404,0.229343,False,2.95237,2.04596,3.11285,0.746005,2.24263,0.67777,2.05758,0.682633,2.13095,2.53812,3.94316e-06,0.794628,0.790197,0.806298,0.806371,1.38692,1.39716,1.40504,1.39571,800,,,,,,,57,89,77,31,8,2.2673,,,,0.806371,3.08735,0.726073,1.10244,1.29917,1.27966,1.25179,1.30659,0.445741,2.05866,1280
ae3_cool_s-1_air,ae3,cool,-1,air,M1-q∞,isp-floor,floor,floor,,,,,0.266499,0.354949,0.261363,0.265501,0.658633,0.2095,0.353493,0.999785,0.99979,,,,,0.000100806,0.00373959,0.00572974,-0.000449354,False,0.923497,0.613339,0.847891,0.207994,0.680624,0.184229,0.58883,0.191657,0.605851,0.753688,0,0.791662,0.924656,0.891895,0.85833,0.183976,0.327651,0.338876,0.266499,800,,,,,,,0.535233,0.894911,0.933749,0.701311,8,1.01723,,,,0.85833,1.382,0.296507,0.152393,0.279782,0.279871,0.229407,1.24207,0.383873,0.772894,1280
ae3_cool_s-1_air,ae3,cool,-1,air,M1,,processed,T1,51200,50772,0.396656,True,1.46502,0.829145,1.14895,1.50007,3.43227,1.22661,0.829419,0.991495,0.989194,0.024203,0.0950358,69,,0.0609445,0.00564628,-0.143548,0.237227,False,4.32205,3.84235,5.26008,1.41181,3.7673,0.950403,3.02342,0.934577,3.12252,4.3808,0,1.17184,1.39319,1.31252,1.35464,1.37675,1.46829,1.42246,1.46502,800,0,0,0,0.000573242,0,0.000448242,48.8554,72.2868,55.2353,21.9601,8,2.19806,,40.3372,20.1686,1.35464,4.06957,0.777395,1.92131,2.01405,1.93692,1.74397,2.33552,0.818574,2.0862,1280
ae3_cool_s-1_air,ae3,cool,-1,air,M1,,processed,T2,102400,98769,0.771633,True,1.18222,0.569295,0.679584,0.793888,2.55329,0.628128,0.565442,0.994937,0.992468,0.0244836,0.0981337,89,,0.0331413,-0.0343411,-0.194928,0.0926784,False,3.62437,2.05197,2.99842,0.647094,2.54722,0.634722,2.26112,0.694081,2.57694,2.35373,0,0.996326,1.15709,1.25666,1.14575,1.09981,1.17794,1.19438,1.18222,800,0,0,0,0.000573242,0,0.000448242,44.8165,48.0667,44.2371,22.4069,8,2.26784,,20.7353,10.3676,1.14575,1.72856,0.488773,1.71114,1.58165,1.53639,1.48589,2.50955,0.578578,1.57905,1280
ae3_cool_s-1_air,ae3,cool,-1,air,M1,,processed,T3,204800,197824,1.5455,True,1.00447,0.345147,0.38765,0.404893,1.17204,0.328499,0.366013,0.996659,0.995331,0.028564,0.0995466,96,,-0.0317164,0.035594,-0.0958465,-0.0063193,False,1.98756,1.04741,1.76868,0.397119,1.45613,0.393858,1.30169,0.428593,1.40685,1.30042,0,0.926449,1.08801,1.0938,0.994381,0.971234,1.00939,0.986216,1.00447,800,0,0,0,0.000573242,0,0.000448242,38.28,30.7897,32.7135,23.6943,8,1.77442,,10.3526,5.17632,0.994381,1.64571,0.330251,1.58517,1.19043,1.14592,1.41767,1.15309,0.345065,1.40072,1280
ae3_cool_s-1_air,ae3,cool,-1,air,M1-444,,processed,T1,51200,50647,0.39568,True,1.37916,0.836521,1.0917,1.19926,2.98587,0.958638,0.783248,0.988738,0.985254,0.0261708,0.0990607,54,,-0.00413044,-0.0218581,-0.125956,-0.0647116,False,3.86847,2.97498,4.18247,1.12478,3.46419,0.934914,3.13968,0.976162,3.37991,3.32053,0,1.13366,1.37804,1.47553,1.26896,1.32151,1.53816,1.54972,1.37916,800,0,0,0,0.000573242,0,0.000448242,42.1592,59.0496,67.1704,31.3027,8,2.7465,,40.4367,20.2184,1.26896,3.43449,0.714282,1.84983,2.23565,2.17517,1.83603,5.37244,0.886547,2.25379,1280
ae3_cool_s-1_air,ae3,cool,-1,air,M1-444,,processed,T2,102400,97876,0.764656,True,1.11959,0.595885,0.701147,0.765768,2.24467,0.596536,0.60185,0.99372,0.991334,0.0293701,0.102576,82,,0.0194928,-0.0306498,-0.149621,0.167233,False,3.28061,1.89282,2.68243,0.631414,2.2662,0.571931,2.03349,0.714334,2.23791,2.62484,0,1.06476,1.22732,1.24629,1.08363,1.07039,1.25045,1.23317,1.11959,800,0,0,0,0.000573242,0,0.000448242,34.3566,44.2353,52.4982,30.6048,8,1.9433,,20.9244,10.4622,1.08363,2.43403,0.54395,1.41538,1.72003,1.70897,1.4816,3.2637,0.58829,1.28093,1280
ae3_cool_s-1_air,ae3,cool,-1,air,M1-444,,processed,T3,204800,199055,1.55512,True,0.893654,0.362174,0.391024,0.39274,1.2172,0.318607,0.375349,0.996164,0.99583,0.0317205,0.10748,93,,-0.0253756,0.0181297,-0.0836055,0.0172301,False,1.91273,1.05444,1.6481,0.401389,1.39364,0.375211,1.36129,0.44223,1.40816,1.31683,0,0.96873,1.10637,1.12773,1.05747,0.856374,1.02948,1.00718,0.893654,800,0,0,0,0.000573242,0,0.000448242,22.3332,23.0427,26.696,18.4114,8,1.98951,,10.2886,5.14431,1.05747,1.50819,0.290964,1.00148,1.25078,1.2363,1.10366,1.23395,0.323434,1.59451,1280
ae3_cool_s-1_air,ae3,cool,-1,air,M1j,,processed,T1,51200,50826,0.397078,True,1.10903,0.456368,0.558351,0.623415,1.65479,0.505094,0.430648,0.990989,0.987082,0.0325961,0.106579,79,,-0.0533052,0.0428791,-0.0689605,-0.0156943,False,2.61063,1.52952,2.39453,0.584968,2.00656,0.53691,1.91283,0.531414,2.03009,1.66594,0,0.931395,1.0008,1.10272,0.938316,1.14513,1.17923,1.26273,1.10903,800,0,0,0,0.000573242,0,0.000448242,50.9957,61.8874,68.6152,24.28,8,1.45005,,40.2943,20.1472,0.938316,1.09365,0.273934,1.88578,2.03148,1.99503,1.61177,0.841438,0.373227,1.56902,1280
ae3_cool_s-1_air,ae3,cool,-1,air,M1j,,processed,T2,102400,104451,0.816023,True,0.859872,0.314442,0.291997,0.31889,0.971458,0.265712,0.31505,0.995212,0.993441,0.0328293,0.105754,94,,-0.0346548,0.0523772,-0.06176,-0.000818436,False,1.79201,0.886229,1.58744,0.3225,1.29259,0.369842,1.34443,0.351258,1.35068,0.988317,0,0.758702,0.895017,0.935799,0.796392,0.924213,0.971922,0.984508,0.859872,800,0,0,0,0.000573242,0,0.000448242,42.9059,45.2908,42.6232,18.7329,8,1.0711,,19.6073,9.80364,0.796392,0.954196,0.253779,1.57901,1.41908,1.36464,1.29146,1.22137,0.309433,1.03533,1280
ae3_cool_s-1_air,ae3,cool,-1,air,M1j,,processed,T3,204800,191329,1.49476,False,0.690945,0.272847,0.229975,0.256796,0.883298,0.218029,0.26231,0.996997,0.995627,0.0393744,0.11171,98,bracketed (integer knob): metrics interpolated,-0.0272004,0.0456587,-0.0525044,0.00320997,False,1.77094,0.797902,1.62646,0.254969,1.15399,0.311075,1.03749,0.299373,1.03063,0.833233,0,0.727153,0.830083,0.876668,0.774962,0.808639,0.800886,0.810424,0.690945,800,0,0,0,0.000573242,0,0.000448242,37.3896,33.7734,32.7135,18.2996,8,0.745345,,10.7041,5.35204,0.774962,1.07648,0.170303,1.49059,1.10063,1.04128,1.21583,0.766443,0.28185,0.857039,1280
ae3_cool_s-1_air,ae3,cool,-1,air,M1j,,processed,T3,204800,257056,2.00825,False,0.612478,0.262242,0.235488,0.257485,0.894169,0.2177,0.257634,0.997671,0.996292,0.0398808,0.111865,99,bracketed (integer knob): metrics interpolated,-0.0253931,0.0434923,-0.0513079,0.00362961,False,1.8123,0.799791,1.74918,0.253099,1.19146,0.300664,1.00525,0.293236,0.964421,0.843869,0,0.68551,0.815681,0.832974,0.764936,0.724765,0.727955,0.746465,0.612478,800,0,0,0,0.000573242,0,0.000448242,37.3992,35.2495,31.024,18.2996,8,0.740117,,7.96714,3.98357,0.764936,1.02305,0.157973,1.47058,1.00566,0.945523,1.2135,0.769181,0.275716,0.861999,1280
ae3_cool_s-1_air,ae3,cool,-1,air,M1-fix,,processed,T1,51200,50713,0.396195,True,1.6438,0.477796,1.28704,0.810335,2.00941,0.648185,0.50901,0.990001,0.986904,0.02445,0.114588,64,,0.0880483,0.105308,-0.00694334,0.232113,False,2.74059,1.57863,2.26982,0.977687,3.07036,0.719133,2.33634,0.734227,2.40102,3.91101,0,1.1585,1.20392,1.22422,1.47311,1.36242,1.3309,1.33241,1.6438,800,0.00846973,0.000390625,0.00040332,0.000650391,0.000105469,0.000414062,61.248,51.1559,57.3449,46.1359,8,2.10551,,40.3841,20.1921,1.47311,3.74053,1.0553,2.01364,1.92646,1.83184,1.9074,1.41523,0.468728,1.34495,1280
ae3_cool_s-1_air,ae3,cool,-1,air,M1-fix,,processed,T2,102400,101428,0.792406,True,1.31781,0.269671,0.631047,0.422825,1.41618,0.328346,0.279399,0.994243,0.991484,0.0256585,0.109072,86,,-0.0116474,0.0144785,-0.108529,-0.0283401,False,3.2374,1.11103,2.42745,0.436604,1.75052,0.363956,1.45312,0.4124,1.61253,2.32043,0,1.07068,1.09539,1.07144,1.2207,1.15236,0.999266,1.01934,1.31781,800,0.00846973,0.000390625,0.00040332,0.000650391,0.000105469,0.000414062,44.7442,36.5144,26.0897,31.795,8,1.46638,,20.1917,10.0958,1.2207,2.54,0.308591,1.86035,1.42055,1.39352,1.75652,1.29277,0.288938,1.23491,1280
ae3_cool_s-1_air,ae3,cool,-1,air,M1-fix,,processed,T3,204800,207551,1.62149,True,1.14862,0.203829,0.405803,0.270632,1.26954,0.214783,0.199603,0.996595,0.995622,0.0272196,0.108967,95,,-0.0195746,-0.0231742,-0.0880287,-0.0443064,False,3.20646,1.03604,2.72621,0.292872,1.42333,0.260781,1.04573,0.324777,1.1055,1.41933,0,0.953994,1.03275,1.03398,1.10414,1.02311,0.820571,0.817953,1.14862,800,0.00846973,0.000390625,0.00040332,0.000650391,0.000105469,0.000414062,45.7997,21.226,31.3845,27.0148,8,1.14888,,9.86745,4.93373,1.10414,2.09044,0.205692,1.77103,0.951586,0.952764,1.64783,0.797363,0.1819,0.926749,1280
ae3_cool_s-1_air,ae3,cool,-1,air,M2,,processed,T1,51200,51089,0.399133,True,2.06236,1.11946,3.71407,1.40581,3.42609,1.23628,1.03033,0.992884,0.992218,0.110681,0.153999,12.7575,,-0.648734,-0.934402,-1.01919,-1.14739,False,4.29276,3.18585,4.56341,2.78868,5.54401,2.76423,5.70371,3.13567,6.17261,7.63918,0,1.46213,1.76812,1.94068,2.0873,1.58215,1.70068,1.92796,2.06236,800,0,0,0,0.000573242,0,0.000448242,37.1301,33.2371,29.3236,22.5382,8,2.09595,,40.0869,20.0435,2.0873,8.98116,3.803,1.75007,1.87795,1.88203,2.05924,4.22412,1.07981,3.90673,1280
ae3_cool_s-1_air,ae3,cool,-1,air,M2,,processed,T2,102400,95046,0.742547,False,1.92924,1.11019,3.81969,1.20166,2.85409,1.08039,0.950584,0.994735,0.994196,0.124948,0.218191,7.0997,did not converge within ±5 %,-0.64583,-0.917776,-0.991286,-1.16552,False,3.69565,2.57097,3.61156,2.80145,4.82874,2.68714,5.31891,3.04144,5.6512,6.98223,0,1.43043,1.82623,1.92031,1.99606,1.44252,1.69526,1.7956,1.92924,800,0,0,0,0.000573242,0,0.000448242,36.3544,34.8403,27.2141,22.6973,8,2.29445,,21.5475,10.7737,1.99606,8.06574,3.75759,1.66788,1.68117,1.68518,2.00179,3.68757,1.02872,2.1255,1280
ae3_cool_s-1_air,ae3,cool,-1,air,M2,,processed,T3,204800,194807,1.52193,True,1.80732,1.06974,3.89482,1.04541,2.19878,0.970511,0.904508,0.996128,0.99547,0.155133,0.192727,1.1005,,-0.641195,-0.930312,-0.99791,-1.16789,False,2.9446,2.08337,2.75405,2.77319,4.46811,2.76055,4.85762,3.08891,5.22368,6.2475,0,1.38963,1.82884,1.93737,1.99681,1.32093,1.64449,1.71918,1.80732,800,0,0,0,0.000573242,0,0.000448242,38.6644,32.2868,25.2371,22.5644,8,2.06952,,10.513,5.25648,1.99681,7.81161,3.76191,1.60921,1.5528,1.56212,1.94438,2.517,0.941683,2.3777,1280
ae3_cool_s-1_air,ae3,cool,-1,air,M2h,,processed,T1,51200,48794,0.381203,True,1.10259,0.585271,0.656985,0.749994,2.14999,0.594873,0.619799,0.994456,0.99223,0.150801,0.084437,56,,-0.0429404,-0.00233423,-0.110535,0.0447613,False,3.30255,1.86403,2.76806,0.660729,2.28234,0.578486,1.95447,0.618697,2.06484,2.40128,0,0.881061,1.02233,1.12516,0.972065,1.07117,1.17561,1.17983,1.10259,800,0,0,0,0.000573242,0,0.000448242,39.423,36.6209,28.4327,20.3332,8,1.63971,,41.9724,20.9862,0.972065,3.01409,0.63513,1.53267,1.45754,1.42609,1.5049,2.30519,0.671227,1.67119,1280
ae3_cool_s-1_air,ae3,cool,-1,air,M2h,,processed,T2,102400,102324,0.799406,True,1.01911,0.467734,0.496757,0.531355,1.69465,0.443316,0.504151,0.996095,0.994653,0.193464,0.0922101,66,,-0.0283348,-0.0161975,-0.113978,0.0419278,False,2.73633,1.3953,2.27484,0.499519,1.6504,0.412138,1.48864,0.491576,1.58569,1.8042,0,0.844743,1.04298,1.0433,0.936009,0.995992,1.05617,1.06933,1.01911,800,0,0,0,0.000573242,0,0.000448242,34.7858,31.6232,25.2371,20.9319,8,1.75051,,20.0149,10.0074,0.936009,1.56851,0.459102,1.41671,1.19536,1.15629,1.41327,1.47076,0.459816,1.36136,1280
ae3_cool_s-1_air,ae3,cool,-1,air,M2h,,processed,T3,204800,196250,1.5332,True,0.916282,0.434277,0.454074,0.444446,1.43373,0.363522,0.447344,0.99709,0.995961,0.262986,0.103215,74,,-0.0219581,-0.0181172,-0.0873366,0.0374063,False,2.49061,1.19577,2.12048,0.427761,1.44802,0.338477,1.18785,0.400491,1.27852,1.52781,0,0.876963,1.05552,1.03299,0.973006,0.879476,0.995756,1.00563,0.916282,800,0,0,0,0.000573242,0,0.000448242,34.7858,30.7897,23.9997,18.2521,8,2.34791,,10.4357,5.21783,0.973006,1.51039,0.300744,1.35263,1.04451,1.00505,1.36494,1.48174,0.404639,1.8765,1280
ae3_cool_s-1_air,ae3,cool,-1,air,C,C,lossless,lossless,,300788,2.34991,,0,0,0,0,0,0,0,1,1,0.107634,0.143961,,,0,0,0,0,True,0,0,0,0,0,0,0,0,0,0,0,0.783494,0.807145,0.806187,0.81796,0,0,0,0,800,,,,,,,0,0,0,0,8,0,True,6.80878,3.40439,0.81796,0,0,0,0,0,0,0,0,0,1280
ae3_cool_s-1_air,ae3,cool,-1,air,C-jls,C-jls,lossless,lossless,,264125,2.06348,,0,0,0,0,0,0,0,1,1,0.016121,0.0160132,,,0,0,0,0,True,0,0,0,0,0,0,0,0,0,0,0,0.783494,0.807145,0.806187,0.81796,0,0,0,0,800,,,,,,,0,0,0,0,8,0,,7.7539,3.87695,0.81796,0,0,0,0,0,0,0,0,0,1280
ae3_cool_s-1_air,ae3,cool,-1,air,C-png,C-png,lossless,lossless,,333193,2.60307,,0,0,0,0,0,0,0,1,1,1.2839,0.0108728,,,0,0,0,0,True,0,0,0,0,0,0,0,0,0,0,0,0.783494,0.807145,0.806187,0.81796,0,0,0,0,800,,,,,,,0,0,0,0,8,0,,6.14659,3.07329,0.81796,0,0,0,0,0,0,0,0,0,1280
ae3_cool_s-1_air,ae3,cool,-1,air,C2,C2/e3,lossless,lossless,,261111,2.03993,,0,0,0,0,0,0,0,1,1,0.182247,0.192046,,,0,0,0,0,True,0,0,0,0,0,0,0,0,0,0,0,0.783494,0.807145,0.806187,0.81796,0,0,0,0,800,,,,,,,0,0,0,0,8,0,,7.84341,3.9217,0.81796,0,0,0,0,0,0,0,0,0,1280
ae3_cool_s-1_air,ae3,cool,-1,air,C2,C2/e7,lossless,lossless,,245701,1.91954,,0,0,0,0,0,0,0,1,1,0.522622,0.216642,,,0,0,0,0,True,0,0,0,0,0,0,0,0,0,0,0,0.783494,0.807145,0.806187,0.81796,0,0,0,0,800,,,,,,,0,0,0,0,8,0,,8.33533,4.16767,0.81796,0,0,0,0,0,0,0,0,0,1280
ae3_cool_s-1_air,ae3,cool,-1,air,C2,C2/e7/tiled,lossless,lossless,,239072,1.86775,,0,0,0,0,0,0,0,1,1,0.55213,0.106929,,,0,0,0,0,True,0,0,0,0,0,0,0,0,0,0,0,0.783494,0.807145,0.806187,0.81796,0,0,0,0,800,,,,,,,0,0,0,0,8,0,,8.56646,4.28323,0.81796,0,0,0,0,0,0,0,0,0,1280
ae3_cool_s-1_air,ae3,cool,-1,air,N,N/b7,near-lossless,near-lossless,,263126,2.05567,,0.676656,0.896184,0.436529,0.501168,1.63704,0.420081,0.817304,0.998856,0.999024,0.164672,0.0997238,,,0.0483983,0.0296948,0.0303154,0.0378831,False,2.3228,2.58261,3.65149,0.679507,1.93003,0.429564,1.89661,0.443029,1.97803,1.79627,0,0.961556,1.1218,1.10782,1.02422,0.48421,0.830647,0.774396,0.676656,800,,,,,,,1.23126,1.66446,1.69862,1.33387,8,4.85019,,7.78334,3.89167,1.02422,4.05083,0.602392,0.408064,0.569986,0.569493,0.504091,2.78642,0.80057,3.46856,1280
ae3_cool_s-1_air,ae3,cool,-1,air,N,N/b8,near-lossless,near-lossless,,365201,2.85313,,0.32489,0.456225,0.309935,0.320916,0.893502,0.284313,0.453597,0.999727,0.999791,0.101584,0.102805,,,0.012693,-0.0114527,-0.0114827,-0.031384,False,1.20448,0.822583,1.13642,0.384652,0.932407,0.267997,0.815541,0.281985,0.838965,0.79337,0,0.799764,0.930089,0.907252,0.890894,0.218277,0.377311,0.372578,0.32489,800,,,,,,,0.666667,0.898039,0.866667,0.670588,8,1.20904,,5.60787,2.80394,0.890894,1.25266,0.430851,0.209771,0.291015,0.29143,0.254741,1.51081,0.462795,1.42714,1280
ae3_cool_s-1_air,ae3,cool,-1,air,N,N/b9,near-lossless,near-lossless,,491005,3.83598,,0.144212,0.198666,0.09585,0.109287,0.371391,0.0909783,0.184513,0.999937,0.999946,0.0996872,0.102342,,,0.00499177,0.00151875,0.00180266,-0.00456853,False,0.549563,0.581073,0.8708,0.118603,0.540886,0.0946962,0.375366,0.101746,0.385301,0.396343,0,0.821942,0.821648,0.819924,0.806931,0.110233,0.164229,0.163996,0.144212,800,,,,,,,0.328576,0.406532,0.440608,0.313016,8,0.894299,,4.17104,2.08552,0.806931,0.918514,0.110268,0.0897103,0.134941,0.134691,0.118409,0.62514,0.173887,0.775437,1280
ae3_cool_s-1_air,ae3,cool,-1,air,N,N/b10,near-lossless,near-lossless,,618709,4.83366,,0.0770696,0.0990353,0.0574553,0.0556679,0.157897,0.046169,0.0997952,0.999982,0.999993,0.103707,0.10505,,,-0.0109937,-0.00625198,-0.00635889,-0.00840669,False,0.235212,0.186581,0.287371,0.0673365,0.218917,0.0523244,0.183649,0.053212,0.196323,0.195293,0,0.780726,0.815247,0.803773,0.824152,0.0542899,0.0951354,0.0978561,0.0770696,800,,,,,,,0.140166,0.220727,0.220727,0.169672,8,0.347349,,3.31012,1.65506,0.824152,0.304691,0.071001,0.052307,0.0684467,0.0684485,0.0634662,0.580867,0.100616,0.302678,1280
ae3_cool_s-1_air,ae3,cool,-1,air,D,D,raw,T1,51200,50574,0.395109,True,2.07587,0.776016,1.57308,1.40049,3.51615,1.12986,0.75118,0.968845,0.936558,0.0872414,0.0938202,43,,0.0396933,0.0166813,0.0325154,-0.011426,False,4.75113,3.60312,5.09972,1.47722,3.70841,1.52659,3.80845,1.56849,4.03426,3.75643,0.000185328,1.6257,2.14299,2.36442,2.02191,1.81884,2.29499,2.44529,2.07587,800,,,,,,,48.651,76.451,91.7255,55.4353,8,2.62237,,40.4951,20.2476,2.02191,3.20658,0.72538,2.649,3.64982,3.66269,3.03428,2.5267,0.721103,2.70363,1280
ae3_cool_s-1_air,ae3,cool,-1,air,D,D,raw,T2,102400,101857,0.795758,True,1.26323,0.511144,0.540464,0.529812,1.38126,0.44129,0.494609,0.98843,0.985447,0.0910873,0.098605,81,,0.0163774,0.000726501,-0.0017823,-0.0267213,False,1.81806,1.3545,1.99317,0.550224,1.58134,0.522806,1.45373,0.558282,1.50926,1.44955,1.97158e-05,1.01114,1.44279,1.55303,1.28873,1.1213,1.44907,1.54437,1.26323,800,,,,,,,32.3333,37.2745,34.3373,37.6824,8,1.2477,,20.1066,10.0533,1.28873,2.00673,0.378568,1.49226,2.02912,2.02467,1.67288,2.07314,0.530222,1.563,1280
ae3_cool_s-1_air,ae3,cool,-1,air,D,D,raw,T3,204800,199792,1.56088,True,0.876657,0.458295,0.336014,0.349528,0.965781,0.308067,0.45155,0.995674,0.996271,0.0901716,0.0975105,94,,0.0126979,-0.0101925,-0.0108637,-0.0313346,False,1.29338,0.925793,1.26877,0.400174,1.05115,0.311838,0.912177,0.333861,0.962868,0.930449,0,0.931732,1.13049,1.18166,1.07197,0.84172,1.04687,0.999106,0.876657,800,,,,,,,12.0627,12.7412,15.0353,11.9373,8,1.33098,,10.2507,5.12533,1.07197,1.22313,0.393227,0.785854,1.02809,1.026,0.90625,1.64908,0.472013,1.3437,1280
ae3_cool_s-1_air,ae3,cool,-1,air,D2,D2/modular,raw,T1,51200,49936,0.390125,True,1.13264,0.371514,0.340615,0.310746,1.07628,0.259641,0.342972,0.983786,0.973914,0.476087,0.153136,3.6367,,-0.00232648,0.00165796,-0.00148056,-0.00637101,False,2.14137,1.00204,1.94324,0.321824,1.15905,0.334041,1.18726,0.327538,1.12764,1.15892,0.000157726,0.871106,1.09268,1.15808,1.01543,1.12643,1.26187,1.34371,1.13264,800,,,,,,,31.4914,35.2691,37.251,28.2001,8,1.26309,,41.0125,20.5062,1.01543,1.86326,0.312723,1.72179,2.45531,2.42721,2.13447,1.05451,0.31671,1.31868,1280
ae3_cool_s-1_air,ae3,cool,-1,air,D2,D2/modular,raw,T2,102400,102502,0.800797,True,0.922458,0.165896,0.119306,0.116885,0.362076,0.0952511,0.134671,0.9943,0.99509,0.475483,0.152993,1.109,,-0.0033708,-0.000648301,-0.00164659,-0.0022947,False,0.612392,0.340023,0.535625,0.116861,0.379259,0.118246,0.393654,0.121126,0.393737,0.402846,0,0.815422,0.875032,0.922316,0.881888,0.884513,0.963813,1.01414,0.922458,800,,,,,,,9.27333,13.7594,15.1932,18.0091,8,0.274318,,19.9801,9.99005,0.881888,0.859571,0.19133,0.848015,1.13062,1.12722,1.04839,0.761468,0.171079,0.569909,1280
ae3_cool_s-1_air,ae3,cool,-1,air,D2,D2/modular,raw,T3,204800,204348,1.59647,True,0.6555,0.0842334,0.0735262,0.067783,0.189277,0.0554326,0.0751728,0.998129,0.99873,0.517085,0.160164,0.3771,,0.000486719,0.000319849,0.000320928,8.3637e-05,False,0.270902,0.187372,0.276098,0.0700385,0.211962,0.0741107,0.221086,0.0753943,0.234348,0.215905,0,0.872071,0.909672,0.931595,0.922441,0.636819,0.732154,0.734174,0.6555,800,,,,,,,4.15656,10.098,7.33551,5.35813,8,0.242041,,10.0221,5.01106,0.922441,0.490473,0.0551838,0.480135,0.618536,0.614607,0.593168,0.215282,0.0753707,0.316511,1280
ae3_cool_s-1_air,ae3,cool,-1,air,D,D/red+1.5,raw,T1,51200,50182,0.392047,True,1.45007,0.916992,0.836894,1.63524,4.39529,1.41202,0.987121,0.967366,0.934546,0.0899286,0.0948884,"{""R"": 69, ""GB"": 32}",R share 0.37 (eq 0.25),0.044032,0.0271938,0.0365993,0.000591031,False,5.80351,4.52618,6.44692,2.04952,4.65054,2.00174,4.70533,2.0834,4.97157,2.11726,5.1261e-05,1.84545,2.85206,2.66913,1.46502,2.00379,2.96527,2.82392,1.45007,800,,,,,,,70.5255,79.9961,103.396,44.5647,8,5.55737,,40.8114,20.4057,1.46502,1.80663,0.489774,2.98956,4.12434,4.15825,2.20405,3.20587,0.801966,5.0766,1280
ae3_cool_s-1_air,ae3,cool,-1,air,D,D/red+1.5,raw,T2,102400,101368,0.791937,True,0.992408,0.508818,0.363171,0.594658,1.57902,0.509781,0.493091,0.986759,0.981572,0.0911609,0.0962532,"{""R"": 90, ""GB"": 75}",R share 0.37 (eq 0.25),0.015747,-0.00759891,0.00116199,-0.0297551,False,2.1601,1.67331,2.39028,0.681821,1.83524,0.650272,1.7314,0.694659,1.80608,1.02108,7.88631e-06,1.14345,1.58731,1.64027,1.09171,1.2437,1.59629,1.72526,0.992408,800,,,,,,,45.098,45.4157,63.7843,24.0627,8,1.54476,,20.2036,10.1018,1.09171,1.21545,0.374745,1.75452,2.40661,2.35408,1.18885,2.44345,0.53569,1.56232,1280
ae3_cool_s-1_air,ae3,cool,-1,air,D,D/red+1.5,raw,T3,204800,204176,1.59512,True,0.696795,0.472709,0.32013,0.366509,1.02179,0.329719,0.469816,0.995023,0.995339,0.0921298,0.0984438,"{""R"": 98, ""GB"": 92}",R share 0.39 (eq 0.25),0.0124656,-0.0084332,-0.00507145,-0.0301546,False,1.39411,0.979513,1.4368,0.412885,1.16104,0.347784,1.03887,0.355128,1.05296,0.860303,0,0.95115,1.18818,1.20602,1.03861,0.871394,1.11975,1.11052,0.696795,800,,,,,,,11.9255,18.749,20.298,5.10196,8,1.33562,,10.0306,5.01528,1.03861,1.27097,0.395285,0.926813,1.22319,1.2167,0.571367,1.69642,0.486044,1.3693,1280
ae3_cool_s-1_air,ae3,cool,-1,air,D,D/red+2,raw,T1,51200,51152,0.399625,True,1.26323,1.28082,0.540464,2.18572,5.94574,1.91033,1.30386,0.960495,0.924322,0.0901964,0.0955339,"{""R"": 81, ""GB"": 23}",R share 0.49 (eq 0.25),0.0293343,-0.00730736,-0.0131372,-0.0267213,False,8.1647,6.31055,9.07308,2.79904,6.27661,2.82977,6.75729,2.89078,7.02447,1.44955,1.97158e-05,2.27606,3.15151,3.40336,1.28873,2.29803,3.21769,3.4327,1.26323,800,,,,,,,114.769,83.9961,103.396,37.6824,8,6.57821,,40.0375,20.0188,1.28873,2.00673,0.378568,3.43573,4.71108,4.78472,1.67288,4.04952,1.20371,5.26029,1280
ae3_cool_s-1_air,ae3,cool,-1,air,D,D/red+2,raw,T2,102400,101127,0.790055,True,0.876657,0.514672,0.336014,0.805567,2.26836,0.69683,0.532369,0.982743,0.971783,0.090618,0.0930944,"{""R"": 94, ""GB"": 64}",R share 0.49 (eq 0.25),0.0523326,0.0511231,0.0442449,-0.0313346,False,3.08843,2.4157,3.6014,0.994973,2.68111,1.02406,2.53758,1.02996,2.62393,0.930449,0,1.29131,1.69191,1.8751,1.07197,1.3721,1.8391,2.02136,0.876657,800,,,,,,,43.0039,55.6314,68.102,11.9373,8,1.80719,,20.2518,10.1259,1.07197,1.22313,0.393227,2.11556,2.91635,2.86857,0.90625,1.58768,0.545429,1.33208,1280
ae3_cool_s-1_air,ae3,cool,-1,air,D,D/red+2,raw,T3,204800,202346,1.58083,True,0.566118,0.49603,0.32348,0.390338,1.12537,0.345352,0.477448,0.993348,0.992884,0.0999866,0.0941912,"{""R"": 99, ""GB"": 88}",R share 0.50 (eq 0.25),0.0151001,-0.00625886,-0.00645106,-0.030811,False,1.51423,1.13215,1.56097,0.447407,1.2929,0.38239,1.14956,0.42083,1.20362,0.836892,0,0.999232,1.23624,1.29323,1.02252,0.987869,1.22675,1.23458,0.566118,800,,,,,,,20.6039,23.2,23.5647,3.10196,8,1.47846,,10.1213,5.06064,1.02252,1.36015,0.442858,1.16308,1.53849,1.54638,0.450982,1.38248,0.481036,1.50347,1280
ae3_cool_s-1_air,ae3,cool,-1,air,D,D/3pl,raw,T1,51200,50107,0.391461,True,1.71553,0.715726,1.02749,1.08794,2.97684,0.873981,0.73695,0.974519,0.95886,0.067523,0.0993253,64,,0.0523326,0.299058,0.21632,0.0348471,False,4.22631,3.1005,4.38956,0.994973,2.68111,1.66816,6.87466,1.61274,7.27651,2.60402,5.52042e-05,1.29131,1.75529,1.83752,1.60688,1.3721,1.90674,1.88575,1.71553,800,,,,,,,43.0039,72.4667,87.5843,42.1333,8,2.37032,,40.8725,20.4363,1.60688,2.31781,0.519257,2.11556,4.41028,4.42343,2.38422,3.04333,0.779914,2.6828,1280
ae3_cool_s-1_air,ae3,cool,-1,air,D,D/3pl,raw,T2,102400,99968,0.781,True,1.07137,0.545476,0.423467,0.625985,1.8474,0.4882,0.534384,0.985331,0.980418,0.0628173,0.098006,88,,0.0151001,0.24731,0.163932,-0.0293646,False,2.78523,1.86368,2.62486,0.447407,1.2929,1.13534,6.37681,1.00099,6.84787,1.17397,3.94316e-06,0.999232,1.30964,1.28104,1.16918,0.987869,1.36236,1.31683,1.07137,800,,,,,,,20.6039,73.7686,82.0039,20.1922,8,1.58472,,20.4866,10.2433,1.16918,1.29636,0.438628,1.16308,3.85066,3.85497,1.31321,1.61241,0.528341,1.72414,1280
ae3_cool_s-1_air,ae3,cool,-1,air,D,D/3pl,raw,T3,204800,208856,1.63169,True,0.750756,0.505473,0.32118,0.558202,1.60585,0.42461,0.502006,0.989563,0.986309,0.074612,0.093219,97,,0.0119999,0.244022,0.160913,-0.0302837,False,2.45185,1.58873,2.23932,0.395413,0.984675,1.09765,6.35604,0.937185,6.76705,0.835134,0,0.936744,1.07909,1.09218,1.0265,0.731941,1.07443,0.985018,0.750756,800,,,,,,,4.70196,71.0824,72.9176,6.14118,8,1.44222,,9.8058,4.9029,1.0265,1.06751,0.45866,0.564178,3.64789,3.63668,0.658835,1.54974,0.515972,1.23797,1280
ae3_cool_s-1_air,ae3,cool,-1,air,D,D/tiled,raw,T1,51200,51136,0.3995,True,1.90049,0.806804,1.46163,1.33229,3.42768,1.10264,0.861548,0.969558,0.938871,0.0249155,0.0299143,44,,0.046849,0.0285051,0.0258617,0.0125124,False,4.71286,3.41033,4.86494,1.41586,3.60843,1.44761,3.58931,1.48329,3.74465,3.51546,0.000185328,1.61026,2.19191,2.31125,1.72849,1.79919,2.29542,2.35149,1.90049,800,,,,,,,50.0588,73.6078,85.4667,56.8627,8,5.03889,,40.0501,20.025,1.72849,3.24858,0.564566,2.61141,3.59397,3.59665,2.99502,3.76469,0.802641,4.69007,1280
ae3_cool_s-1_air,ae3,cool,-1,air,D,D/tiled,raw,T2,102400,101227,0.790836,True,1.26323,0.511144,0.540464,0.529812,1.38126,0.44129,0.494609,0.98843,0.985447,0.0238228,0.028411,81,,0.0163774,0.000726501,-0.0017823,-0.0267213,False,1.81806,1.3545,1.99317,0.550224,1.58134,0.522806,1.45373,0.558282,1.50926,1.44955,1.97158e-05,1.01114,1.44279,1.55303,1.28873,1.1213,1.44907,1.54437,1.26323,800,,,,,,,32.3333,37.2745,34.3373,37.6824,8,1.2477,,20.2318,10.1159,1.28873,2.00673,0.378568,1.49226,2.02912,2.02467,1.67288,2.07314,0.530222,1.563,1280
ae3_cool_s-1_air,ae3,cool,-1,air,D,D/tiled,raw,T3,204800,199136,1.55575,True,0.876657,0.458295,0.336014,0.349528,0.965781,0.308067,0.45155,0.995674,0.996271,0.0312031,0.0336099,94,,0.0126979,-0.0101925,-0.0108637,-0.0313346,False,1.29338,0.925793,1.26877,0.400174,1.05115,0.311838,0.912177,0.333861,0.962868,0.930449,0,0.931732,1.13049,1.18166,1.07197,0.84172,1.04687,0.999106,0.876657,800,,,,,,,12.0627,12.7412,15.0353,11.9373,8,1.33098,,10.2844,5.14221,1.07197,1.22313,0.393227,0.785854,1.02809,1.026,0.90625,1.64908,0.472013,1.3437,1280
ae3_cool_s-1_air,ae3,cool,-1,air,D2,D2/modular/red+1.5,raw,T1,51200,51641,0.403445,True,1.01433,0.432719,0.171847,0.345167,1.33284,0.29681,0.381891,0.982521,0.968956,0.458994,0.146745,"{""R"": 1.7358, ""GB"": 4.6769}",R share 0.37 (eq 0.24),-0.00399933,-0.00770386,-0.00344052,-0.00179126,False,3.27245,1.22174,2.64262,0.419427,1.53269,0.414023,1.44981,0.433901,1.45039,0.565207,3.94316e-06,0.934003,1.09421,1.12767,0.914649,1.17337,1.3384,1.28972,1.01433,800,,,,,,,34.5923,57.894,54.1186,19.1739,8,1.39006,,39.6584,19.8292,0.914649,0.791439,0.212707,2.02552,2.93832,2.9235,1.31696,2.47428,0.382587,2.09528,1280
ae3_cool_s-1_air,ae3,cool,-1,air,D2,D2/modular/red+1.5,raw,T2,102400,103603,0.809398,True,0.781239,0.155377,0.0888716,0.135615,0.445898,0.113752,0.138052,0.993652,0.994542,0.471235,0.145874,"{""R"": 0.5955, ""GB"": 1.4568}",R share 0.36 (eq 0.25),-0.00304224,-0.000176741,0.000187026,-0.000962026,False,0.963869,0.425445,0.846429,0.153185,0.515375,0.15944,0.526227,0.159116,0.521747,0.245146,0,0.800693,0.912532,0.894391,0.89222,0.950887,1.00242,1.06716,0.781239,800,,,,,,,12.5543,16.6706,28.4538,10.3655,8,0.563979,,19.7678,9.88388,0.89222,0.466681,0.105367,0.982121,1.33201,1.31775,0.754803,0.539335,0.142612,0.748769,1280
ae3_cool_s-1_air,ae3,cool,-1,air,D2,D2/modular/red+1.5,raw,T3,204800,202294,1.58042,True,0.460324,0.0797441,0.0534987,0.0704512,0.196769,0.0595958,0.0776764,0.997705,0.998341,0.508367,0.151332,"{""R"": 0.2083, ""GB"": 0.5002}",R share 0.37 (eq 0.25),-0.00140492,-0.00175776,-0.00111913,0.000879695,False,0.338684,0.201593,0.324349,0.0818585,0.230677,0.0823811,0.242359,0.0839709,0.242893,0.155735,0,0.838289,0.901507,0.894166,0.912731,0.692255,0.797293,0.795788,0.460324,800,,,,,,,5.77041,8.95474,10.1095,4.37396,8,0.322633,,10.1239,5.06194,0.912731,0.242146,0.0518768,0.565617,0.726012,0.724754,0.403851,0.264527,0.0755043,0.311286,1280
ae3_cool_s-1_air,ae3,cool,-1,air,D2,D2/modular/red+2,raw,T1,51200,51447,0.40193,True,0.922458,0.462781,0.119492,0.45351,1.69876,0.400677,0.402111,0.977985,0.957404,0.463583,0.139928,"{""R"": 1.118, ""GB"": 6.5406}",R share 0.49 (eq 0.24),-0.00646266,-0.0118434,-0.00308405,-0.00239614,False,3.66428,1.62117,3.14495,0.566594,2.07549,0.584782,2.01629,0.582518,1.96019,0.404421,0,0.948621,1.24381,1.38636,0.881888,1.19026,1.47858,1.55482,0.922458,800,,,,,,,47.7095,65.7011,78.3708,18.0091,8,1.23985,,39.808,19.904,0.881888,0.859571,0.19133,2.57949,3.70132,3.62963,1.04938,1.98349,0.446657,1.61347,1280
ae3_cool_s-1_air,ae3,cool,-1,air,D2,D2/modular/red+2,raw,T2,102400,101223,0.790805,True,0.6555,0.191401,0.0735262,0.171823,0.619761,0.143796,0.194241,0.991527,0.990527,0.452294,0.144648,"{""R"": 0.3795, ""GB"": 2.1931}",R share 0.50 (eq 0.25),-0.00915248,-0.00278305,-0.0031321,8.3637e-05,False,1.46677,0.604983,1.33956,0.20206,0.741546,0.201865,0.717943,0.207058,0.712118,0.215905,0,0.799131,0.961264,0.995017,0.922441,0.994665,1.12612,1.18248,0.6555,800,,,,,,,15.9931,23.237,31.9776,5.35813,8,0.718769,,20.2326,10.1163,0.922441,0.490473,0.0551838,1.24959,1.69272,1.7423,0.593168,0.873924,0.178448,0.664934,1280
ae3_cool_s-1_air,ae3,cool,-1,air,D2,D2/modular/red+2,raw,T3,204800,202147,1.57927,True,0.198478,0.108494,0.0381094,0.0854459,0.265605,0.0732451,0.103502,0.996836,0.997645,0.503041,0.151051,"{""R"": 0.1137, ""GB"": 0.7045}",R share 0.49 (eq 0.25),-0.00193707,-0.00176724,-0.000102871,0.000200438,False,0.504114,0.271532,0.487272,0.10285,0.330392,0.0994543,0.326102,0.101784,0.343867,0.110424,0,0.858129,0.897976,0.941128,0.852567,0.780488,0.88856,0.94357,0.198478,800,,,,,,,8.98851,10.9343,10.0367,2.1979,8,0.527153,,10.1312,5.06562,0.852567,0.177248,0.0318831,0.673477,0.880366,0.878652,0.241878,0.465285,0.0968215,0.598933,1280
ae3_cool_s-1_air,ae3,cool,-1,air,D2,D2/modular/3pl,raw,T1,51200,51549,0.402727,True,1.067,0.407403,0.202618,0.541576,1.48429,0.426726,0.424672,0.982894,0.978576,0.33203,0.107531,2.1072,,-0.00205435,0.252588,0.169461,-0.00382043,False,2.4173,1.38405,2.07034,0.200625,0.754587,1.05873,6.45506,0.896175,6.80387,0.682937,7.88631e-06,0.767481,0.952409,0.98864,0.899432,0.985799,1.18485,1.1661,1.067,800,,,,,,,17.3362,70.4811,74.4639,18.4981,8,1.66876,,39.7292,19.8646,0.899432,1.14491,0.285892,1.21677,3.95347,3.91527,1.47598,1.09849,0.403198,1.33938,1280
ae3_cool_s-1_air,ae3,cool,-1,air,D2,D2/modular/3pl,raw,T2,102400,101890,0.796016,True,0.807654,0.394903,0.102381,0.503947,1.28234,0.403951,0.42206,0.988438,0.985344,0.3565,0.108462,0.7045,,-0.00193707,0.252695,0.169477,-0.00118695,False,1.97744,1.17395,1.73455,0.10285,0.330392,1.03681,6.37934,0.855969,6.75982,0.32968,0,0.858129,0.924287,0.960014,0.919267,0.780488,1.08023,1.04012,0.807654,800,,,,,,,8.98851,70.4111,73.5889,11.262,8,1.60362,,20.1001,10.0501,0.919267,0.381961,0.126759,0.673477,3.67864,3.67328,0.826535,1.63093,0.412884,1.1634,1280
ae3_cool_s-1_air,ae3,cool,-1,air,D2,D2/modular/3pl,raw,T3,204800,207302,1.61955,True,0.526601,0.367693,0.0531274,0.492432,1.29197,0.392613,0.389538,0.990557,0.98724,0.385657,0.115801,0.2371,,0.000199262,0.253888,0.170748,0.000689047,False,2.07245,1.1976,1.78361,0.0507795,0.157371,1.02926,6.38764,0.84813,6.72275,0.156684,0,0.903194,0.931734,0.913574,0.931641,0.406009,0.923284,0.852352,0.526601,800,,,,,,,3.1174,71.7561,72.2439,4.75102,8,1.31951,,9.87931,4.93965,0.931641,0.356835,0.0431571,0.347864,3.61367,3.60246,0.445531,0.96486,0.37243,0.961326,1280
ae3_cool_s-1_air,ae3,cool,-1,air,D2,D2/modular/tiled,raw,T1,51200,50235,0.392461,True,1.12801,0.348366,0.317178,0.290285,1.04816,0.240332,0.317375,0.984712,0.97699,0.452117,0.073757,3.4001,,-0.00394616,0.00383924,-0.00754095,-0.00616835,False,2.21981,0.95166,1.79095,0.308138,1.06667,0.313236,1.1249,0.306596,1.03429,1.09737,0.000181385,0.856087,1.07485,1.12328,0.925162,1.0801,1.25776,1.2379,1.12801,800,,,,,,,27.4738,33.826,34.2563,26.9985,8,1.06614,,40.7684,20.3842,0.925162,1.53423,0.333947,1.64831,2.32257,2.32436,2.04638,1.1529,0.318583,1.01116,1280
ae3_cool_s-1_air,ae3,cool,-1,air,D2,D2/modular/tiled,raw,T2,102400,102492,0.800719,True,0.907152,0.172427,0.116368,0.11319,0.34811,0.0929932,0.136188,0.994442,0.995311,0.380699,0.0735214,1.0752,,-0.00358686,-0.001212,-0.00154892,-0.00183002,False,0.562414,0.329195,0.471915,0.112899,0.377079,0.117093,0.392618,0.12276,0.390117,0.407494,0,0.840082,0.891326,0.902209,0.887629,0.873039,0.956456,1.01866,0.907152,800,,,,,,,11.3276,16.6451,14.9697,11.2482,8,0.311476,,19.982,9.99102,0.887629,0.962217,0.19375,0.833683,1.11086,1.11149,1.02769,0.616553,0.164835,0.626563,1280
ae3_cool_s-1_air,ae3,cool,-1,air,D2,D2/modular/tiled,raw,T3,204800,203543,1.59018,True,0.652623,0.0852659,0.0741485,0.0675414,0.184038,0.0554388,0.0759376,0.998166,0.998757,0.431771,0.0765919,0.3666,,0.000509716,-0.000100838,0.000136456,-8.20359e-05,False,0.264183,0.1813,0.270149,0.068784,0.211848,0.0748049,0.220006,0.0751507,0.238674,0.217662,0,0.883531,0.919989,0.928293,0.929752,0.626058,0.729667,0.730749,0.652623,800,,,,,,,4.15656,12.0665,7.04077,4.88097,8,0.233581,,10.0618,5.03088,0.929752,0.486992,0.0501106,0.474986,0.614,0.609393,0.587569,0.215684,0.0750401,0.295496,1280
ae3_cool_s-1_air,ae3,cool,-1,air,D-j,D-j,raw,T1,51200,51034,0.398703,True,1.57646,0.844828,1.44201,1.30589,3.34015,1.06156,0.772614,0.972563,0.945954,0.0906316,0.0945085,46,,-0.0493236,-0.0448056,-0.069646,-0.0942425,False,4.45751,3.50286,4.79661,1.42404,3.61047,1.41961,3.51423,1.44751,3.66062,3.5837,5.91473e-05,1.37067,1.8008,1.97145,1.51366,1.54036,2.00382,2.05576,1.57646,800,,,,,,,66.102,91.549,100.584,55.749,8,2.48744,,40.1301,20.0651,1.51366,2.69236,0.589429,2.51363,3.55422,3.56211,2.91697,2.22467,0.748202,2.52867,1280
ae3_cool_s-1_air,ae3,cool,-1,air,D-j,D-j,raw,T2,102400,99307,0.775836,True,1.10503,0.475539,0.554016,0.538681,1.39278,0.451661,0.470887,0.989123,0.983564,0.0931873,0.0959223,82,,-0.0187815,-0.0365932,-0.0357145,-0.0601184,False,2.02389,1.40484,2.07584,0.585827,1.66811,0.541438,1.48484,0.570685,1.57692,1.57782,3.94316e-06,0.918376,1.31923,1.3621,1.09476,1.03412,1.34638,1.41256,1.10503,800,,,,,,,36.7255,45.8588,57.6078,43.2314,8,1.51348,,20.6229,10.3115,1.09476,1.73291,0.352876,1.48943,2.08043,2.04388,1.67655,1.70938,0.483924,1.47053,1280
ae3_cool_s-1_air,ae3,cool,-1,air,D-j,D-j,raw,T3,204800,206927,1.61662,True,0.806465,0.466135,0.343884,0.349013,0.974605,0.310905,0.451454,0.996315,0.996543,0.0996115,0.103953,95,,0.00266055,-0.0196459,-0.0201466,-0.0397129,False,1.37537,0.936528,1.31014,0.403347,1.05451,0.31581,0.92416,0.333417,0.95961,0.930965,0,0.848595,1.06111,1.08223,0.971767,0.762298,0.929097,0.920229,0.806465,800,,,,,,,12.3961,15.6314,19.9255,11.9412,8,1.27111,,9.89721,4.94861,0.971767,1.07939,0.373343,0.73535,0.975952,0.970209,0.850267,1.50177,0.460469,1.34855,1280
ae3_cool_s-1_air,ae3,cool,-1,air,L,L,raw,T1,51200,50650,0.395703,True,0.984525,0.3674,0.362886,0.421058,1.15462,0.353087,0.317249,0.988888,0.985447,0.141083,0.0445372,0.5084,,0.000952998,0.043223,-0.0397187,0.00227067,False,1.8981,1.26337,1.84821,0.459794,1.39923,0.684316,6.39779,0.689406,6.66535,1.08458,3.94316e-05,0.846908,0.889863,0.924729,0.881934,1.0522,1.01499,1.02353,0.984525,800,,,,,,,28.5045,73.1031,70.8969,25.593,8,1.24735,,40.4344,20.2172,0.881934,2.17823,0.261692,1.27988,3.65845,3.65492,1.18211,1.03963,0.320275,0.973352,1280
ae3_cool_s-1_air,ae3,cool,-1,air,L,L,raw,T2,102400,103579,0.809211,True,0.716655,0.198404,0.198469,0.223561,0.610366,0.184248,0.187319,0.990797,0.987129,0.1656,0.0427399,0.2141,,0.00303625,0.0461853,-0.0369678,0.00759486,False,0.890655,0.664384,1.02604,0.242613,0.711155,0.563731,6.34069,0.601601,6.67486,0.568086,3.94316e-06,0.810772,0.790071,0.820837,0.800218,0.905706,0.796854,0.806224,0.716655,800,,,,,,,23.3329,70.9724,73.0276,10.3501,8,0.630411,,19.7723,9.88617,0.800218,0.631696,0.165409,0.847136,3.60685,3.59867,0.725031,0.492563,0.17583,0.714919,1280
ae3_cool_s-1_air,ae3,cool,-1,air,L,L,raw,T3,204800,206661,1.61454,True,0.421223,0.152893,0.104728,0.119755,0.323847,0.0979332,0.145173,0.991787,0.987848,0.175922,0.0461796,0.0745,,0.0027699,0.0465463,-0.0366173,0.00786782,False,0.483764,0.339534,0.499574,0.125938,0.352641,0.554029,6.3218,0.560641,6.65929,0.332956,0,0.811201,0.7684,0.788552,0.804838,0.616934,0.654383,0.63847,0.421223,800,,,,,,,14.3301,71.8273,72.1727,4.35477,8,0.496437,,9.90995,4.95497,0.804838,0.684406,0.13274,0.500998,3.58199,3.57763,0.384475,0.741904,0.134595,0.557339,1280
ae3_cool_s-1_air,ae3,cool,-1,air,D-lin,D-lin,raw,T1,51200,50376,0.393562,True,2.18609,1.69364,1.51089,1.46376,6.39969,1.21033,1.43045,0.961496,0.931813,0.0822457,0.09032,56,,0.0269245,0.0413037,0.0497865,0.0523564,False,16.3832,8.81176,16.0852,1.93894,7.57367,1.27961,4.60912,1.3015,4.86105,4.92049,0.00548493,1.92629,2.55046,2.40863,2.1256,2.06235,2.66614,2.41181,2.18609,800,,,,,,,48,54,64,48,8,11.6625,,40.6543,20.3271,2.1256,15.512,0.705926,2.42173,2.9578,2.9394,2.59571,7.33871,1.29762,11.39,1280
ae3_cool_s-1_air,ae3,cool,-1,air,D-lin,D-lin,raw,T2,102400,102771,0.802898,True,1.33239,0.447334,0.428713,0.411892,2.20214,0.365417,0.417027,0.984018,0.970638,0.0823577,0.0875848,86,,0.0175622,-0.00223485,-0.000140905,-0.000133073,False,5.13984,2.51655,5.1656,0.555758,2.1151,0.37726,1.31946,0.385448,1.38853,1.37667,0.00177836,1.24032,1.42566,1.47191,1.27359,1.2741,1.43696,1.48433,1.33239,800,,,,,,,22,21,26,19,8,1.91245,,19.9278,9.9639,1.27359,3.24737,0.142505,1.35747,1.55255,1.56296,1.42347,1.59422,0.401577,1.90421,1280
ae3_cool_s-1_air,ae3,cool,-1,air,D-lin,D-lin,raw,T3,204800,208801,1.63126,True,0.891445,0.163265,0.133104,0.134043,0.573502,0.112014,0.154482,0.994174,0.99323,0.0927715,0.0920283,96,,-0.00667731,-0.00583958,-0.00566752,-0.00770649,False,1.10485,0.691373,1.12045,0.166098,0.655623,0.105998,0.426977,0.111892,0.449738,0.453646,0.000173499,0.985077,1.04386,1.07817,1.01471,0.894279,0.905562,0.926773,0.891445,800,,,,,,,8,7,7,6,8,0.77959,,9.80838,4.90419,1.01471,0.752284,0.0893716,0.713016,0.764463,0.76413,0.747289,0.471649,0.138194,0.725475,1280
ae3_cool_s-1_air,ae3,cool,-1,air,D2-lin,D2-lin/modular,raw,T1,51200,52726,0.411922,True,1.39985,0.451657,0.264105,0.274465,1.37602,0.230842,0.400917,0.979766,0.983397,0.449345,0.141675,2.4783,,0.00203137,-0.00349513,-0.00129946,-0.000434444,False,2.5307,1.65064,2.66292,0.335142,1.49488,0.230317,0.983493,0.24233,1.04115,1.05287,0.00108437,1.19427,1.40688,1.41851,1.27299,1.35055,1.50019,1.54345,1.39985,800,,,,,,,20,20,28,23,8,1.20461,,38.8423,19.4212,1.27299,1.93444,0.492811,1.65728,1.83546,1.84551,1.79015,1.52647,0.410137,1.32704,1280
ae3_cool_s-1_air,ae3,cool,-1,air,D2-lin,D2-lin/modular,raw,T2,102400,105385,0.82332,True,1.23696,0.34452,0.136894,0.154614,0.76031,0.132722,0.306033,0.990137,0.995086,0.461748,0.155539,0.7554,,0.00273981,-0.00176127,0.000207444,-0.00171821,False,1.60607,0.939044,1.58667,0.190002,0.830488,0.121963,0.546964,0.132009,0.596368,0.566607,0.000268135,1.12154,1.17332,1.20759,1.16175,1.23209,1.23111,1.27051,1.23696,800,,,,,,,9,10,11,11,8,1.92505,,19.4335,9.71675,1.16175,2.37154,0.152486,0.929307,0.996954,0.991537,1.00132,1.06976,0.295391,1.58698,1280
ae3_cool_s-1_air,ae3,cool,-1,air,D2-lin,D2-lin/modular,raw,T3,204800,208428,1.62834,True,0.992848,0.146458,0.094056,0.108509,0.544103,0.0907554,0.149552,0.994479,0.99759,0.558585,0.17715,0.2657,,0.00237972,-0.000227008,-0.000720182,-0.000555775,False,1.36941,0.670673,1.20881,0.132887,0.567199,0.0892764,0.375904,0.092622,0.388144,0.376815,3.54884e-05,1.12804,1.16881,1.16849,1.15334,1.04569,1.06364,1.06902,0.992848,800,,,,,,,4,5,6,7,8,0.75434,,9.82594,4.91297,1.15334,1.26482,0.0780446,0.632645,0.647877,0.647197,0.659141,0.485887,0.130595,0.614886,1280
ae3_cool_s-1_air,ae3,cool,-1,air,D2,D2/vardct,raw,T1,51200,50809,0.396945,True,1.29536,0.473942,0.679545,0.601538,1.85211,0.497789,0.406903,0.988298,0.987855,0.690494,0.132798,3.6089,,-0.0312031,-0.0268849,-0.024217,-0.0335094,False,3.34673,1.87565,3.08796,0.675195,2.11152,0.664276,2.08933,0.702478,2.10329,2.06906,3.15452e-05,0.886602,1.2001,1.2576,1.1557,1.13212,1.35906,1.39502,1.29536,800,,,,,,,59.9762,48.3001,63.034,46.1302,8,1.08996,,40.3078,20.1539,1.1557,2.62978,0.297557,1.41447,1.89359,1.90198,1.66793,1.30829,0.400771,1.79088,1280
ae3_cool_s-1_air,ae3,cool,-1,air,D2,D2/vardct,raw,T2,102400,102180,0.798281,True,0.89129,0.16811,0.310336,0.279351,0.803388,0.226171,0.16068,0.995339,0.996739,0.66709,0.148152,1.3018,,-0.0100694,-0.00688377,-0.00457458,-0.0091988,False,1.23713,0.825528,1.2503,0.301249,0.84472,0.29851,0.872224,0.308302,0.902187,0.878848,3.94316e-06,0.715987,0.872557,0.896784,0.77424,0.87415,0.951762,0.954591,0.89129,800,,,,,,,16.571,16.0965,19.1942,14.9206,8,0.362191,,20.0431,10.0215,0.77424,0.769907,0.195073,0.767715,0.979649,0.97967,0.897208,0.58065,0.16972,0.46839,1280
ae3_cool_s-1_air,ae3,cool,-1,air,D2,D2/vardct_np,raw,T1,51200,50158,0.391859,True,12.3424,2.96079,2.79615,2.60223,9.84054,2.18852,2.37439,0.791639,0.597135,0.539709,0.125257,6.3432,,0.574199,0.676318,0.6257,0.566625,False,14.0435,8.18113,12.3294,2.4037,14.3777,2.77634,14.1208,2.86673,14.2941,14.0311,0.00703459,10.6722,14.5123,15.8431,12.3539,10.69,14.4025,15.9369,12.3424,800,,,,,,,152.69,150,138,155.887,8,8.43171,,40.831,20.4155,12.3539,34.9089,2.10825,8.57642,12.2145,11.9373,9.89553,12.2652,2.66296,11.5627,1280
ae3_cool_s-1_air,ae3,cool,-1,air,D2,D2/vardct_np,raw,T2,102400,100048,0.781625,True,7.47898,1.48834,1.64334,1.41268,4.75838,1.19011,1.41752,0.873147,0.785212,0.532386,0.13358,2.0,,0.29431,0.313573,0.302807,0.279877,False,7.11673,4.24959,6.26602,1.6525,6.79631,1.58796,6.26344,1.63019,6.43503,6.52592,0.00205044,6.69811,9.41883,9.31304,7.53752,6.74171,9.39119,9.28711,7.47898,800,,,,,,,81.8308,92.6485,125.129,76.5507,8,4.2422,,20.4702,10.2351,7.53752,10.872,1.32413,5.42448,7.51814,7.47018,6.27015,6.35841,1.39139,5.61146,1280
ae3_cool_s-1_air,ae3,cool,-1,air,D2,D2/modular_np,raw,T1,51200,49822,0.389234,True,1.67579,0.984489,0.855554,0.861716,3.70005,0.724015,0.899168,0.975936,0.97989,0.267458,0.139193,3.016,,-0.0212702,-0.030339,-0.0180832,-0.02365,False,7.13341,4.41918,7.28454,1.05985,4.22217,0.784489,3.3333,0.795254,3.45932,3.33736,0.00230675,1.7336,1.89183,2.01402,1.55101,1.83855,1.92425,2.02518,1.67579,800,,,,,,,22.0226,27.034,21.9961,21.0134,8,5.16689,,41.1063,20.5532,1.55101,6.58315,0.409771,1.96028,2.12492,2.1122,2.13186,2.95127,0.864322,4.74472,1280
ae3_cool_s-1_air,ae3,cool,-1,air,D2,D2/modular_np,raw,T2,102400,102991,0.804617,True,1.27765,0.457995,0.45262,0.456496,2.08679,0.385342,0.413613,0.98919,0.993719,0.289999,0.13692,0.9007,,0.00813394,0.00637244,-0.0112497,0.00281517,False,5.54185,2.36575,5.11673,0.556147,2.2492,0.392193,1.56718,0.378871,1.63128,1.68752,0.000575701,1.25662,1.35999,1.57964,1.19782,1.28536,1.36423,1.48164,1.27765,800,,,,,,,11.9911,11.0412,9.02018,10.0297,8,2.53051,,19.8852,9.94262,1.19782,1.98473,0.311554,1.04169,1.12467,1.06466,1.13387,1.06756,0.337669,1.79372,1280
ae3_cool_s-1_uw,ae3,cool,-1,uw,W,W,raw,T1,51200,51301,0.400789,True,1.02172,2.64346,1.00065,0.938857,3.62949,0.90381,1.10862,0.946376,0.930914,0.0838927,0.103861,545.939,,-0.0335615,-0.0178611,-0.0187938,-0.0368347,False,6.91686,5.79893,11.4466,0.805662,3.01764,0.778266,2.85414,0.793545,2.72588,3.78288,0.000429849,0.876007,1.25347,1.2459,0.706792,1.1053,1.39736,1.38788,1.02172,800,,,,,,,42.1132,68.6792,58.9317,9.34968,8,6.22785,,39.9212,19.9606,0.706792,4.56578,1.02622,2.14398,3.45276,3.34052,0.786047,14.9525,3.23452,20.2024,1280
ae3_cool_s-1_uw,ae3,cool,-1,uw,W,W,raw,T2,102400,104148,0.813656,True,0.932613,0.360234,0.500378,0.469728,1.38428,0.442755,0.233539,0.974916,0.985428,0.0934113,0.113773,192.9198,,-0.00232946,0.00956666,0.00780041,-0.0100569,False,2.0493,1.79195,3.30999,0.370834,1.13481,0.332415,1.09962,0.355942,1.17875,1.48936,9.07458e-05,0.727989,0.860866,0.907955,0.706922,0.960927,1.02031,1.03767,0.932613,800,,,,,,,13.9604,20.5618,21.9834,5.6312,8,0.506686,,19.6643,9.83216,0.706922,1.82131,0.542755,1.03,1.51749,1.49685,0.570842,1.92638,0.552574,1.59029,1280
ae3_cool_s-1_uw,ae3,cool,-1,uw,W,W,raw,T3,204800,208465,1.62863,True,0.574546,0.263671,0.216487,0.210583,0.590704,0.20404,0.157699,0.991495,0.995248,0.0920622,0.11298,65.427,,-0.00027341,0.00906103,0.00816463,-0.00106979,False,0.802194,0.685057,1.19015,0.16036,0.479918,0.139373,0.443785,0.14267,0.451298,0.667676,0,0.746627,0.795555,0.791913,0.854852,0.796185,0.760333,0.772568,0.574546,800,,,,,,,4.52576,7.59832,6.74206,2.35093,8,0.639599,,9.82419,4.9121,0.854852,0.545557,0.146987,0.569674,0.708586,0.702113,0.371275,1.16211,0.337551,1.12669,1280
ae3_cool_s-1_uw,ae3,cool,-1,uw,M0-r1,repeat,floor,floor,,,,,1.40954,0.961933,0.917551,0.908994,2.7358,0.864572,0.631519,0.945943,0.983855,,,,,0.0582389,0.186774,0.17941,0.0333583,False,3.83671,3.40895,6.39199,0.767903,2.3065,0.677801,2.05792,0.68358,2.13118,2.76434,0.000515818,0.814429,0.790197,0.806298,0.823903,1.39521,1.39716,1.40504,1.40954,800,,,,,,,46,89,77,4,8,2.31262,,,,0.823903,4.89691,0.962567,1.05088,1.29798,1.27455,0.709874,6.07585,1.2658,3.81256,1280
ae3_cool_s-1_uw,ae3,cool,-1,uw,M1-q∞,isp-floor,floor,floor,,,,,0.0396269,0.385681,0.188112,0.23507,0.610927,0.231951,0.302618,0.999794,0.999796,,,,,0.0182975,0.00373707,0.00572369,-0.00335383,False,0.744359,0.862399,1.04544,0.207312,0.681943,0.184489,0.588937,0.191957,0.606201,0.521913,0,0.806287,0.924656,0.891895,0.803227,0.135267,0.327651,0.338876,0.0396269,800,,,,,,,0.392167,0.84307,0.933749,0.0669061,8,0.685462,,,,0.803227,0.768896,0.404663,0.122682,0.279746,0.279846,0.0298468,1.24461,0.447217,1.2393,1280
ae3_cool_s-1_uw,ae3,cool,-1,uw,M1,,processed,T1,51200,50726,0.396297,True,0.933367,2.04986,0.770551,1.54512,4.06379,1.52371,1.26449,0.973654,0.979243,0.0235136,0.103529,48,,0.179747,0.212947,0.0252092,-0.0228137,False,5.90052,4.77881,6.79039,1.67319,4.67004,1.28784,4.01303,1.24617,3.80159,2.24605,1.91044e-05,1.5055,3.07491,3.06198,0.633015,1.62925,3.01687,3.08195,0.933367,800,0,0,0,0.000578125,0,0.000803711,39.8277,70.7897,59.7897,4.57369,8,4.21113,,40.3738,20.1869,0.633015,2.67432,0.949988,1.7254,2.61791,2.53361,0.527702,8.62178,2.91317,9.28824,1280
ae3_cool_s-1_uw,ae3,cool,-1,uw,M1,,processed,T2,102400,101587,0.793648,True,0.79713,1.63564,0.500862,0.967181,2.53468,0.974564,0.876067,0.984714,0.987644,0.0231117,0.102771,79,,0.0763626,0.133014,-0.0609666,-0.0203698,False,3.52641,3.17112,4.9829,0.903136,3.3648,0.773322,2.59786,0.72497,2.48843,1.56373,0,1.35063,2.70181,2.88342,0.596772,1.47716,2.75151,2.92013,0.79713,800,0,0,0,0.000578125,0,0.000803711,38.7288,47.06,53.696,3.91915,8,3.64573,,20.1601,10.08,0.596772,1.61934,0.777693,1.57284,2.24223,2.16346,0.460486,6.2465,2.0054,10.375,1280
ae3_cool_s-1_uw,ae3,cool,-1,uw,M1,,processed,T3,204800,197521,1.54313,True,0.686766,1.15488,0.372189,0.577665,1.7591,0.573802,0.620577,0.990519,0.991778,0.0242505,0.0980089,92,,0.00907507,0.17124,-0.00527075,-0.023422,False,2.77037,2.22521,4.19414,0.523087,2.04873,0.572782,1.83937,0.472854,1.71374,1.18794,0,1.1105,2.46149,2.56262,0.584699,1.23859,2.44604,2.47773,0.686766,800,0,0,0,0.000578125,0,0.000803711,33.0154,39.5856,37.2495,3.78534,8,2.17212,,10.3685,5.18426,0.584699,1.65348,0.570082,1.43138,1.86415,1.8241,0.399227,4.56814,1.36312,5.88289,1280
ae3_cool_s-1_uw,ae3,cool,-1,uw,M1-444,,processed,T1,51200,49960,0.390313,True,0.918172,2.03176,0.644582,1.5577,4.0651,1.57065,1.45624,0.9648,0.973013,0.0236449,0.0982702,32,,0.239532,-0.0639155,-0.153198,-0.0082611,False,5.12325,4.10025,5.35659,1.66026,6.78556,1.38383,4.17227,1.45472,4.44928,2.32983,9.55219e-06,1.536,2.77163,2.81953,0.660053,1.69832,2.80893,2.84438,0.918172,800,0,0,0,0.000578125,0,0.000803711,36.2723,68.8016,68.6152,5.53386,8,4.19909,,40.9928,20.4964,0.660053,3.11708,0.869392,1.87346,2.87458,2.80909,0.528895,11.3661,2.52224,8.54363,1280
ae3_cool_s-1_uw,ae3,cool,-1,uw,M1-444,,processed,T2,102400,101440,0.7925,True,0.757916,1.06923,0.37358,0.799437,2.25029,0.812984,0.80901,0.977879,0.983547,0.0247483,0.0993538,65,,0.144572,0.0299256,-0.0776992,0.00537817,False,3.22726,2.36046,3.56964,0.881185,3.20513,0.731577,2.50303,0.760295,2.54166,1.34315,0,1.26018,2.36774,2.45949,0.675793,1.39054,2.29751,2.37342,0.757916,800,0,0,0,0.000578125,0,0.000803711,39.5377,57.4605,53.696,4.9672,8,2.0511,,20.1893,10.0946,0.675793,1.31475,0.397329,1.53062,2.31265,2.26092,0.448503,6.01267,1.27636,3.08706,1280
ae3_cool_s-1_uw,ae3,cool,-1,uw,M1-444,,processed,T3,204800,195726,1.52911,True,0.597751,0.665191,0.263799,0.480183,1.4474,0.481662,0.460398,0.986005,0.989794,0.0270894,0.101448,84,,0.00806032,0.0929696,-0.00970889,-0.00442087,False,2.61401,1.58104,2.84501,0.514552,1.84783,0.513607,1.86789,0.454129,1.74063,0.932198,0,1.18099,2.23852,2.21076,0.680725,1.18735,2.18147,2.12819,0.597751,800,0,0,0,0.000578125,0,0.000803711,21.9666,42.696,45.8403,3.70031,8,1.54013,,10.4636,5.2318,0.680725,1.56785,0.434205,1.20104,1.91071,1.88533,0.358615,3.34529,0.759243,2.72396,1280
ae3_cool_s-1_uw,ae3,cool,-1,uw,M1j,,processed,T1,51200,51124,0.399406,True,0.905041,1.65044,0.514923,0.943214,2.44413,0.94633,0.86344,0.971036,0.978536,0.0280639,0.0982875,60,,0.00649684,0.06455,-0.0451513,-0.0223436,False,3.62259,3.17543,5.25535,0.883694,2.67866,0.736097,2.46105,0.769257,2.57735,1.59305,9.55219e-06,1.0251,1.90649,1.98483,0.608076,1.27579,1.99332,2.01061,0.905041,800,0,0,0,0.000578125,0,0.000803711,44.9103,74.149,67.1704,4.80724,8,2.72181,,40.0595,20.0297,0.608076,2.20729,0.342395,1.70646,2.49123,2.43681,0.522989,6.41495,1.83161,10.0413,1280
ae3_cool_s-1_uw,ae3,cool,-1,uw,M1j,,processed,T2,102400,98926,0.772859,True,0.776524,1.29362,0.3557,0.536364,1.61471,0.528318,0.646196,0.982155,0.986455,0.0309615,0.102748,85,,-0.00971273,0.0774424,-0.0371366,-0.0186243,False,2.50006,2.26628,4.12467,0.495547,1.61931,0.481999,1.78804,0.458552,1.73537,1.1521,0,1.05091,1.78194,1.87807,0.587556,1.22769,1.80955,1.85282,0.776524,800,0,0,0,0.000578125,0,0.000803711,39.8277,52.1537,52.1461,3.35102,8,2.45717,,20.7023,10.3512,0.587556,1.48299,0.35048,1.45723,1.93141,1.88505,0.447493,5.14412,1.3578,8.1289,1280
ae3_cool_s-1_uw,ae3,cool,-1,uw,M1j,,processed,T3,204800,199226,1.55645,True,0.613401,1.06838,0.289392,0.378594,1.47656,0.377301,0.498328,0.99055,0.991674,0.0345127,0.104765,94,,0.00442259,0.0722945,-0.0330565,-0.0165643,False,2.30766,2.03159,3.99717,0.372038,1.4342,0.380076,1.43159,0.375895,1.38316,1.09764,0,0.983283,1.57241,1.61674,0.571942,1.12261,1.48867,1.51884,0.613401,800,0,0,0,0.000578125,0,0.000803711,33.4729,42.4737,40.9986,3.56237,8,1.95558,,10.2798,5.13989,0.571942,1.04726,0.431987,1.33454,1.51951,1.45783,0.366114,4.80335,1.252,7.12948,1280
ae3_cool_s-1_uw,ae3,cool,-1,uw,M1-fix,,processed,T1,51200,50613,0.395414,True,1.17121,10.5696,1.30609,1.38395,9.26416,1.20899,7.00053,0.96014,0.960433,0.0210144,0.108409,58,,-0.0117826,0.0145476,-0.144864,0.0615074,False,21.4289,16.0212,36.4294,0.987206,3.61277,0.87402,2.88047,0.888469,3.08562,6.60138,0,0.953993,1.65064,1.67775,0.924972,1.21906,1.7041,1.71913,1.17121,800,0.0180605,0,0.124943,0.000424805,0.00081543,0,47.3476,83.6979,72.9454,11.957,8,29.8112,,40.4639,20.232,0.924972,108.909,1.33123,2.06414,2.91024,2.62639,0.656214,89.6934,16.7201,44.9399,1280
ae3_cool_s-1_uw,ae3,cool,-1,uw,M1-fix,,processed,T2,102400,99240,0.775312,True,1.04667,10.4665,0.720986,0.709955,8.71844,0.633783,6.89239,0.970102,0.970013,0.0306677,0.184294,82,,-0.0129316,0.0296445,-0.122671,0.0582717,False,21.1556,15.4802,34.9605,0.501813,2.34737,0.52086,2.01278,0.563634,2.16642,6.34087,0,0.87903,1.41514,1.54831,0.834472,1.09578,1.47063,1.56396,1.04667,800,0.0180605,0,0.124943,0.000424805,0.00081543,0,40.6939,75.6513,65.1635,8.68236,8,29.3295,,20.6368,10.3184,0.834472,105.496,0.711669,1.8838,2.34263,2.19227,0.581042,88.325,16.1217,44.9678,1280
ae3_cool_s-1_uw,ae3,cool,-1,uw,M1-fix,,processed,T3,204800,195611,1.52821,True,0.888763,10.2265,0.533516,0.449216,8.64895,0.403953,6.72517,0.976901,0.980232,0.0264097,0.166067,93,,-0.0343051,0.0176012,-0.0996035,0.0535261,False,20.6549,15.0173,34.7088,0.329754,2.09657,0.402618,1.79783,0.403654,1.73934,6.04297,0,0.851925,1.32165,1.39381,0.733873,1.00554,1.27193,1.43503,0.888763,800,0.0180605,0,0.124943,0.000424805,0.00081543,0,36.4869,63.4619,63.0135,5.40559,8,29.4252,,10.4698,5.23488,0.733873,105.509,0.839026,1.79195,1.86911,1.7304,0.502847,88.4124,15.8596,44.7041,1280
ae3_cool_s-1_uw,ae3,cool,-1,uw,M2,,processed,T1,51200,49626,0.387703,True,0.948957,1.60816,1.77194,1.31536,3.10985,1.35301,1.06434,0.975058,0.98459,0.224041,0.149658,18.0996,,-0.499805,-1.03675,-1.12885,-0.145988,False,3.98006,3.57288,4.66146,2.34237,5.72516,3.07772,6.08409,3.44929,6.7354,3.78332,0,1.23282,2.69819,3.00853,0.688129,1.42086,2.68089,2.87969,0.948957,800,0,0,0,0.000578125,0,0.000803711,33.0154,41.0496,27.4393,5.32095,8,2.33274,,41.2687,20.6343,0.688129,5.52238,3.21849,1.62873,2.3826,2.37038,0.530352,14.9309,2.47733,7.78258,1280
ae3_cool_s-1_uw,ae3,cool,-1,uw,M2,,processed,T2,102400,104963,0.820023,True,0.815643,1.48388,1.7543,1.1635,2.72926,1.1792,0.984899,0.981029,0.988102,0.125387,0.200387,13.5073,,-0.534006,-1.01377,-1.10311,-0.143333,False,3.7866,2.987,4.01588,2.51402,5.66125,2.9744,5.41025,3.34094,5.91159,3.4433,0,1.31678,2.67972,2.85111,0.670785,1.4412,2.59594,2.73857,0.815643,800,0,0,0,0.000578125,0,0.000803711,29.5312,36.8901,28.4327,3.60018,8,2.48445,,19.5116,9.75582,0.670785,5.29762,3.38605,1.53146,2.12843,2.12255,0.479469,13.4518,2.34153,4.93305,1280
ae3_cool_s-1_uw,ae3,cool,-1,uw,M2,,processed,T3,204800,196442,1.5347,True,0.624041,1.36956,1.77756,0.981954,2.26671,0.987603,0.875977,0.987246,0.991262,0.142691,0.173706,8.0995,,-0.506428,-0.989975,-1.06428,-0.14164,False,3.04722,2.60637,3.74574,2.32988,5.35144,2.89879,4.87125,3.2381,5.30911,3.16484,0,1.26243,2.72424,2.91141,0.681944,1.28732,2.56684,2.70446,0.624041,800,0,0,0,0.000578125,0,0.000803711,30.1063,35.2495,25.2371,3.13367,8,3.71915,,10.4255,5.21273,0.681944,4.37799,3.2085,1.47537,1.97537,2.01722,0.398265,12.3584,2.00623,5.1729,1280
ae3_cool_s-1_uw,ae3,cool,-1,uw,M2h,,processed,T1,51200,45201,0.353133,False,0.92096,1.69695,0.507227,1.07397,2.90587,1.05568,1.11426,0.979326,0.983863,0.158719,0.0827258,44,bracketed (integer knob): metrics interpolated,-0.0433051,0.133399,0.0070845,-0.0197983,False,4.3719,3.43379,4.90587,1.06752,3.59389,0.825549,2.91763,0.816208,2.90561,1.68927,0,1.18682,1.96974,1.9979,0.604653,1.38999,2.09267,2.05764,0.92096,800,0,0,0,0.000578125,0,0.000803711,36.7985,64.696,33.7505,3.97594,8,3.08584,,45.3087,22.6544,0.604653,2.9315,0.876757,1.52509,2.10846,2.02948,0.48702,5.37188,2.00646,6.49852,1280
ae3_cool_s-1_uw,ae3,cool,-1,uw,M2h,,processed,T1,51200,54247,0.423805,False,0.898951,1.38359,0.488981,1.00222,2.80097,0.996004,0.94532,0.980891,0.984764,0.171944,0.0843718,45,bracketed (integer knob): metrics interpolated,-0.0181706,0.0984219,-0.0287108,-0.0175544,False,4.26485,3.20567,4.54693,0.979786,3.39672,0.757826,2.76082,0.763463,2.74918,1.66284,0,1.20036,1.99897,1.89203,0.603528,1.3678,2.04923,1.95488,0.898951,800,0,0,0,0.000578125,0,0.000803711,35.4721,55.2371,35.3642,4.36197,8,3.53474,,37.7532,18.8766,0.603528,2.216,0.418945,1.49465,2.04697,1.97835,0.473235,4.66252,1.59629,6.87892,1280
ae3_cool_s-1_uw,ae3,cool,-1,uw,M2h,,processed,T2,102400,104651,0.817586,True,0.771644,1.19735,0.370637,0.770552,2.10055,0.74726,0.803215,0.985892,0.988185,0.220203,0.0925264,53,,-0.0362787,0.102894,-0.0177263,-0.0126008,False,3.16486,2.45118,3.55862,0.749836,2.72237,0.619397,2.26564,0.573272,2.11069,1.26293,0,1.07842,1.96429,2.04031,0.596232,1.27776,1.94822,2.08653,0.771644,800,0,0,0,0.000578125,0,0.000803711,28.767,32.2868,24.9769,3.5492,8,2.0557,,19.5698,9.7849,0.596232,2.7142,0.658269,1.38247,1.796,1.73975,0.406556,6.84448,1.48034,4.71099,1280
ae3_cool_s-1_uw,ae3,cool,-1,uw,M2h,,processed,T3,204800,205772,1.60759,True,0.529237,0.950746,0.288987,0.538209,1.67897,0.520047,0.575547,0.989675,0.991657,0.290442,0.106485,63,,-0.0152784,0.0740247,-0.0190575,-0.00924361,False,2.58657,1.96712,3.08874,0.5499,2.19457,0.470582,1.72664,0.434572,1.7069,1.00547,0,1.05462,2.05325,2.05929,0.62626,1.21171,2.02596,2.06277,0.529237,800,0,0,0,0.000578125,0,0.000803711,27.6377,33.7734,21.9986,3.13367,8,1.95568,,9.95276,4.97638,0.62626,1.30884,0.425717,1.27573,1.55568,1.50187,0.321269,3.04194,1.01923,4.64736,1280
ae3_cool_s-1_uw,ae3,cool,-1,uw,C,C,lossless,lossless,,287106,2.24302,,0,0,0,0,0,0,0,1,1,0.09237,0.0887156,,,0,0,0,0,True,0,0,0,0,0,0,0,0,0,0,0,0.792983,0.807145,0.806187,0.819693,0,0,0,0,800,,,,,,,0,0,0,0,8,0,True,7.13325,3.56663,0.819693,0,0,0,0,0,0,0,0,0,1280
ae3_cool_s-1_uw,ae3,cool,-1,uw,C-jls,C-jls,lossless,lossless,,249604,1.95003,,0,0,0,0,0,0,0,1,1,0.0138892,0.0142581,,,0,0,0,0,True,0,0,0,0,0,0,0,0,0,0,0,0.792983,0.807145,0.806187,0.819693,0,0,0,0,800,,,,,,,0,0,0,0,8,0,,8.205,4.1025,0.819693,0,0,0,0,0,0,0,0,0,1280
ae3_cool_s-1_uw,ae3,cool,-1,uw,C-png,C-png,lossless,lossless,,316915,2.4759,,0,0,0,0,0,0,0,1,1,1.33705,0.00963508,,,0,0,0,0,True,0,0,0,0,0,0,0,0,0,0,0,0.792983,0.807145,0.806187,0.819693,0,0,0,0,800,,,,,,,0,0,0,0,8,0,,6.4623,3.23115,0.819693,0,0,0,0,0,0,0,0,0,1280
ae3_cool_s-1_uw,ae3,cool,-1,uw,C2,C2/e3,lossless,lossless,,250164,1.95441,,0,0,0,0,0,0,0,1,1,0.146304,0.140671,,,0,0,0,0,True,0,0,0,0,0,0,0,0,0,0,0,0.792983,0.807145,0.806187,0.819693,0,0,0,0,800,,,,,,,0,0,0,0,8,0,,8.18663,4.09331,0.819693,0,0,0,0,0,0,0,0,0,1280
ae3_cool_s-1_uw,ae3,cool,-1,uw,C2,C2/e7,lossless,lossless,,228372,1.78416,,0,0,0,0,0,0,0,1,1,0.457326,0.174044,,,0,0,0,0,True,0,0,0,0,0,0,0,0,0,0,0,0.792983,0.807145,0.806187,0.819693,0,0,0,0,800,,,,,,,0,0,0,0,8,0,,8.96782,4.48391,0.819693,0,0,0,0,0,0,0,0,0,1280
ae3_cool_s-1_uw,ae3,cool,-1,uw,C2,C2/e7/tiled,lossless,lossless,,223975,1.7498,,0,0,0,0,0,0,0,1,1,0.451988,0.0916603,,,0,0,0,0,True,0,0,0,0,0,0,0,0,0,0,0,0.792983,0.807145,0.806187,0.819693,0,0,0,0,800,,,,,,,0,0,0,0,8,0,,9.14388,4.57194,0.819693,0,0,0,0,0,0,0,0,0,1280
ae3_cool_s-1_uw,ae3,cool,-1,uw,N,N/b7,near-lossless,near-lossless,,303584,2.37175,,0.17895,1.17961,0.90223,0.818327,2.05375,0.84651,0.969626,0.998547,0.998534,0.0916851,0.0941037,,,0.046436,0.0297004,0.0303031,0.00339698,False,2.71865,2.4621,3.72529,0.740524,1.82292,0.429181,1.89704,0.443114,1.97885,3.05808,0,0.902411,1.1218,1.10782,0.87239,0.446783,0.830647,0.774396,0.17895,800,,,,,,,1.1842,1.51243,1.69862,0.395065,8,2.52941,,6.74607,3.37304,0.87239,3.42276,1.83159,0.36374,0.56993,0.569462,0.186049,9.40406,2.0342,3.17445,1280
ae3_cool_s-1_uw,ae3,cool,-1,uw,N,N/b8,near-lossless,near-lossless,,413401,3.2297,,0.111576,0.783591,0.613672,0.610199,1.23335,0.527249,0.610286,0.999691,0.999699,0.0904235,0.0946832,,,0.0106429,-0.0114276,-0.0114618,0.0153374,False,1.44187,1.20096,1.55711,0.374738,1.19385,0.267844,0.815919,0.281781,0.839346,1.43105,0,0.829897,0.930089,0.907252,0.831216,0.217542,0.377311,0.372578,0.111576,800,,,,,,,0.584314,0.898039,0.8,0.196078,8,2.24521,,4.95403,2.47701,0.831216,3.38612,0.873388,0.181734,0.29098,0.291409,0.086978,3.64514,1.11129,2.52356,1280
ae3_cool_s-1_uw,ae3,cool,-1,uw,N,N/b9,near-lossless,near-lossless,,540624,4.22363,,0.0630078,0.330305,0.221467,0.185907,0.459235,0.162833,0.247948,0.999913,0.99994,0.0948224,0.0976139,,,0.00182633,0.00150954,0.00179437,-0.00546281,False,0.631636,0.56518,0.806294,0.110504,0.416818,0.094825,0.375528,0.101769,0.385388,0.578721,0,0.799734,0.821648,0.819924,0.802818,0.109362,0.164229,0.163996,0.0630078,800,,,,,,,0.277676,0.390015,0.390926,0.0868831,8,0.77443,,3.78822,1.89411,0.802818,1.45673,0.840675,0.078489,0.134926,0.134676,0.0427132,1.28003,0.513689,1.15544,1280
ae3_cool_s-1_uw,ae3,cool,-1,uw,N,N/b10,near-lossless,near-lossless,,668091,5.21946,,0.0199289,0.12198,0.103117,0.0876351,0.251194,0.0756735,0.107868,0.999977,0.999978,0.093919,0.103009,,,-0.0153038,-0.0062501,-0.00635654,-0.00133575,False,0.345917,0.258128,0.340472,0.0725959,0.284393,0.0522915,0.18369,0.0532244,0.196387,0.277403,0,0.803718,0.815247,0.803773,0.816064,0.0418038,0.0951354,0.0978561,0.0199289,800,,,,,,,0.134728,0.220727,0.217439,0.0488271,8,0.232766,,3.06545,1.53273,0.816064,0.718648,0.189331,0.0483641,0.068442,0.0684442,0.0211679,0.548781,0.189301,0.274132,1280
ae3_cool_s-1_uw,ae3,cool,-1,uw,D,D,raw,T1,51200,50984,0.398313,True,1.12368,2.54524,1.70389,1.62228,3.86861,1.56112,1.1742,0.948965,0.944551,0.0799841,0.0845637,51,,0.00507808,0.00486221,0.000605928,-0.0115666,False,5.0199,4.70945,8.56466,1.38214,3.16825,1.29457,3.07134,1.31728,3.19664,4.19606,0.000372536,1.29656,1.92922,2.18147,0.909052,1.43576,2.02906,2.30559,1.12368,800,,,,,,,42.1922,68.5255,83.3176,14.3686,8,3.74146,,40.1695,20.0847,0.909052,4.04299,1.16782,2.10452,3.36656,3.37094,0.762749,12.0062,3.49347,15.9653,1280
ae3_cool_s-1_uw,ae3,cool,-1,uw,D,D,raw,T2,102400,101490,0.792891,True,0.986349,1.26709,0.719211,0.751483,1.90799,0.741078,0.739201,0.971087,0.979258,0.0811493,0.0862224,82,,0.0111579,-0.00365438,-0.00560838,0.00826731,False,2.48795,2.10426,3.82186,0.572861,1.64843,0.531519,1.43981,0.550813,1.51315,2.33718,0.000162387,0.9697,1.40434,1.5055,0.85183,1.08438,1.43408,1.50629,0.986349,800,,,,,,,24.2353,32.6078,34.102,7.76863,8,1.90401,,20.1793,10.0897,0.85183,4.05606,0.816725,1.28798,1.96586,1.96535,0.600932,7.95435,2.01956,4.47322,1280
ae3_cool_s-1_uw,ae3,cool,-1,uw,D,D,raw,T3,204800,207576,1.62169,True,0.741579,1.03116,0.672202,0.648053,1.40231,0.587953,0.7172,0.98779,0.992948,0.0809073,0.0868489,94,,0.00900651,-0.0101673,-0.0107639,0.0146366,False,1.77036,1.52108,2.20354,0.397785,1.23452,0.311742,0.912303,0.333758,0.963395,1.55565,0,0.940282,1.13049,1.18166,0.892812,0.850041,1.04687,0.999106,0.741579,800,,,,,,,9.41569,12.7412,12.7412,4.60392,8,2.45539,,9.86627,4.93313,0.892812,3.7994,0.949356,0.741746,1.02736,1.02442,0.438451,4.195,1.38335,2.71417,1280
ae3_cool_s-1_uw,ae3,cool,-1,uw,D2,D2/modular,raw,T1,51200,50267,0.392711,True,1.00477,1.67582,0.458244,0.445792,2.29609,0.419629,0.741538,0.9617,0.971367,0.448874,0.144283,3.3083,,-0.0104701,0.00184517,-0.00669548,-0.0192815,False,3.74154,3.63209,7.56601,0.336062,1.23606,0.311128,1.05487,0.307019,1.04396,1.91363,0.000730743,0.784969,1.04166,1.09508,0.71594,1.06519,1.22228,1.22576,1.00477,800,,,,,,,24.915,33.3762,32.8021,8.49731,8,4.34591,,40.7424,20.3712,0.71594,2.83942,0.467915,1.42757,2.27068,2.28061,0.666319,10.1483,1.95324,15.4681,1280
ae3_cool_s-1_uw,ae3,cool,-1,uw,D2,D2/modular,raw,T2,102400,102894,0.803859,True,0.852587,0.756716,0.17981,0.179113,1.01017,0.16747,0.345235,0.983803,0.990414,0.474987,0.146974,1.2292,,-0.00385891,-0.00236634,-0.00122191,0.00238486,False,1.75683,1.48013,3.43091,0.13132,0.466581,0.123721,0.413477,0.129427,0.437731,0.783479,0,0.806322,0.930406,0.923609,0.827658,0.938164,0.988509,1.06375,0.852587,800,,,,,,,9.28382,17.3071,22.636,4.60585,8,2.27915,,19.904,9.95199,0.827658,1.36813,0.31243,0.82861,1.20295,1.19746,0.489353,4.33869,0.895254,5.51148,1280
ae3_cool_s-1_uw,ae3,cool,-1,uw,D2,D2/modular,raw,T3,204800,205360,1.60438,True,0.314055,0.329371,0.12632,0.117796,0.387872,0.106205,0.163568,0.995446,0.996365,0.512523,0.14934,0.469,,-0.000241163,0.000131986,0.000389184,0.00346348,False,0.650285,0.532107,1.29421,0.0812651,0.249471,0.0734655,0.220677,0.0756198,0.231587,0.375173,0,0.889453,0.870594,0.884758,0.930097,0.715955,0.795413,0.777982,0.314055,800,,,,,,,5.55223,8.40544,8.30819,1.73135,8,0.535208,,9.97273,4.98637,0.930097,1.0292,0.171659,0.527632,0.695953,0.694218,0.293185,2.11799,0.449544,1.94763,1280
ae3_cool_s-1_uw,ae3,cool,-1,uw,D,D/red+1.5,raw,T1,51200,50778,0.396703,True,1.0783,2.15524,1.11835,1.52879,3.69439,1.54513,1.14156,0.9481,0.93283,0.0776635,0.085557,"{""R"": 69, ""GB"": 41}",R share 0.27 (eq 0.18),0.00191878,0.0145084,0.0307723,0.000551073,False,4.65771,4.57271,7.03527,1.59039,3.88302,1.5029,3.84712,1.55889,4.03783,3.32544,0.000315222,1.30427,2.24526,2.44705,0.827967,1.46573,2.30229,2.47511,1.0783,800,,,,,,,53.3176,76.451,95.7412,10.8588,8,4.04609,,40.3324,20.1662,0.827967,4.56104,1.39787,2.29303,3.68969,3.71271,0.686553,9.69305,2.93577,12.6391,1280
ae3_cool_s-1_uw,ae3,cool,-1,uw,D,D/red+1.5,raw,T2,102400,102107,0.797711,True,0.92772,1.06235,0.621179,0.74921,1.8381,0.728128,0.751907,0.974167,0.977814,0.079936,0.0851255,"{""R"": 89, ""GB"": 77}",R share 0.33 (eq 0.22),0.0111842,-0.000698446,-0.00648942,0.00838646,False,2.60697,2.09919,3.04054,0.647951,1.83203,0.601918,1.6516,0.609662,1.70883,1.83136,3.82088e-05,1.05489,1.47324,1.5914,0.85647,1.1507,1.52361,1.63702,0.92772,800,,,,,,,33.0039,45.8039,44.5255,6.76863,8,3.06627,,20.0574,10.0287,0.85647,3.73825,0.872664,1.47267,2.27357,2.23918,0.526096,5.52851,1.50183,3.94005,1280
ae3_cool_s-1_uw,ae3,cool,-1,uw,D,D/red+1.5,raw,T3,204800,205939,1.6089,True,0.497203,0.9518,0.648409,0.64486,1.43264,0.596895,0.688227,0.991324,0.992789,0.099539,0.0910344,"{""R"": 97, ""GB"": 91}",R share 0.42 (eq 0.27),0.00748335,-0.00821061,-0.00398416,0.0172356,False,1.7667,1.45552,1.95289,0.426525,1.29725,0.353485,1.04828,0.361477,1.08918,1.47847,0,0.936487,1.26283,1.25304,0.931619,0.944465,1.16226,1.18411,0.497203,800,,,,,,,15.2,18.349,22.2353,2.56471,8,2.56833,,9.94469,4.97235,0.931619,3.9393,0.87451,0.911186,1.30921,1.29758,0.323969,4.13404,1.31354,2.81465,1280
ae3_cool_s-1_uw,ae3,cool,-1,uw,D,D/red+2,raw,T1,51200,50732,0.396344,True,1.01297,2.03891,0.834959,1.67055,4.09251,1.72117,1.32822,0.948245,0.926762,0.0836253,0.102236,"{""R"": 77, ""GB"": 34}",R share 0.36 (eq 0.18),-0.00907922,-0.0137595,-0.00909591,0.00713343,False,5.5612,5.05917,6.54701,2.05987,4.56743,1.91521,4.46042,1.9928,4.65148,2.72388,0.00019582,1.39251,2.64188,2.73912,0.831265,1.60133,2.7309,2.77436,1.01297,800,,,,,,,55.9843,81.2,103.396,7.89804,8,2.99889,,40.369,20.1845,0.831265,5.17799,0.948776,2.47692,4.02592,4.04685,0.638098,7.68948,2.61215,8.05568,1280
ae3_cool_s-1_uw,ae3,cool,-1,uw,D,D/red+2,raw,T2,102400,99354,0.776203,True,0.844661,1.13886,0.670672,0.878372,2.1783,0.875649,0.758111,0.974578,0.971495,0.0873299,0.0916653,"{""R"": 92, ""GB"": 69}",R share 0.43 (eq 0.22),0.0233085,0.0104518,0.00457512,0.0135396,False,3.05905,2.51094,3.45907,0.872518,2.46111,0.817607,2.16079,0.853405,2.23823,1.68844,0,1.08406,1.72192,1.73206,0.910338,1.24556,1.74571,1.77028,0.844661,800,,,,,,,33.4353,52.7686,64.902,5.13333,8,2.56264,,20.6132,10.3066,0.910338,3.23125,0.995271,1.7119,2.69046,2.64802,0.482756,3.83441,1.44918,3.43129,1280
ae3_cool_s-1_uw,ae3,cool,-1,uw,D,D/red+2,raw,T3,204800,193032,1.50806,False,0.368074,0.849366,0.631525,0.655959,1.43859,0.60962,0.65545,0.990905,0.990784,0.0872656,0.0927829,"{""R"": 98, ""GB"": 86}",R share 0.52 (eq 0.27),0.00646615,-0.00498189,-0.00507028,0.0162056,False,1.79955,1.49949,1.89728,0.468407,1.37993,0.392992,1.15759,0.411677,1.21005,1.45461,0,0.951239,1.3413,1.40773,0.898994,1.03003,1.28842,1.41401,0.368074,800,,,,,,,18.8627,33.5922,27.6314,1.59216,8,2.1789,,10.6096,5.30482,0.898994,3.44394,0.90446,1.13766,1.68317,1.69362,0.25466,4.23972,1.16292,2.89647,1280
ae3_cool_s-1_uw,ae3,cool,-1,uw,D,D/3pl,raw,T1,51200,50397,0.393727,True,1.0783,2.23208,1.11835,1.23891,3.07361,1.2072,1.17262,0.954485,0.953983,0.0675694,0.0699331,69,,0.0233085,0.275533,0.193787,0.000551073,False,4.10319,4.19594,7.50632,0.872518,2.46111,1.5306,6.66815,1.45964,6.93191,3.32544,0.000315222,1.08406,1.61414,1.66936,0.827967,1.24556,1.79271,1.77205,1.0783,800,,,,,,,33.4353,74.8588,88.6314,10.8588,8,4.6007,,40.6373,20.3187,0.827967,4.56104,1.39787,1.7119,4.28277,4.28173,0.686553,10.3619,3.06152,13.9646,1280
ae3_cool_s-1_uw,ae3,cool,-1,uw,D,D/3pl,raw,T2,102400,99363,0.776273,True,0.891106,0.965705,0.611643,0.709369,1.65941,0.705685,0.677524,0.971707,0.976322,0.0648497,0.0731945,88,,0.00614123,0.247286,0.164582,0.00755698,False,2.1572,1.98809,3.06318,0.468603,1.38413,1.13295,6.37784,1.00109,6.85122,1.82149,3.34327e-05,0.937625,1.30964,1.28104,0.83997,0.98703,1.36236,1.31683,0.891106,800,,,,,,,18.1922,64.6039,82.0039,7.89804,8,1.92759,,20.6113,10.3056,0.83997,3.75682,0.760159,1.05681,3.82895,3.84046,0.537916,5.64869,1.5631,2.70873,1280
ae3_cool_s-1_uw,ae3,cool,-1,uw,D,D/3pl,raw,T3,204800,200176,1.56387,True,0.603176,0.769146,0.657339,0.606383,1.28742,0.610109,0.579344,0.984902,0.984378,0.064577,0.0762443,96,,0.00887245,0.244472,0.161918,0.0168138,False,1.68677,1.47746,1.98327,0.385209,1.17335,1.0742,6.37035,0.951836,6.77534,1.48688,0,0.940805,1.07026,1.11915,0.931327,0.793688,1.07586,1.02485,0.603176,800,,,,,,,8.06275,73.6078,70.3922,3.56863,8,1.84345,,10.231,5.1155,0.931327,3.89111,0.905999,0.614181,3.64406,3.64354,0.37345,4.97904,1.12477,1.91067,1280
ae3_cool_s-1_uw,ae3,cool,-1,uw,D,D/tiled,raw,T1,51200,50602,0.395328,True,1.12368,2.54524,1.70389,1.62228,3.86861,1.56112,1.1742,0.948965,0.944551,0.023862,0.027953,51,,0.00507808,0.00486221,0.000605928,-0.0115666,False,5.0199,4.70945,8.56466,1.38214,3.16825,1.29457,3.07134,1.31728,3.19664,4.19606,0.000372536,1.29656,1.92922,2.18147,0.909052,1.43576,2.02906,2.30559,1.12368,800,,,,,,,42.1922,68.5255,83.3176,14.3686,8,3.74146,,40.4727,20.2364,0.909052,4.04299,1.16782,2.10452,3.36656,3.37094,0.762749,12.0062,3.49347,15.9653,1280
ae3_cool_s-1_uw,ae3,cool,-1,uw,D,D/tiled,raw,T2,102400,101334,0.791672,True,0.986349,1.26709,0.719211,0.751483,1.90799,0.741078,0.739201,0.971087,0.979258,0.0232175,0.0267023,82,,0.0111579,-0.00365438,-0.00560838,0.00826731,False,2.48795,2.10426,3.82186,0.572861,1.64843,0.531519,1.43981,0.550813,1.51315,2.33718,0.000162387,0.9697,1.40434,1.5055,0.85183,1.08438,1.43408,1.50629,0.986349,800,,,,,,,24.2353,32.6078,34.102,7.76863,8,1.90401,,20.2104,10.1052,0.85183,4.05606,0.816725,1.28798,1.96586,1.96535,0.600932,7.95435,2.01956,4.47322,1280
ae3_cool_s-1_uw,ae3,cool,-1,uw,D,D/tiled,raw,T3,204800,207583,1.62174,True,0.741579,1.03116,0.672202,0.648053,1.40231,0.587953,0.7172,0.98779,0.992948,0.0267552,0.0299241,94,,0.00900651,-0.0101673,-0.0107639,0.0146366,False,1.77036,1.52108,2.20354,0.397785,1.23452,0.311742,0.912303,0.333758,0.963395,1.55565,0,0.940282,1.13049,1.18166,0.892812,0.850041,1.04687,0.999106,0.741579,800,,,,,,,9.41569,12.7412,12.7412,4.60392,8,2.45539,,9.86593,4.93297,0.892812,3.7994,0.949356,0.741746,1.02736,1.02442,0.438451,4.195,1.38335,2.71417,1280
ae3_cool_s-1_uw,ae3,cool,-1,uw,D2,D2/modular/red+1.5,raw,T1,51200,51562,0.402828,True,0.96226,0.610743,0.297952,0.394718,1.55899,0.389484,0.450132,0.963364,0.961197,0.48102,0.144974,"{""R"": 2.1653, ""GB"": 4.1124}",R share 0.32 (eq 0.21),-0.00841287,-0.00294865,-0.000789584,-0.00614593,False,3.03462,1.89612,3.87283,0.39548,1.41636,0.367029,1.23602,0.372613,1.31427,1.05179,6.20893e-05,0.767939,1.07187,1.11407,0.743734,1.06841,1.27921,1.39086,0.96226,800,,,,,,,29.3712,44.0026,39.1471,7.04112,8,1.55852,,39.7192,19.8596,0.743734,3.28105,0.707992,1.62987,2.68731,2.65567,0.589525,4.19135,0.84628,2.34453,1280
ae3_cool_s-1_uw,ae3,cool,-1,uw,D2,D2/modular/red+1.5,raw,T2,102400,103720,0.810312,True,0.763593,0.8235,0.170061,0.209606,0.957307,0.197414,0.377732,0.985891,0.989874,0.463106,0.149856,"{""R"": 0.7809, ""GB"": 1.6658}",R share 0.40 (eq 0.27),0.000228327,-0.00102914,-9.08782e-05,-0.000440884,False,2.46464,1.57932,3.07404,0.183149,0.733125,0.17038,0.558277,0.177562,0.566645,0.630401,0,0.803749,0.889292,0.913949,0.912766,0.988925,1.03577,1.09097,0.763593,800,,,,,,,15.0691,20.0347,22.2318,2.85199,8,1.61322,,19.7455,9.87273,0.912766,1.07282,0.263092,0.963421,1.42667,1.43231,0.414293,4.18544,0.987639,5.72356,1280
ae3_cool_s-1_uw,ae3,cool,-1,uw,D2,D2/modular/red+1.5,raw,T3,204800,205588,1.60616,True,0.130545,0.211896,0.0765427,0.107181,0.335263,0.102099,0.142166,0.996813,0.997679,0.514155,0.149361,"{""R"": 0.1909, ""GB"": 0.686}",R share 0.47 (eq 0.31),-0.00038007,-0.00185316,-0.000315346,0.0024919,False,1.18898,0.456318,0.980611,0.109917,0.385266,0.0994004,0.32656,0.103197,0.33581,0.243405,0,0.871183,0.895992,0.930023,0.808598,0.816056,0.879523,0.926584,0.130545,800,,,,,,,7.18163,17.4987,11.4803,0.727022,8,0.596548,,9.96167,4.98084,0.808598,0.476937,0.0630914,0.636287,0.868131,0.863778,0.091184,1.36548,0.251794,1.24288,1280
ae3_cool_s-1_uw,ae3,cool,-1,uw,D2,D2/modular/red+2,raw,T1,51200,50756,0.396531,True,0.939263,2.14249,0.277286,0.467104,2.8748,0.462713,1.03328,0.967008,0.954997,0.452169,0.145822,"{""R"": 1.7719, ""GB"": 5.3057}",R share 0.41 (eq 0.21),-0.0116268,-0.00268067,-0.00158248,0.0065908,False,4.75855,3.99431,8.33498,0.515876,1.93373,0.482814,1.70642,0.502307,1.59857,1.6557,0,0.798009,1.27915,1.25945,0.736919,1.07459,1.46913,1.3766,0.939263,800,,,,,,,30.7931,52.4141,54.4872,4.73337,8,5.6205,,40.3499,20.175,0.736919,2.0058,0.330259,1.9289,3.20827,3.17892,0.552914,16.649,2.87473,11.8671,1280
ae3_cool_s-1_uw,ae3,cool,-1,uw,D2,D2/modular/red+2,raw,T2,102400,100616,0.786062,True,0.476829,0.540643,0.170409,0.27933,0.885709,0.276982,0.330463,0.986561,0.985309,0.456083,0.146151,"{""R"": 0.5983, ""GB"": 2.6604}",R share 0.55 (eq 0.27),-0.00929457,0.00217384,-0.00329136,0.00776268,False,1.90073,1.13309,2.04733,0.278927,0.938882,0.273903,0.899464,0.268393,0.919667,0.477808,0,0.778938,1.02198,1.02394,0.957743,1.03043,1.17069,1.17758,0.476829,800,,,,,,,17.9932,28.3331,27.813,2.2268,8,1.12855,,20.3546,10.1773,0.957743,1.05932,0.246064,1.26412,1.94084,1.98972,0.350074,1.91378,0.632413,2.59131,1280
ae3_cool_s-1_uw,ae3,cool,-1,uw,D2,D2/modular/red+2,raw,T3,204800,206507,1.61334,True,0.0516814,0.197433,0.0527373,0.111033,0.315378,0.11265,0.14422,0.995576,0.995879,0.50854,0.150717,"{""R"": 0.0628, ""GB"": 1.118}",R share 0.62 (eq 0.31),-0.00502711,-0.000830694,-0.00170777,0.00244817,False,0.556599,0.36632,0.566333,0.123487,0.397034,0.118832,0.390118,0.120681,0.391019,0.176943,0,0.826492,0.875032,0.922355,0.820302,0.920348,0.963813,1.01414,0.0516814,800,,,,,,,8.55579,13.7594,15.1932,0.324242,8,0.438993,,9.91734,4.95867,0.820302,0.267462,0.0510553,0.793102,1.13124,1.12787,0.0383084,0.63443,0.192065,0.858411,1280
ae3_cool_s-1_uw,ae3,cool,-1,uw,D2,D2/modular/3pl,raw,T1,51200,50850,0.397266,True,0.96226,0.583966,0.297952,0.580776,1.44612,0.535587,0.464399,0.963224,0.973866,0.3341,0.111914,2.1631,,-0.00828303,0.250928,0.168289,-0.00614593,False,2.40327,1.79524,3.7575,0.219599,0.746257,1.06497,6.46667,0.879449,6.83905,1.05179,6.20893e-05,0.766776,0.963261,0.9698,0.743734,1.01211,1.24373,1.22408,0.96226,800,,,,,,,15.9487,69.3766,74.6234,7.04112,8,1.30717,,40.2753,20.1377,0.743734,3.28105,0.707992,1.1176,3.94116,3.92132,0.589525,3.81797,0.907141,2.44172,1280
ae3_cool_s-1_uw,ae3,cool,-1,uw,D2,D2/modular/3pl,raw,T2,102400,100810,0.787578,True,0.785271,0.781223,0.180422,0.442798,1.0762,0.433021,0.473381,0.980303,0.982434,0.351636,0.118831,0.8913,,-0.00499045,0.25153,0.168969,0.0018729,False,1.81603,1.47386,2.65984,0.110023,0.373377,1.03472,6.4019,0.850391,6.80783,0.656075,0,0.835685,0.854184,0.884364,0.89518,0.867917,1.07968,1.06223,0.785271,800,,,,,,,9.59442,71.3614,72.6386,3.2268,8,1.69191,,20.3154,10.1577,0.89518,1.06668,0.248218,0.71638,3.69721,3.67635,0.436531,3.28286,0.90488,4.92651,1280
ae3_cool_s-1_uw,ae3,cool,-1,uw,D2,D2/modular/3pl,raw,T3,204800,208714,1.63058,True,0.212475,0.579964,0.11113,0.389745,0.777686,0.382612,0.3425,0.990223,0.987589,0.401229,0.121551,0.3092,,0.00129088,0.254252,0.171625,0.00704366,False,1.00481,0.951431,1.76305,0.0649897,0.224265,1.03015,6.36386,0.848246,6.75033,0.45119,0,0.959098,0.929373,0.920403,0.909238,0.490266,0.951491,0.902584,0.212475,800,,,,,,,3.60731,73.5619,70.4381,1.4903,8,1.19623,,9.81247,4.90624,0.909238,0.723767,0.133918,0.40371,3.6038,3.59605,0.18481,2.56428,0.733305,3.37993,1280
ae3_cool_s-1_uw,ae3,cool,-1,uw,D2,D2/modular/tiled,raw,T1,51200,50510,0.394609,True,1.01032,1.76251,0.436445,0.416019,2.24024,0.385938,0.763245,0.962117,0.972702,0.420831,0.0751413,3.195,,-0.0101861,0.00281785,-0.00474008,-0.0181719,False,3.63773,3.64548,7.57839,0.312862,1.15837,0.291137,1.01953,0.289588,1.00016,1.88728,0.000711638,0.788457,1.06729,1.08682,0.702115,1.05479,1.18861,1.23128,1.01032,800,,,,,,,23.6888,33.0757,30.3133,8.2158,8,4.45774,,40.5464,20.2732,0.702115,2.46467,0.45937,1.40057,2.20548,2.23484,0.660122,10.5406,2.10574,15.913,1280
ae3_cool_s-1_uw,ae3,cool,-1,uw,D2,D2/modular/tiled,raw,T2,102400,103173,0.806039,True,0.845296,0.73056,0.182556,0.175634,0.948924,0.166844,0.33618,0.983891,0.990572,0.418519,0.0743925,1.22,,-0.00485415,-0.00394401,-0.00310546,0.00164241,False,1.7333,1.47498,3.38523,0.130968,0.443288,0.120558,0.412087,0.126709,0.427305,0.762121,0,0.780801,0.917396,0.930058,0.825267,0.928243,0.978977,1.03788,0.845296,800,,,,,,,9.43778,18.386,22.1438,4.57314,8,2.18522,,19.8502,9.92508,0.825267,1.16015,0.324248,0.822431,1.19395,1.18791,0.48655,4.14599,0.845782,5.2899,1280
ae3_cool_s-1_uw,ae3,cool,-1,uw,D2,D2/modular/tiled,raw,T3,204800,210691,1.64602,True,0.294926,0.483856,0.129803,0.118688,0.502968,0.110059,0.215122,0.995673,0.99649,0.444365,0.0811065,0.4533,,-0.000976763,-5.40746e-05,0.000435987,0.00247114,False,0.88036,0.791427,1.78384,0.0814519,0.260172,0.0736273,0.219325,0.0763311,0.233528,0.409385,0,0.899692,0.888618,0.9142,0.930877,0.691385,0.789782,0.76097,0.294926,800,,,,,,,5.90748,7.8366,9.48301,1.62784,8,0.907659,,9.7204,4.8602,0.930877,0.702858,0.229029,0.515887,0.682958,0.681953,0.2863,2.60974,0.600562,3.16357,1280
ae3_cool_s-1_uw,ae3,cool,-1,uw,D-j,D-j,raw,T1,51200,50693,0.396039,True,1.06833,3.34517,1.78717,1.74339,4.43514,1.67507,1.59659,0.949452,0.944789,0.107081,0.0992418,54,,-0.0539405,-0.052582,-0.06486,-0.0203523,False,5.94834,6.50692,11.448,1.43902,3.53428,1.25893,3.17539,1.30247,3.37326,5.05625,0.000334327,1.05088,1.84733,1.82429,0.760751,1.23716,1.85562,1.84376,1.06833,800,,,,,,,48.349,80.9961,99.6314,8.72549,8,4.94749,,40.4001,20.2,0.760751,6.18991,2.3619,2.00824,3.28453,3.28341,0.741189,19.8218,4.50489,19.5135,1280
ae3_cool_s-1_uw,ae3,cool,-1,uw,D-j,D-j,raw,T2,102400,98819,0.772023,True,0.943083,2.33178,0.791777,0.798784,2.52833,0.770747,1.04778,0.970125,0.977139,0.0933805,0.099422,83,,-0.0268751,-0.0372059,-0.034084,-0.014983,False,3.70848,3.98882,8.5415,0.569593,1.71827,0.485475,1.38438,0.469279,1.39955,2.61609,0.000128955,0.884095,1.33396,1.38056,0.705571,1.03241,1.31586,1.41887,0.943083,800,,,,,,,34.6824,41.2,48.6314,6.92549,8,4.60624,,20.7248,10.3624,0.705571,3.01015,0.935143,1.27221,1.9975,1.97376,0.577852,12.8336,2.83987,17.2767,1280
ae3_cool_s-1_uw,ae3,cool,-1,uw,D-j,D-j,raw,T3,204800,211997,1.65623,True,0.701677,1.34018,0.636701,0.611681,1.3364,0.56945,0.698105,0.988497,0.992932,0.098916,0.101365,95,,-0.00412741,-0.0196596,-0.0201135,-0.000933651,False,1.78723,1.73898,3.4623,0.408378,1.20946,0.316261,0.924379,0.333335,0.959698,1.52048,0,0.830275,1.06111,1.08223,0.756113,0.7973,0.929097,0.920229,0.701677,800,,,,,,,9.39608,15.6314,19.9255,3.80784,8,2.2552,,9.66051,4.83026,0.756113,3.4917,0.916768,0.695721,0.974958,0.96855,0.409189,5.08465,1.74859,6.93864,1280
ae3_cool_s-1_uw,ae3,cool,-1,uw,L,L,raw,T1,51200,51714,0.404016,True,0.804564,0.713653,0.290275,0.580301,1.59573,0.592369,0.47497,0.971875,0.979017,0.15157,0.0430401,0.786,,-6.4575e-05,0.0622598,-0.0202,-0.00932751,False,2.4331,2.03008,2.99331,0.657718,1.91912,0.85303,6.49637,0.873284,6.6771,0.890906,0,1.26113,2.29787,2.24148,0.618326,1.43984,2.35505,2.24366,0.804564,800,,,,,,,38.4863,76.1403,67.8597,3.34659,8,1.77578,,39.6024,19.8012,0.618326,1.49849,0.361244,1.56212,3.85131,3.84436,0.440916,3.67964,0.888153,3.24199,1280
ae3_cool_s-1_uw,ae3,cool,-1,uw,L,L,raw,T2,102400,100050,0.781641,True,0.546585,0.412381,0.169973,0.366005,1.00354,0.370888,0.334724,0.982011,0.98361,0.154706,0.044912,0.4196,,0.00581464,0.0525964,-0.0299747,-0.00597352,False,1.45955,1.25814,1.91369,0.423855,1.20358,0.657083,6.47494,0.720568,6.54083,0.504341,0,1.08556,2.00853,2.02029,0.699503,1.24622,1.97858,2.03979,0.546585,800,,,,,,,21.2625,72.1531,71.8469,2.8405,8,1.08524,,20.4698,10.2349,0.699503,0.72921,0.143109,1.18716,3.74638,3.74595,0.323034,2.81777,0.517382,1.48197,1280
ae3_cool_s-1_uw,ae3,cool,-1,uw,L,L,raw,T3,204800,205232,1.60337,True,0.175037,0.206612,0.087894,0.195545,0.545502,0.195293,0.157298,0.990604,0.987767,0.178623,0.0508398,0.1751,,0.000588019,0.0451665,-0.0375125,-0.00372719,False,0.822291,0.697616,1.05757,0.213143,0.613546,0.572806,6.38883,0.609472,6.65248,0.253833,0,0.850895,1.09492,1.1077,0.795318,0.909773,1.01665,1.01996,0.175037,800,,,,,,,21.1842,71.7053,72.2947,1.28085,8,0.652071,,9.97895,4.98948,0.795318,0.65105,0.132461,0.7627,3.61317,3.61392,0.135367,1.89633,0.293085,0.693856,1280
ae3_cool_s-1_uw,ae3,cool,-1,uw,D-lin,D-lin,raw,T1,51200,51065,0.398945,True,1.43204,8.48011,3.85838,2.82746,17.6282,2.67603,5.30767,0.933246,0.937746,0.0822295,0.117705,70,,0.0777171,0.0211189,0.0403779,0.111108,False,45.75,23.4415,72.3806,1.69562,6.06258,0.931709,3.60614,0.955409,3.82277,13.3225,0.00100776,1.40009,2.06166,2.04462,1.14366,1.56599,2.19568,2.08194,1.43204,800,,,,,,,34,52,54,10,8,44.9851,,40.1057,20.0529,1.14366,14.3216,4.10678,1.84984,2.41055,2.39487,0.922452,62.9974,9.83843,69.1149,1280
ae3_cool_s-1_uw,ae3,cool,-1,uw,D-lin,D-lin,raw,T2,102400,101520,0.793125,True,1.1947,3.01901,1.51955,1.12253,5.56206,1.04067,1.67235,0.953595,0.963225,0.0874423,0.0942719,90,,0.00117433,-0.00755114,-0.00522634,0.00842962,False,9.52185,7.49372,15.8871,0.489279,1.9399,0.277437,0.983705,0.290327,1.05017,5.52729,0.000463281,1.07969,1.32178,1.39338,0.920859,1.21562,1.30945,1.35246,1.1947,800,,,,,,,17,16,21,7,8,9.07665,,20.1734,10.0867,0.920859,10.4369,1.53231,1.09167,1.27816,1.28302,0.697452,35.3012,4.85075,29.5372,1280
ae3_cool_s-1_uw,ae3,cool,-1,uw,D-lin,D-lin,raw,T3,204800,203568,1.59038,True,1.03485,0.888262,0.506194,0.37039,1.67355,0.346892,0.45634,0.968707,0.983684,0.0882713,0.142689,97,,-0.00588339,-0.00518285,-0.0048466,-0.00603738,False,2.61268,2.19672,4.89917,0.193846,0.764102,0.105779,0.414827,0.108493,0.425995,1.51797,6.20893e-05,0.966928,1.01487,1.02964,0.969769,0.919318,0.85336,0.80449,1.03485,800,,,,,,,5,5,5,4,8,1.86429,,10.0605,5.03026,0.969769,3.86598,0.604839,0.651194,0.661009,0.660159,0.538085,12.0875,1.44605,5.70651,1280
ae3_cool_s-1_uw,ae3,cool,-1,uw,D2-lin,D2-lin/modular,raw,T1,51200,51350,0.401172,True,1.32608,1.18991,0.836608,0.654667,2.59841,0.609782,0.698703,0.936505,0.967486,0.501179,0.160177,1.7625,,0.00140528,-0.000481488,0.00015268,-0.00500765,False,4.98811,3.70583,11.5215,0.337524,1.36979,0.191702,0.806765,0.201014,0.86233,2.52363,0.00166686,1.08032,1.2687,1.34404,1.04391,1.32627,1.42504,1.47752,1.32608,800,,,,,,,16,21,19,9,8,2.17382,,39.8832,19.9416,1.04391,3.25444,1.06209,1.31986,1.51797,1.50382,0.894685,10.4579,1.96706,5.49744,1280
ae3_cool_s-1_uw,ae3,cool,-1,uw,D2-lin,D2-lin/modular,raw,T2,102400,105374,0.823234,True,1.26154,0.776464,0.507059,0.383492,1.5722,0.358791,0.433885,0.950023,0.980828,0.487893,0.160434,0.564,,0.000802458,-0.0017498,-0.000301444,-0.00344545,False,2.88617,2.19423,5.47145,0.179392,0.742803,0.106168,0.469416,0.109107,0.476243,1.4995,0.000854921,1.06536,1.16016,1.1819,1.05425,1.20563,1.16828,1.19581,1.26154,800,,,,,,,7,7,13,5,8,1.37454,,19.4355,9.71777,1.05425,2.51716,0.591716,0.836673,0.867361,0.865006,0.701831,13.5792,1.3121,4.07197,1280
ae3_cool_s-1_uw,ae3,cool,-1,uw,D2-lin,D2-lin/modular,raw,T3,204800,206883,1.61627,True,1.11053,0.927615,0.368683,0.284677,1.36995,0.265201,0.482819,0.96478,0.98847,0.546632,0.16337,0.2085,,0.00225471,-0.00164019,-0.00139369,0.00106887,False,2.45685,2.00275,5.39257,0.154379,0.593736,0.0868597,0.377999,0.0915991,0.380057,1.22603,1.91044e-05,1.15812,1.12634,1.15529,1.1876,1.00452,0.99566,0.979278,1.11053,800,,,,,,,4,4,4,2,8,2.57607,,9.89932,4.94966,1.1876,3.25444,0.666223,0.601299,0.582065,0.583295,0.575559,6.21328,1.2757,5.0171,1280
ae3_warm_s+0_air,ae3,warm,0,air,M0-r1,repeat,floor,floor,,,,,1.40978,0.65364,0.924648,0.552259,1.74767,0.755134,0.447067,0.994672,0.995391,,,,,-0.0346206,-0.0244503,-0.0364204,-0.0358242,False,2.85198,2.67404,4.16753,0.921078,2.80304,0.932832,2.90987,0.909719,2.91024,2.82036,3.90625e-06,0.821848,0.820799,0.827268,0.820555,1.38645,1.42477,1.41301,1.40978,800,,,,,,,35,107,67,54,8,1.44229,,,,0.820555,6.28644,0.251646,1.41247,1.79066,1.90907,1.89168,1.57325,0.444223,2.90178,1280
ae3_warm_s+0_air,ae3,warm,0,air,M1-q∞,isp-floor,floor,floor,,,,,0.366723,0.379002,0.248636,0.147544,0.460814,0.185843,0.269494,0.999787,0.999801,,,,,-0.000636238,0.00748129,0.00869121,0.0157457,False,0.757774,0.647166,1.00549,0.170128,0.548976,0.329937,1.07746,0.314992,1.03742,1.44768,0,0.844721,0.908163,0.880698,0.864448,0.181444,0.431052,0.432347,0.366723,800,,,,,,,0.434343,1.02312,1.02312,1.03738,8,1.51908,,,,0.864448,1.36878,0.117426,0.134183,0.363517,0.3638,0.399067,1.19798,0.318676,1.58286,1280
ae3_warm_s+0_air,ae3,warm,0,air,M1,,processed,T1,51200,50998,0.398422,True,1.86186,1.05916,2.12638,1.27275,2.97045,1.4898,0.761948,0.990947,0.987512,0.0258244,0.100501,63,,0.0193793,0.150466,-0.233661,0.252237,False,4.45242,5.45794,9.80155,1.64015,4.70143,1.95744,6.07926,1.97808,5.99961,6.35286,0,1.52601,1.90197,1.86568,1.74976,1.59496,2.01507,1.89556,1.86186,800,0,0,0,0.102673,0,0,46.4217,60.7135,76.2371,55.8213,8,2.89179,,40.1584,20.0792,1.74976,3.38993,0.594216,2.41059,2.99083,2.99368,3.074,5.04384,1.02156,3.30516,1280
ae3_warm_s+0_air,ae3,warm,0,air,M1,,processed,T2,102400,102875,0.803711,True,1.49399,0.589112,1.12176,0.578192,1.90096,0.705375,0.453891,0.995178,0.991877,0.026931,0.103187,88,,0.0282329,0.0991343,-0.276424,0.117627,False,2.7081,2.5872,4.96107,0.688899,2.53009,1.1625,4.16054,1.28902,4.40455,3.84595,0,1.18112,1.36921,1.40109,1.43739,1.20877,1.40158,1.41905,1.49399,800,0,0,0,0.102673,0,0,44.6001,39.9986,49.8916,50.6859,8,1.43539,,19.9077,9.95383,1.43739,1.70596,0.284372,2.03042,2.26728,2.288,2.57894,4.02143,0.558362,1.52209,1280
ae3_warm_s+0_air,ae3,warm,0,air,M1,,processed,T3,204800,204610,1.59852,True,1.17745,0.481841,0.648621,0.317513,1.09007,0.383499,0.356192,0.996901,0.995294,0.0279889,0.0983087,96,,-0.00396271,0.150437,-0.163781,-0.0270427,False,2.15847,1.80651,3.33903,0.423833,1.71893,0.847285,2.60909,0.832253,2.53146,2.21633,0,0.987276,1.27276,1.21411,1.1994,0.999837,1.18382,1.18783,1.17745,800,0,0,0,0.102673,0,0,39.6151,31.3642,36.7325,38.6746,8,1.48245,,10.0093,5.00464,1.1994,1.53586,0.178337,1.83905,1.66446,1.66184,2.52295,2.25148,0.454284,1.68044,1280
ae3_warm_s+0_air,ae3,warm,0,air,M1-fix,,processed,T1,51200,51199,0.399992,True,2.55552,0.526573,2.81857,0.641019,1.5858,0.706764,0.407562,0.987833,0.985658,0.0245238,0.112154,54,,-0.0348009,0.0671064,-0.217856,0.085769,False,3.03178,2.36639,4.19234,0.903919,3.01428,1.44195,4.68525,1.38548,4.68251,6.95257,0,1.28717,1.89078,1.73911,2.42869,1.43019,1.9024,1.81952,2.55552,800,0.0171045,0.000269531,0,0.105388,0.0789463,0.0035625,53.7854,93.2097,66.7707,67.1634,8,1.2807,,40.0008,20.0004,2.42869,2.80607,0.720953,2.25068,2.66205,2.72583,4.0022,2.11769,0.716935,2.18651,1280
ae3_warm_s+0_air,ae3,warm,0,air,M1-fix,,processed,T2,102400,102299,0.799211,True,1.93767,0.278613,1.27759,0.323701,1.2349,0.35885,0.217704,0.993038,0.991366,0.0254598,0.109343,83,,-0.0274281,0.0317639,-0.250197,0.0751766,False,3.62392,1.80995,5.16752,0.467183,2.127,0.830316,3.14331,0.9342,3.23674,4.41759,0,1.02369,1.37916,1.34651,1.81879,1.15972,1.28954,1.23504,1.93767,800,0.0171045,0.000269531,0,0.105388,0.0789463,0.0035625,54.742,39.262,54.8702,62.5743,8,0.679607,,20.0197,10.0099,1.81879,1.17815,0.333592,2.00997,1.96646,2.03419,3.62877,1.44168,0.383476,0.925961,1280
ae3_warm_s+0_air,ae3,warm,0,air,M1-fix,,processed,T3,204800,200916,1.56966,True,1.59822,0.176165,0.710046,0.195593,1.45514,0.229152,0.128692,0.995509,0.99492,0.030597,0.111256,94,,-0.0269613,-0.0311998,-0.210964,0.0805181,False,3.95065,2.12291,5.22428,0.321483,2.16521,0.615227,2.29452,0.72855,2.35638,2.91324,0,0.934506,1.20358,1.19907,1.49978,0.971881,1.00095,1.01394,1.59822,800,0.0171045,0.000269531,0,0.105388,0.0789463,0.0035625,50.2723,38.6288,51.9747,68.3992,8,0.387036,,10.1933,5.09666,1.49978,1.17843,0.206348,1.92618,1.42576,1.47312,3.4318,1.27755,0.233631,0.36755,1280
ae3_warm_s+0_air,ae3,warm,0,air,D,D,raw,T1,51200,50714,0.396203,True,2.7722,1.44865,2.93151,1.5012,3.82013,2.03146,1.07087,0.965246,0.928983,0.0858049,0.0918808,32,,0.00146192,-0.00698501,0.00462513,0.0525106,False,5.55173,6.076,8.75075,2.54423,5.68805,3.64622,7.95137,3.57961,7.59959,6.21871,0,2.39036,3.81046,3.37699,2.77192,2.47078,3.80278,3.3958,2.7722,800,,,,,,,66.8039,99.9412,100.984,91.3176,8,4.84372,,40.3833,20.1917,2.77192,5.13718,0.590463,2.98397,4.95661,4.99143,4.96568,3.86173,0.898384,5.35195,1280
ae3_warm_s+0_air,ae3,warm,0,air,D,D,raw,T2,102400,100466,0.784891,True,1.71727,0.656851,0.971364,0.519164,1.4266,0.720532,0.490935,0.98819,0.983536,0.0889304,0.0956137,76,,-0.0168545,-0.0180335,-0.0145845,0.00762792,False,2.01798,2.13049,3.16357,0.857829,2.11728,1.21503,2.83279,1.16219,2.73141,2.29888,0,1.4346,1.97611,2.22324,1.65242,1.41053,2.0149,2.28282,1.71727,800,,,,,,,30.549,49.3176,52.6314,48.5843,8,1.34592,,20.385,10.1925,1.65242,1.67357,0.251777,1.67617,2.61762,2.61693,2.61023,1.05503,0.384246,2.06228,1280
ae3_warm_s+0_air,ae3,warm,0,air,D,D,raw,T3,204800,198016,1.547,True,0.944628,0.516471,0.392277,0.254506,0.84456,0.360519,0.37214,0.996189,0.995949,0.091034,0.0981631,93,,-0.0159392,-0.0146252,-0.0141424,0.00996385,False,1.29284,1.13829,1.645,0.439209,1.1265,0.510796,1.54572,0.474539,1.55545,1.32332,0,1.02607,1.31996,1.37373,1.10205,0.929066,1.17206,1.21608,0.944628,800,,,,,,,10.4353,18.0157,19.4314,19.9255,8,1.15657,,10.3426,5.1713,1.10205,1.23794,0.159491,0.920006,1.37254,1.3756,1.36837,1.39968,0.336774,1.77058,1280
ae3_warm_s+0_air,ae3,warm,0,air,D2,D2/modular,raw,T1,51200,51100,0.399219,True,1.41239,0.500436,0.563796,0.309412,1.13936,0.40145,0.356759,0.982566,0.976101,0.479208,0.157964,4.2805,,0.00182222,0.0201573,0.0203174,0.0129766,False,2.50868,1.82664,3.47461,0.481332,1.71247,0.70771,2.50641,0.680709,2.17238,1.96025,3.90625e-06,0.981096,1.28053,1.44558,1.26382,1.19591,1.54591,1.5723,1.41239,800,,,,,,,42.6679,61.5014,59.5276,54.3629,8,1.1285,,40.0783,20.0391,1.26382,0.9939,0.25198,2.32012,3.90063,3.89517,4.03299,2.16873,0.419584,1.6653,1280
ae3_warm_s+0_air,ae3,warm,0,air,D2,D2/modular,raw,T2,102400,101377,0.792008,True,1.10058,0.205336,0.234819,0.121509,0.38812,0.161426,0.153909,0.994309,0.995008,0.472302,0.157338,1.3101,,0.000613958,0.00343381,0.00250746,0.00172759,False,0.685831,0.621927,1.07501,0.194751,0.618086,0.285938,0.910343,0.287104,0.873019,0.714499,0,0.892556,1.16004,1.08938,1.00468,1.00053,1.24486,1.17603,1.10058,800,,,,,,,11.9547,23.9727,37.6867,25.9653,8,0.63379,,20.2018,10.1009,1.00468,0.570859,0.0980148,1.11208,1.82326,1.79385,1.9252,1.22233,0.180303,0.859707,1280
ae3_warm_s+0_air,ae3,warm,0,air,D2,D2/modular,raw,T3,204800,203140,1.58703,True,0.749388,0.0823904,0.111595,0.058673,0.168713,0.0779735,0.0637084,0.998382,0.998699,0.534928,0.157519,0.3981,,0.00259577,0.00385113,0.00341067,0.00282578,False,0.269598,0.255215,0.420444,0.0921834,0.269377,0.138249,0.385881,0.128836,0.378037,0.313039,0,0.905291,0.95999,0.927798,0.926605,0.705753,0.851936,0.821501,0.749388,800,,,,,,,4.94874,11.0166,8.78475,8.95779,8,0.282812,,10.0817,5.04086,0.926605,0.274452,0.0584354,0.560686,0.865148,0.860475,0.962123,0.340381,0.0760901,0.34766,1280
ae3_warm_s+0_uw,ae3,warm,0,uw,M0-r1,repeat,floor,floor,,,,,1.42535,0.762211,0.958188,0.706986,1.9388,0.921863,0.462188,0.984854,0.989924,,,,,-0.0303424,-0.0335149,-0.0409488,-0.00539753,False,2.71499,2.94871,4.26545,0.92771,2.79691,0.932832,2.9027,0.906167,2.87998,2.76366,9.95731e-05,0.830821,0.819928,0.826812,0.820586,1.41451,1.42416,1.40976,1.42535,800,,,,,,,28,107,67,8,8,1.49497,,,,0.820586,2.77264,0.445104,1.24522,1.75979,1.85788,0.784239,2.53759,0.698179,2.55309,1280
ae3_warm_s+0_uw,ae3,warm,0,uw,M1-q∞,isp-floor,floor,floor,,,,,0.0632591,0.393303,0.225471,0.164172,0.464695,0.213232,0.281231,0.999796,0.999794,,,,,0.00166632,0.00787797,0.00859231,0.000891068,False,0.620873,0.648211,1.01312,0.168064,0.567682,0.33235,1.07985,0.322251,1.04091,0.662239,0,0.817234,0.907122,0.87983,0.813804,0.143319,0.417963,0.425627,0.0632591,800,,,,,,,0.313842,1.02312,1.02312,0.120302,8,0.879444,,,,0.813804,0.747371,0.233337,0.107602,0.357871,0.358031,0.0478204,0.9661,0.319913,1.0399,1280
ae3_warm_s+0_uw,ae3,warm,0,uw,M1,,processed,T1,51200,51034,0.398703,True,1.06612,1.30748,1.2077,1.5339,4.01836,1.94212,0.913511,0.986865,0.985724,0.0256495,0.0920906,57,,0.0146085,0.257812,-0.11412,0.0168597,False,5.10787,6.45898,9.82263,1.64867,5.17769,2.58854,7.49312,2.4979,7.48647,3.32896,0,1.20848,2.48127,2.30562,0.734153,1.43797,2.46345,2.35756,1.06612,800,0,0,0,0.103749,0,0.156598,37.5471,57.8874,68.06,6.62538,8,2.29327,,40.1301,20.0651,0.734153,4.99077,0.71418,1.9936,3.10647,3.10561,0.638488,5.10744,1.30208,3.87098,1280
ae3_warm_s+0_uw,ae3,warm,0,uw,M1,,processed,T2,102400,99803,0.779711,True,0.917892,0.777704,0.61903,0.640079,1.83638,0.800292,0.530227,0.992613,0.990291,0.0247699,0.0953517,84,,-0.0116858,0.233569,-0.137534,0.00557623,False,2.64797,2.69263,5.04272,0.736733,2.60107,1.39475,4.40858,1.23627,3.99409,2.04625,0,1.0642,2.10177,2.12901,0.66524,1.2047,2.10795,2.13931,0.917892,800,0,0,0,0.103749,0,0.156598,40.914,54.1569,59.6123,7.49527,8,1.66801,,20.5204,10.2602,0.66524,2.35075,0.30356,1.70052,2.54189,2.4898,0.550945,3.04936,0.646406,2.78028,1280
ae3_warm_s+0_uw,ae3,warm,0,uw,M1,,processed,T3,204800,190823,1.4908,False,0.781114,0.524397,0.412712,0.370165,1.22867,0.468892,0.36698,0.995281,0.994128,0.0311984,0.104694,94,bracketed (integer knob): metrics interpolated,0.00614479,0.253415,-0.0967336,-0.00615369,False,2.48196,1.90969,3.47913,0.452454,1.75819,1.01409,3.21996,0.834404,2.64666,1.3064,0,0.997781,1.97801,1.8526,0.635077,1.08788,1.91866,1.88113,0.781114,800,0,0,0,0.103749,0,0.156598,33.1937,35.8916,38.6209,6.40445,8,1.56865,,10.7325,5.36623,0.635077,1.07569,0.180364,1.544,1.96117,1.94256,0.505773,2.05656,0.433057,2.08798,1280
ae3_warm_s+0_uw,ae3,warm,0,uw,M1,,processed,T3,204800,215115,1.68059,False,0.756198,0.503515,0.421419,0.368785,1.20177,0.466346,0.320351,0.995649,0.994515,0.0275798,0.0934083,95,bracketed (integer knob): metrics interpolated,0.00623021,0.244897,-0.0889072,-0.00635485,False,2.21243,1.9382,3.60469,0.448208,1.69897,0.984291,3.01338,0.809672,2.47506,1.28167,0,0.959396,1.93525,1.7579,0.625405,1.02171,1.87883,1.72825,0.756198,800,0,0,0,0.103749,0,0.156598,33.97,31.3642,40.0627,6.18212,8,1.34877,,9.52049,4.76024,0.625405,0.95046,0.200935,1.52422,1.87866,1.86306,0.496804,2.64043,0.422191,2.61992,1280
ae3_warm_s+0_uw,ae3,warm,0,uw,M1-fix,,processed,T1,51200,50397,0.393727,True,1.79694,3.77564,4.04771,1.77533,30.5136,1.76811,2.90191,0.963978,0.925472,0.0239486,0.10895,56,,-1.41397,-7.21829,-7.51531,0.660315,False,35.3405,22.6192,28.6429,0.933852,39.4191,1.88851,146.241,1.74071,136.64,49.2258,0.00350995,0.980043,1.75756,1.62125,1.65409,1.26186,1.85634,1.72401,1.79694,800,0.0307373,0,0.0108896,0.00697461,0.324825,0,42.517,87.5225,93.2086,37.5518,8,29.3254,,40.6373,20.3187,1.65409,134.094,2.09666,4.38747,20.248,20.4222,2.35863,65.1328,7.03644,24.3547,1280
ae3_warm_s+0_uw,ae3,warm,0,uw,M1-fix,,processed,T2,102400,99651,0.778523,True,1.42729,2.93286,1.86165,0.826344,30.5189,0.844889,2.42753,0.972288,0.939341,0.0267435,0.107433,84,,-1.40938,-7.25111,-7.55507,0.58778,False,35.1332,22.393,27.6107,0.499082,39.7565,1.10721,146.001,1.13899,136.473,44.0245,0.000892009,0.867097,1.3978,1.4026,1.2568,1.03369,1.3848,1.37232,1.42729,800,0.0307373,0,0.0108896,0.00697461,0.324825,0,46.7263,95.2454,99.4569,23.6046,8,28.8242,,20.5517,10.2759,1.2568,134.678,0.806149,4.26725,20.108,20.309,2.00037,65.3476,5.79459,24.4712,1280
ae3_warm_s+0_uw,ae3,warm,0,uw,M1-fix,,processed,T3,204800,190158,1.48561,False,1.19559,2.8071,1.12707,0.520356,30.2171,0.53313,2.34792,0.975902,0.942327,0.0274515,0.114975,94,bracketed (integer knob): metrics interpolated,-1.39439,-7.26508,-7.54028,0.585421,False,35.1941,22.0919,27.22,0.37099,40.0641,0.969863,146.404,0.939956,137.132,42.4972,9.12753e-05,0.790212,1.24088,1.24953,1.04722,0.91082,1.13323,1.14244,1.19559,800,0.0307373,0,0.0108896,0.00697461,0.324825,0,42.3484,85.1809,87.6763,15.7129,8,28.7774,,10.77,5.385,1.04722,134.537,0.663709,4.22959,20.026,20.2289,1.82823,65.3621,5.60783,24.4687,1280
ae3_warm_s+0_uw,ae3,warm,0,uw,M1-fix,,processed,T3,204800,216589,1.6921,False,1.18279,2.8732,1.09489,0.529803,30.2505,0.536771,2.39261,0.976368,0.942787,0.0279706,0.112637,95,bracketed (integer knob): metrics interpolated,-1.3938,-7.27775,-7.53207,0.592239,False,35.1393,22.1301,27.2333,0.370643,40.2415,0.913384,146.35,0.892541,136.984,42.5782,8.71264e-05,0.776111,1.24411,1.20393,1.04399,0.856157,1.10442,1.05894,1.18279,800,0.0307373,0,0.0108896,0.00697461,0.324825,0,42.4308,84.8718,89.0326,14.286,8,28.794,,9.4557,4.72785,1.04399,135.92,0.692299,4.22234,20.0217,20.2175,1.81451,65.8562,5.71046,24.6533,1280
ae3_warm_s+0_uw,ae3,warm,0,uw,D,D,raw,T1,51200,50890,0.397578,True,1.43393,1.87993,2.9581,1.74786,3.73997,2.18402,1.23827,0.966353,0.946016,0.0823453,0.0899206,40,,0.061196,0.0408834,0.0884261,0.0268272,False,5.03542,5.32867,7.78607,2.15885,4.98749,2.93505,6.3159,2.8315,6.20821,7.37907,0.000315315,1.77625,3.45714,3.40511,1.22941,1.92618,3.5242,3.47754,1.43393,800,,,,,,,47.749,86.8039,102.808,16.3373,8,3.20322,,40.2437,20.1218,1.22941,8.94589,1.28331,2.25732,4.3193,4.30159,1.0825,6.05495,1.8466,7.50199,1280
ae3_warm_s+0_uw,ae3,warm,0,uw,D,D,raw,T2,102400,102188,0.798344,True,1.14102,0.935044,1.0441,0.616834,1.39724,0.750771,0.613532,0.98569,0.984543,0.0810272,0.0849257,80,,0.00888557,-0.0012356,-0.00164505,-0.00745219,False,1.83237,2.16701,3.43678,0.676402,1.97729,0.947728,2.40904,0.911595,2.3794,3.01254,2.90421e-05,1.18549,1.78109,1.8881,0.908468,1.28014,1.75543,1.96752,1.14102,800,,,,,,,28.0627,44.9843,47.5294,10.9373,8,2.46016,,20.0415,10.0207,0.908468,5.16133,0.800529,1.32928,2.32372,2.33512,0.737132,3.38244,1.07582,2.8268,1280
ae3_warm_s+0_uw,ae3,warm,0,uw,D,D,raw,T3,204800,208124,1.62597,True,0.937409,0.707333,0.783986,0.408776,0.896552,0.510088,0.528096,0.994329,0.995629,0.0812047,0.0913518,94,,0.00824746,-0.00769546,-0.00616953,-0.00966204,False,1.23051,1.59389,2.72015,0.475842,1.28915,0.476415,1.57224,0.4699,1.52306,1.86459,0,1.0275,1.24413,1.29027,0.929733,0.925112,1.14196,1.18685,0.937409,800,,,,,,,8.89804,16.9255,19.4314,4.52549,8,1.88941,,9.84029,4.92014,0.929733,3.31644,0.679605,0.779588,1.25005,1.24852,0.535927,3.58205,0.919515,2.21659,1280
ae3_warm_s+0_uw,ae3,warm,0,uw,D2,D2/modular,raw,T1,51200,52650,0.411328,True,1.08473,0.609561,0.593898,0.346565,1.41916,0.425399,0.39479,0.979646,0.978349,0.450729,0.145068,3.5179,,-0.00415916,-0.00299021,0.00366167,-0.00930138,False,2.57701,2.07422,4.13856,0.410638,1.54811,0.581468,2.04637,0.555829,1.84187,2.08388,0.000373399,0.884528,1.31862,1.3167,0.737461,1.10424,1.52403,1.50874,1.08473,800,,,,,,,26.7713,54.4166,48.9067,12.9948,8,1.48791,,38.8984,19.4492,0.737461,2.88067,0.670223,1.76803,3.3015,3.3508,0.944734,1.99302,0.691158,1.7574,1280
ae3_warm_s+0_uw,ae3,warm,0,uw,D2,D2/modular,raw,T2,102400,102052,0.797281,True,0.985127,0.299299,0.235531,0.142182,0.4583,0.178344,0.183713,0.991687,0.993913,0.458495,0.152198,1.2413,,-0.00211055,0.000953103,0.00212063,-9.47927e-05,False,0.850695,0.717949,1.60101,0.159239,0.515269,0.232447,0.716788,0.223336,0.696749,0.776466,0,0.82613,1.12192,1.04681,0.776947,0.975179,1.19672,1.143,0.985127,800,,,,,,,12.6817,20.477,30.2213,5.52089,8,0.998847,,20.0682,10.0341,0.776947,0.724298,0.201496,0.960414,1.72882,1.71047,0.629652,3.38299,0.343132,2.99594,1280
ae3_warm_s+0_uw,ae3,warm,0,uw,D2,D2/modular,raw,T3,204800,205865,1.60832,True,0.678148,0.19373,0.151245,0.0883819,0.276838,0.109019,0.108839,0.997184,0.998025,0.499308,0.155177,0.4301,,0.00272477,0.00513491,0.00426037,0.00515149,False,0.509926,0.411884,0.961914,0.0982266,0.291399,0.128743,0.396768,0.128959,0.369251,0.459006,0,0.963011,0.963737,0.945553,0.944767,0.728707,0.895527,0.835637,0.678148,800,,,,,,,5.53798,10.7033,11.1314,2.7842,8,0.536286,,9.94827,4.97413,0.944767,1.08682,0.126088,0.544542,0.89677,0.894691,0.39844,1.88623,0.232331,1.69001,1280
ae3_warm_s-1_air,ae3,warm,-1,air,W,W,raw,T1,51200,51556,0.402781,True,1.27218,0.63274,1.26797,0.759922,2.70212,1.0705,0.5126,0.970346,0.93114,0.0698121,0.0893918,625.7471,,-0.0355971,-0.0318632,-0.0292281,-0.0281065,False,5.4302,4.42848,8.14516,1.10709,4.47062,1.53121,5.73675,1.51806,5.47165,4.59956,3.91791e-06,1.04878,1.36728,1.34651,1.13706,1.28236,1.49462,1.49212,1.27218,800,,,,,,,41.906,71.1903,62.2673,56.4249,8,1.48112,,39.7238,19.8619,1.13706,2.97956,0.337012,2.29851,3.76965,3.68417,3.63381,1.21517,0.430217,1.70745,1280
ae3_warm_s-1_air,ae3,warm,-1,air,W,W,raw,T2,102400,102364,0.799719,True,1.00937,0.284468,0.542821,0.344791,1.07933,0.502789,0.21125,0.990342,0.991118,0.0722081,0.09393,202.5365,,0.00215515,0.0124629,0.0127171,0.0112719,False,1.87708,1.71188,3.00587,0.478214,1.48768,0.641131,2.14836,0.646003,2.15229,1.73248,0,0.792079,0.937539,0.918754,0.855278,0.938911,1.10211,1.09454,1.00937,800,,,,,,,13.2334,22.7881,22.3045,21.6679,8,0.806784,,20.007,10.0035,0.855278,1.40395,0.206943,1.00185,1.60778,1.56418,1.64121,1.21248,0.249252,1.18259,1280
ae3_warm_s-1_air,ae3,warm,-1,air,W,W,raw,T3,204800,203346,1.58864,True,0.736209,0.1591,0.202328,0.142606,0.414241,0.202197,0.110962,0.997151,0.99821,0.0686125,0.0910121,59.9348,,0.00323826,0.0109729,0.0109001,0.0101764,False,0.623221,0.641441,0.956988,0.17818,0.542957,0.247712,0.716319,0.240212,0.72004,0.602216,0,0.74743,0.802941,0.797184,0.77708,0.705771,0.781232,0.77006,0.736209,800,,,,,,,4.77795,6.64906,7.21397,6.44414,8,0.406331,,10.0715,5.03575,0.77708,0.365354,0.0876195,0.499304,0.683754,0.680457,0.753559,0.564254,0.120154,0.58335,1280
ae3_warm_s-1_air,ae3,warm,-1,air,M0-r1,repeat,floor,floor,,,,,1.4167,0.759976,0.919899,0.730813,2.25235,1.02505,0.582885,0.992057,0.995217,,,,,0.00509605,0.000994082,-0.00768689,-0.0163109,False,4.42754,3.53703,5.91402,0.942627,2.85959,0.955717,2.76339,0.927744,2.84331,2.80252,0,0.807568,0.811471,0.815391,0.822808,1.38671,1.42368,1.41422,1.4167,800,,,,,,,34,76,76,35,8,2.13535,,,,0.822808,2.28659,0.260087,1.02729,1.25632,1.27591,1.34127,1.57642,0.521717,2.29948,1280
ae3_warm_s-1_air,ae3,warm,-1,air,M1-q∞,isp-floor,floor,floor,,,,,0.341871,0.580808,0.248552,0.212257,0.685093,0.277871,0.40986,0.999769,0.999773,,,,,0.00200003,0.000898382,0.00212884,0.00712589,False,0.96098,0.992274,1.30402,0.267512,0.651886,0.323642,1.05674,0.321434,1.05605,1.14002,0,0.84032,0.883154,0.892469,0.86153,0.174111,0.320179,0.326812,0.341871,800,,,,,,,0.429093,0.921927,0.894911,0.83594,8,1.97868,,,,0.86153,1.27242,0.184653,0.115003,0.28298,0.283207,0.310468,1.54022,0.403576,2.68449,1280
ae3_warm_s-1_air,ae3,warm,-1,air,M1,,processed,T1,51200,50805,0.396914,True,1.60776,1.27243,2.63816,1.69785,3.97504,2.22676,0.929876,0.991386,0.989014,0.0220199,0.0986358,69,,0.00685163,0.014778,-0.207585,0.391303,False,5.01975,5.3452,8.9146,1.35865,4.30977,2.23193,6.09968,2.28883,6.13614,7.3164,0,1.06136,1.43382,1.33234,1.43676,1.29104,1.53993,1.4849,1.60776,800,0,0,0,0.000583984,0,0,39.0692,63.1569,46.0627,28.4848,8,3.05318,,40.311,20.1555,1.43676,4.44048,0.589479,1.80473,2.05112,2.03778,2.11275,5.11678,1.04955,3.93691,1280
ae3_warm_s-1_air,ae3,warm,-1,air,M1,,processed,T2,102400,99435,0.776836,True,1.32383,0.837539,1.17528,0.831152,2.57618,1.0326,0.639239,0.994782,0.992286,0.0227137,0.0972893,89,,-0.00619441,-0.0253237,-0.239225,0.17426,False,3.3768,3.46044,5.38106,0.698962,2.77519,1.20749,4.39151,1.29675,4.70395,5.00841,0,1.03655,1.10901,1.165,1.24529,1.1454,1.1875,1.18652,1.32383,800,0,0,0,0.000583984,0,0,35.0497,53.2495,44.0627,26.5248,8,2.6149,,20.5964,10.2982,1.24529,2.36825,0.31723,1.50564,1.64057,1.62444,1.7778,2.95726,0.727429,3.10409,1280
ae3_warm_s-1_air,ae3,warm,-1,air,M1,,processed,T3,204800,199774,1.56073,True,1.11694,0.549512,0.6937,0.443467,1.41757,0.591768,0.363138,0.996571,0.995323,0.0253962,0.0983897,96,,-0.0464743,0.0674833,-0.110164,-0.0259095,False,2.70717,2.25914,5.31446,0.462928,2.0161,0.792327,2.53908,0.770408,2.44267,2.2816,0,0.859153,1.09332,1.06841,1.17078,0.933084,1.04355,1.02374,1.11694,800,0,0,0,0.000583984,0,0,31.6617,32.7734,34.8328,24.8029,8,1.50643,,10.2516,5.12579,1.17078,1.29176,0.323466,1.35205,1.20313,1.18272,1.70741,1.38416,0.428939,2.28398,1280
ae3_warm_s-1_air,ae3,warm,-1,air,M1-444,,processed,T1,51200,50814,0.396984,True,1.64928,1.172,1.80305,1.1309,2.83544,1.46593,0.828924,0.988223,0.983539,0.0245248,0.0966504,52,,-0.0523829,0.116133,-0.0319177,-0.168804,False,3.80908,4.28046,6.36834,1.07311,3.5299,1.89644,5.88716,1.86424,5.76436,5.67037,0,1.00426,1.51087,1.49418,1.49387,1.20178,1.64908,1.60085,1.64928,800,0,0,0,0.000583984,0,0,39.1687,64.6839,80.6232,37.9977,8,2.53537,,40.3039,20.1519,1.49387,4.54984,0.787704,1.53031,2.28271,2.27756,2.31077,4.08625,1.10425,5.05829,1280
ae3_warm_s-1_air,ae3,warm,-1,air,M1-444,,processed,T2,102400,101403,0.792211,True,1.23499,0.791722,1.34372,0.797037,2.27233,0.977548,0.577549,0.99363,0.991748,0.0284292,0.0991725,82,,0.0443218,-0.0353406,-0.206422,0.270866,False,3.14646,2.99624,5.59017,0.710712,2.54403,1.1681,4.16833,1.21948,4.64231,4.9709,0,0.945028,1.17559,1.2057,1.17875,0.993737,1.22911,1.28132,1.23499,800,0,0,0,0.000583984,0,0,34.6471,48.8952,45.8952,39.9917,8,1.47654,,20.1966,10.0983,1.17875,2.27032,0.543832,1.1491,1.7687,1.79536,1.91097,2.93408,0.787031,1.88312,1280
ae3_warm_s-1_air,ae3,warm,-1,air,M1-444,,processed,T3,204800,205010,1.60164,True,1.04626,0.608192,0.674221,0.408847,1.29732,0.533105,0.43798,0.996126,0.99567,0.0287372,0.100637,93,,-0.0203245,0.0508743,-0.0921272,-0.00527658,False,2.13444,2.04204,3.78531,0.431731,1.69533,0.749988,2.62412,0.726476,2.61896,2.26536,0,0.904987,1.11287,1.05904,1.12626,0.807965,1.06259,1.01087,1.04626,800,0,0,0,0.000583984,0,0,13.9856,21.7135,25.1215,23.916,8,1.63031,,9.98976,4.99488,1.12626,1.6912,0.344035,0.786717,1.26903,1.2619,1.45599,1.23862,0.480941,2.16154,1280
ae3_warm_s-1_air,ae3,warm,-1,air,M1j,,processed,T1,51200,50511,0.394617,True,1.26408,0.754941,0.969412,0.658641,1.92541,0.874711,0.534371,0.990796,0.987159,0.0294833,0.104331,78,,-0.0732589,0.0673366,-0.0946396,0.0194766,False,3.57764,3.37984,7.8679,0.721838,2.93081,1.02169,3.8634,1.00901,3.84574,2.75837,0,0.886651,1.08616,1.03658,1.13964,1.08537,1.22812,1.23743,1.26408,800,0,0,0,0.000583984,0,0,46.0692,81.8403,70.7135,32.0474,8,1.66204,,40.5456,20.2728,1.13964,1.65106,0.337015,1.73772,2.07103,2.08624,1.84221,1.74759,0.538411,2.35043,1280
ae3_warm_s-1_air,ae3,warm,-1,air,M1j,,processed,T2,102400,97812,0.764156,True,0.997701,0.510245,0.496891,0.357614,1.35046,0.48893,0.381333,0.994852,0.992968,0.0303449,0.10126,93,,-0.0536503,0.0709403,-0.0970022,0.0254111,False,2.49797,2.36017,5.47091,0.421947,2.23811,0.730893,2.89611,0.70334,2.80912,1.71709,0,0.754221,0.918244,0.932221,0.9085,0.941612,1.03935,1.05687,0.997701,800,0,0,0,0.000583984,0,0,35.0497,51.3262,46.0627,22.2274,8,1.61382,,20.9381,10.4691,0.9085,1.03037,0.153398,1.42066,1.47634,1.48499,1.48473,1.4878,0.354521,1.90982,1280
ae3_warm_s-1_air,ae3,warm,-1,air,M1j,,processed,T3,204800,194429,1.51898,False,0.775215,0.459659,0.360519,0.284742,1.27337,0.390528,0.329679,0.99698,0.995616,0.036416,0.106062,98,bracketed (integer knob): metrics interpolated,-0.046608,0.0618786,-0.0791888,0.0337412,False,2.37756,2.19802,5.34484,0.340919,2.04412,0.607532,1.98827,0.575519,1.97343,1.49744,0,0.692703,0.847971,0.857986,0.809694,0.778756,0.840731,0.859338,0.775215,800,0,0,0,0.000583984,0,0,33.0778,36.6209,36.7325,22.2274,8,1.43386,,10.5334,5.2667,0.809694,1.26831,0.123067,1.3094,1.09633,1.08136,1.38817,1.17062,0.301723,1.88997,1280
ae3_warm_s-1_air,ae3,warm,-1,air,M1j,,processed,T3,204800,260419,2.03452,False,0.717206,0.436309,0.366298,0.280863,1.28543,0.392446,0.329328,0.997642,0.99644,0.0396163,0.106384,99,bracketed (integer knob): metrics interpolated,-0.0451411,0.0595316,-0.0770614,0.0349989,False,2.45001,2.21251,4.9293,0.337248,2.02883,0.590733,1.88981,0.572691,1.89186,1.51269,0,0.716115,0.84432,0.818173,0.80496,0.701773,0.743904,0.731898,0.717206,800,0,0,0,0.000583984,0,0,31.1836,35.7151,34.8328,22.2274,8,1.42509,,7.86425,3.93212,0.80496,1.30627,0.133951,1.28642,0.99893,0.9813,1.3864,1.14244,0.313989,1.95513,1280
ae3_warm_s-1_air,ae3,warm,-1,air,M1-fix,,processed,T1,51200,51159,0.39968,True,2.08061,0.623974,2.26209,0.760963,1.99778,0.90178,0.448613,0.989407,0.988014,0.0225939,0.109992,61,,-0.00435109,0.0846558,-0.077164,0.0323588,False,4.84049,3.14559,5.84889,0.863703,3.06403,1.27543,4.33778,1.24037,4.17912,5.84631,0,1.00214,1.39287,1.37085,1.95842,1.15174,1.51514,1.41263,2.08061,800,0.0296318,0.000817383,1.95313e-05,0.000713867,0.000134766,1.66016e-05,53.0127,53.6116,57.922,47.7917,8,1.80966,,40.0321,20.016,1.95842,4.28051,0.65065,1.63237,1.84986,1.89823,2.53473,1.92836,0.744756,3.63541,1280
ae3_warm_s-1_air,ae3,warm,-1,air,M1-fix,,processed,T2,102400,101823,0.795492,True,1.64155,0.321841,1.16494,0.418121,1.94651,0.483197,0.262559,0.993617,0.992169,0.0249894,0.107883,85,,-0.0265477,0.0412689,-0.128817,0.0656425,False,5.3783,2.91117,6.49737,0.447507,2.4631,0.744611,2.8553,0.791915,3.13161,3.80283,0,0.895101,1.12696,1.10865,1.57962,0.994409,1.09898,1.08968,1.64155,800,0.0296318,0.000817383,1.95313e-05,0.000713867,0.000134766,1.66016e-05,42.6324,43.9431,47.0727,40.5617,8,0.944199,,20.1133,10.0567,1.57962,1.70296,0.40817,1.46286,1.41664,1.4358,2.44967,1.49405,0.361022,1.16627,1280
ae3_warm_s-1_air,ae3,warm,-1,air,M1-fix,,processed,T3,204800,192691,1.5054,False,1.4732,0.285787,0.679815,0.263427,1.90573,0.329772,0.216464,0.995809,0.99499,0.0258103,0.109216,94,bracketed (integer knob): metrics interpolated,-0.0284966,0.00972166,-0.102921,0.0312487,False,5.88381,2.89557,6.52883,0.31912,2.34043,0.557673,2.20044,0.639812,2.18087,2.57103,3.91791e-06,0.826575,1.10695,1.07574,1.39747,0.85421,0.906031,0.914949,1.4732,800,0.0296318,0.000817383,1.95313e-05,0.000713867,0.000134766,1.66016e-05,42.4133,34.3601,33.6533,41.5799,8,0.589461,,10.6284,5.31421,1.39747,1.78906,0.229634,1.39844,0.996351,0.999394,2.28979,0.847926,0.285162,0.878847,1280
ae3_warm_s-1_air,ae3,warm,-1,air,M1-fix,,processed,T3,204800,219737,1.7167,False,1.42514,0.280693,0.668177,0.261594,1.91238,0.32408,0.202863,0.99614,0.995422,0.0241088,0.112558,95,bracketed (integer knob): metrics interpolated,-0.0287198,-0.00156091,-0.0952476,0.028356,False,6.36504,2.90875,6.91757,0.316207,2.39386,0.53849,2.01479,0.579821,2.05029,2.55373,0,0.832803,1.09589,1.08065,1.33567,0.869372,0.913057,0.864048,1.42514,800,0.0296318,0.000817383,1.95313e-05,0.000713867,0.000134766,1.66016e-05,40.3639,33.7454,30.2058,32.5465,8,0.607286,,9.32023,4.66012,1.33567,1.88363,0.24307,1.39121,0.932879,0.93196,2.24774,0.632642,0.283249,1.07477,1280
ae3_warm_s-1_air,ae3,warm,-1,air,M2,,processed,T1,51200,47667,0.372398,False,2.34467,1.26693,6.34902,1.33373,3.02803,1.68153,1.0894,0.992384,0.991098,0.104363,0.153139,13.0996,did not converge within ±5 %,-0.485446,-0.980871,-1.10921,-1.54698,False,3.92199,4.4016,6.82978,2.98022,6.17827,5.32881,9.90603,5.97961,10.5226,12.0783,0,1.11764,1.9492,2.01081,2.17352,1.33978,2.01934,2.15293,2.34467,800,0,0,0,0.000583984,0,0,29.9826,40.0496,44.219,28.5521,8,2.68813,,42.9647,21.4824,2.17352,12.2625,3.25322,1.47553,1.94806,1.99255,2.66963,4.41363,1.73248,4.71943,1280
ae3_warm_s-1_air,ae3,warm,-1,air,M2,,processed,T2,102400,109375,0.854492,False,2.1908,1.13898,6.63671,1.07575,2.28956,1.21733,1.00287,0.994963,0.994602,0.11505,0.164386,7.0994,did not converge within ±5 %,-0.470784,-0.966783,-1.08348,-1.55467,False,3.03305,3.17253,4.92834,2.89927,5.26245,5.21988,9.16234,5.83417,9.56901,10.7537,0,1.2193,1.79073,1.98933,2.13367,1.3146,1.94951,2.08285,2.1908,800,0,0,0,0.000583984,0,0,25.4118,31.6232,29.0663,28.1537,8,2.22965,,18.7246,9.36229,2.13367,10.0408,3.38198,1.35186,1.66603,1.73854,2.58508,3.92338,1.66499,2.72811,1280
ae3_warm_s-1_air,ae3,warm,-1,air,M2,,processed,T3,204800,200464,1.56612,True,2.02012,1.0366,6.8715,0.961736,2.0029,1.03512,0.897912,0.996029,0.995608,0.134726,0.17116,1.6878,,-0.47571,-0.968255,-1.07249,-1.59237,False,2.74022,2.57148,4.01374,2.93234,4.92632,5.23665,8.47165,5.72343,9.01643,9.76183,0,1.21143,1.80583,1.94533,2.06898,1.20222,1.79653,1.90022,2.02012,800,0,0,0,0.000583984,0,0,25.1326,32.8328,30.9997,26.9797,8,1.88241,,10.2163,5.10815,2.06898,9.15589,3.40365,1.30903,1.56264,1.62468,2.55207,3.49161,1.73772,2.23578,1280
ae3_warm_s-1_air,ae3,warm,-1,air,M2h,,processed,T1,51200,51114,0.399328,True,1.35194,0.948889,1.22814,0.774142,2.11489,0.947001,0.751231,0.994326,0.991855,0.15401,0.085201,56,,-0.043248,0.0343796,-0.130914,0.0170865,False,3.29068,3.20241,5.49606,0.692084,2.72848,1.10536,3.74743,1.09635,3.79564,4.06851,0,0.824789,1.0198,1.09867,1.09728,1.05965,1.23401,1.2587,1.35194,800,0,0,0,0.000583984,0,0,26.9256,41.7325,32.9219,28.9398,8,3.38676,,40.0673,20.0337,1.09728,3.41833,0.500222,1.27372,1.50564,1.48776,1.85254,3.9754,0.939253,3.33428,1280
ae3_warm_s-1_air,ae3,warm,-1,air,M2h,,processed,T2,102400,105866,0.827078,True,1.1831,0.837278,0.893132,0.529853,1.64974,0.683444,0.641383,0.995974,0.994588,0.198823,0.0899569,65,,-0.0328265,0.0196084,-0.122223,0.0208245,False,2.74277,2.54289,4.18309,0.523243,2.0839,0.806941,2.79931,0.860013,2.87197,3.31739,0,0.844067,1.01226,1.01591,1.04205,0.960229,1.15191,1.11105,1.1831,800,0,0,0,0.000583984,0,0,24.0673,32.7734,30.9997,28.1537,8,3.01814,,19.3452,9.6726,1.04205,2.2512,0.361726,1.15176,1.20626,1.19779,1.81283,3.04673,0.742552,3.31624,1280
ae3_warm_s-1_air,ae3,warm,-1,air,M2h,,processed,T3,204800,201902,1.57736,True,1.07247,0.771712,0.783278,0.460924,1.44567,0.588274,0.577632,0.997004,0.995944,0.321137,0.10452,74,,-0.0274308,0.0170665,-0.0890141,0.0273963,False,2.66285,2.15093,3.86921,0.463528,1.75991,0.662429,2.23429,0.693271,2.30057,2.8765,0,0.855487,1.00744,1.02955,1.05171,0.826003,0.987035,1.04882,1.07247,800,0,0,0,0.000583984,0,0,23.3529,29.7897,27.1215,26.6572,8,2.08095,,10.1435,5.07177,1.05171,1.53622,0.359225,1.08722,1.05045,1.02769,1.7794,2.36808,0.650601,2.34272,1280
ae3_warm_s-1_air,ae3,warm,-1,air,C,C,lossless,lossless,,304703,2.38049,,0,0,0,0,0,0,0,1,1,0.139365,0.0878377,,,0,0,0,0,True,0,0,0,0,0,0,0,0,0,0,0,0.804319,0.806938,0.814465,0.812113,0,0,0,0,800,,,,,,,0,0,0,0,8,0,True,6.7213,3.36065,0.812113,0,0,0,0,0,0,0,0,0,1280
ae3_warm_s-1_air,ae3,warm,-1,air,C-jls,C-jls,lossless,lossless,,268414,2.09698,,0,0,0,0,0,0,0,1,1,0.0169626,0.0155574,,,0,0,0,0,True,0,0,0,0,0,0,0,0,0,0,0,0.804319,0.806938,0.814465,0.812113,0,0,0,0,800,,,,,,,0,0,0,0,8,0,,7.63,3.815,0.812113,0,0,0,0,0,0,0,0,0,1280
ae3_warm_s-1_air,ae3,warm,-1,air,C-png,C-png,lossless,lossless,,338106,2.64145,,0,0,0,0,0,0,0,1,1,1.29893,0.0105908,,,0,0,0,0,True,0,0,0,0,0,0,0,0,0,0,0,0.804319,0.806938,0.814465,0.812113,0,0,0,0,800,,,,,,,0,0,0,0,8,0,,6.05727,3.02864,0.812113,0,0,0,0,0,0,0,0,0,1280
ae3_warm_s-1_air,ae3,warm,-1,air,C2,C2/e3,lossless,lossless,,265117,2.07123,,0,0,0,0,0,0,0,1,1,0.150154,0.138469,,,0,0,0,0,True,0,0,0,0,0,0,0,0,0,0,0,0.804319,0.806938,0.814465,0.812113,0,0,0,0,800,,,,,,,0,0,0,0,8,0,,7.72489,3.86245,0.812113,0,0,0,0,0,0,0,0,0,1280
ae3_warm_s-1_air,ae3,warm,-1,air,C2,C2/e7,lossless,lossless,,249003,1.94534,,0,0,0,0,0,0,0,1,1,0.491022,0.197691,,,0,0,0,0,True,0,0,0,0,0,0,0,0,0,0,0,0.804319,0.806938,0.814465,0.812113,0,0,0,0,800,,,,,,,0,0,0,0,8,0,,8.2248,4.1124,0.812113,0,0,0,0,0,0,0,0,0,1280
ae3_warm_s-1_air,ae3,warm,-1,air,C2,C2/e7/tiled,lossless,lossless,,243501,1.90235,,0,0,0,0,0,0,0,1,1,0.560362,0.0919838,,,0,0,0,0,True,0,0,0,0,0,0,0,0,0,0,0,0.804319,0.806938,0.814465,0.812113,0,0,0,0,800,,,,,,,0,0,0,0,8,0,,8.41064,4.20532,0.812113,0,0,0,0,0,0,0,0,0,1280
ae3_warm_s-1_air,ae3,warm,-1,air,N,N/b7,near-lossless,near-lossless,,266635,2.08309,,0.655876,1.68565,0.545773,0.539751,1.61215,0.837671,1.14118,0.998914,0.999062,0.0885575,0.088452,,,0.0278313,0.0215264,0.0190632,0.0236772,False,2.38929,2.45301,3.61776,0.86584,2.1727,0.763149,2.37051,0.72523,2.3183,1.67821,0,0.963731,1.18127,1.17011,1.05227,0.589882,0.918786,0.894709,0.655876,800,,,,,,,1.1842,1.51243,1.67896,1.64152,8,3.95896,,7.68091,3.84046,1.05227,3.05738,0.490193,0.355362,0.569188,0.568685,0.576673,4.49145,0.8801,5.27465,1280
ae3_warm_s-1_air,ae3,warm,-1,air,N,N/b8,near-lossless,near-lossless,,369171,2.88415,,0.321274,0.801713,0.390408,0.295593,0.930067,0.443727,0.564258,0.999743,0.999785,0.0871153,0.092877,,,-0.0202568,-0.00348432,-0.00395366,-0.0175565,False,1.35263,1.3975,1.92222,0.464335,1.24807,0.46535,1.39891,0.475178,1.40471,1.11862,0,0.90095,0.951598,0.950076,0.869527,0.266285,0.450486,0.433728,0.321274,800,,,,,,,0.54902,0.858824,0.866667,0.8,8,1.54175,,5.54756,2.77378,0.869527,1.10262,0.426483,0.182101,0.290988,0.291435,0.29487,1.89131,0.488996,1.92956,1280
ae3_warm_s-1_air,ae3,warm,-1,air,N,N/b9,near-lossless,near-lossless,,494722,3.86502,,0.146214,0.330798,0.131377,0.124576,0.472409,0.190733,0.244067,0.99994,0.999948,0.0851391,0.090583,,,-0.000806829,0.00338729,0.00408638,0.000488595,False,0.678337,0.648443,0.873184,0.156569,0.553993,0.171792,0.572871,0.166806,0.581273,0.512579,0,0.836489,0.834983,0.833236,0.821163,0.119626,0.161804,0.169759,0.146214,800,,,,,,,0.265306,0.390015,0.398647,0.406532,8,0.88518,,4.1397,2.06985,0.821163,0.985737,0.0539563,0.0841887,0.134945,0.135145,0.137539,0.813366,0.174705,1.11844,1280
ae3_warm_s-1_air,ae3,warm,-1,air,N,N/b10,near-lossless,near-lossless,,622194,4.86089,,0.0804198,0.176587,0.0761566,0.0641165,0.195062,0.0967605,0.130428,0.999983,0.999992,0.0840098,0.0918195,,,-0.0123151,-0.00747777,-0.00758314,-0.00455827,False,0.263665,0.290761,0.401822,0.0975943,0.274067,0.093689,0.317095,0.0923629,0.31412,0.224839,0,0.810701,0.82156,0.820674,0.823387,0.0515437,0.0948354,0.0943458,0.0804198,800,,,,,,,0.140166,0.19444,0.169672,0.205981,8,0.450704,,3.29158,1.64579,0.823387,0.332425,0.0625864,0.0422171,0.0691579,0.0690622,0.0691352,0.453414,0.117776,0.534246,1280
ae3_warm_s-1_air,ae3,warm,-1,air,D,D,raw,T1,51200,51086,0.399109,True,2.13626,1.44385,2.35016,1.54713,3.9367,2.16769,1.06655,0.969591,0.941197,0.0754937,0.079926,43,,-0.0110783,0.0243103,0.0369981,0.0103218,False,5.40447,6.11031,8.82066,1.9917,4.72391,2.853,6.48827,2.83084,6.52459,5.1553,1.17537e-05,1.56184,2.54929,2.47391,2.04872,1.71239,2.54036,2.58465,2.13626,800,,,,,,,48.3686,98.1412,84.702,73.7686,8,3.35967,,40.0893,20.0446,2.04872,2.55992,0.638083,2.30055,3.65245,3.68732,3.48716,4.99703,1.08258,5.33332,1280
ae3_warm_s-1_air,ae3,warm,-1,air,D,D,raw,T2,102400,99311,0.775867,True,1.40443,0.882657,0.806359,0.557404,1.52706,0.798492,0.626627,0.988073,0.984569,0.0759408,0.0927154,80,,-0.0134247,0.0120719,0.0112376,-0.00414348,False,2.41885,2.45103,3.35181,0.677206,1.94148,0.946006,2.55903,0.954212,2.53167,2.04459,0,1.14468,1.40808,1.49474,1.4061,1.1979,1.47794,1.55722,1.40443,800,,,,,,,29.3176,39.9176,49.3686,37.298,8,2.08336,,20.6221,10.311,1.4061,1.54401,0.50056,1.36562,2.13545,2.09739,1.9936,2.76335,0.733265,2.45462,1280
ae3_warm_s-1_air,ae3,warm,-1,air,D,D,raw,T3,204800,202205,1.57973,True,0.862631,0.777867,0.457757,0.353279,0.986949,0.52613,0.546468,0.99579,0.996148,0.0807386,0.0821125,94,,-0.0205158,-0.000393612,-0.00294403,-0.0159753,False,1.49909,1.51531,2.09273,0.483612,1.34326,0.557513,1.54455,0.555559,1.55598,1.2763,0,1.00785,1.19492,1.18729,1.02803,0.855723,1.06466,1.0217,0.862631,800,,,,,,,9.32941,12.9843,14.4353,11.3176,8,1.66351,,10.1283,5.06417,1.02803,1.28378,0.41047,0.702061,1.04507,1.04036,1.02637,2.49477,0.537297,2.01248,1280
ae3_warm_s-1_air,ae3,warm,-1,air,D2,D2/modular,raw,T1,51200,50357,0.393414,True,1.16699,0.607734,0.496352,0.336273,1.33315,0.47495,0.395535,0.984192,0.975652,0.461296,0.140088,3.6209,,-0.00280258,0.00266382,-0.00328212,-0.00239182,False,3.15406,2.12941,4.30031,0.431513,1.63111,0.603632,2.20372,0.613428,1.9728,1.72165,1.17537e-05,0.92167,1.12068,1.0456,0.963637,1.09533,1.32627,1.28153,1.16699,800,,,,,,,22.6888,40.7787,39.1717,38.2023,8,1.43484,,40.6696,20.3348,0.963637,1.59714,0.335701,1.48946,2.4497,2.45455,2.53528,2.1422,0.455743,1.85123,1280
ae3_warm_s-1_air,ae3,warm,-1,air,D2,D2/modular,raw,T2,102400,102947,0.804273,True,0.979254,0.26335,0.176493,0.127184,0.409507,0.176755,0.192512,0.994372,0.995035,0.45022,0.14516,1.1386,,-0.00174399,-0.00203812,-0.00191933,0.00124256,False,0.882576,0.647399,1.29148,0.148358,0.51909,0.213812,0.693847,0.214164,0.718387,0.550315,0,0.838923,0.95463,0.960711,0.884959,0.87995,1.04453,1.04883,0.979254,800,,,,,,,11.8072,21.8641,17.9909,16.6098,8,1.17118,,19.8937,9.94687,0.884959,0.656345,0.0879495,0.758482,1.15468,1.15487,1.23985,0.505571,0.178167,1.23257,1280
ae3_warm_s-1_air,ae3,warm,-1,air,D2,D2/modular,raw,T3,204800,206116,1.61028,True,0.69495,0.128651,0.109681,0.0742069,0.215765,0.104125,0.0947209,0.998166,0.998633,0.497492,0.148268,0.3819,,0.00144586,0.000106359,0.000184031,0.00173138,False,0.347687,0.331402,0.533745,0.0930857,0.278978,0.133664,0.387619,0.132627,0.397357,0.317316,0,0.904993,0.930921,0.921712,0.891244,0.609053,0.761359,0.751411,0.69495,800,,,,,,,3.90748,7.50461,7.95798,8.15522,8,0.384629,,9.93615,4.96808,0.891244,0.263376,0.0616521,0.422037,0.628592,0.628616,0.690852,0.270184,0.0883518,0.363795,1280
ae3_warm_s-1_air,ae3,warm,-1,air,D,D/red+1.5,raw,T1,51200,50834,0.397141,True,1.65056,2.25375,1.26689,1.84096,5.01447,2.75624,1.6203,0.967453,0.936228,0.0753985,0.0836471,"{""R"": 69, ""GB"": 32}",R share 0.38 (eq 0.25),0.0052617,0.0524837,0.0364562,0.0147412,False,6.78524,7.98425,11.1535,2.66746,5.82746,3.70245,8.18648,3.70476,8.0293,2.96711,0,1.89699,2.82628,2.8031,1.57561,2.02877,2.89914,2.83376,1.65056,800,,,,,,,76.6706,89.6706,91.702,47.3686,8,7.32284,,40.288,20.144,1.57561,1.82528,0.594545,2.6217,4.12601,4.1736,2.53194,3.51528,1.14511,9.54777,1280
ae3_warm_s-1_air,ae3,warm,-1,air,D,D/red+1.5,raw,T2,102400,100146,0.782391,True,1.05597,1.10923,0.51799,0.700616,2.0208,1.05256,0.808078,0.986036,0.979926,0.0773205,0.0856732,"{""R"": 90, ""GB"": 73}",R share 0.38 (eq 0.25),-0.0165022,0.0104851,0.0124326,-0.0126876,False,3.14974,3.28038,4.6555,0.954596,2.601,1.34142,3.49748,1.33728,3.43167,1.43042,0,1.19026,1.57165,1.74802,1.12502,1.29926,1.6801,1.80945,1.05597,800,,,,,,,33.8,46.9412,61.3961,18.1922,8,2.89818,,20.4501,10.2251,1.12502,1.20568,0.362071,1.59666,2.52717,2.47023,1.34956,1.66228,0.582386,4.14891,1280
ae3_warm_s-1_air,ae3,warm,-1,air,D,D/red+1.5,raw,T3,204800,205548,1.60584,True,0.703622,0.849811,0.425165,0.372148,1.0968,0.557071,0.617828,0.995028,0.99504,0.0834413,0.0836658,"{""R"": 98, ""GB"": 92}",R share 0.39 (eq 0.25),-0.0229989,-0.00146104,0.00239592,-0.0146137,False,1.61351,1.73513,2.41707,0.511512,1.48292,0.632259,1.77588,0.600936,1.73235,1.17758,0,1.00958,1.22231,1.20559,1.01316,0.905389,1.1438,1.12831,0.703622,800,,,,,,,10.7412,20.0824,20.3176,4.89804,8,1.88994,,9.96361,4.9818,1.01316,1.04071,0.385361,0.822134,1.23595,1.23178,0.647719,2.78315,0.556792,2.08769,1280
ae3_warm_s-1_air,ae3,warm,-1,air,D,D/red+2,raw,T1,51200,51151,0.399617,True,1.40018,2.62058,0.803395,2.65194,7.10111,3.9511,2.08661,0.959061,0.924382,0.07174,0.0805292,"{""R"": 81, ""GB"": 22}",R share 0.51 (eq 0.25),0.0601174,0.138151,0.122713,-0.00553745,False,9.75584,11.7275,16.9087,3.87268,8.37671,5.44658,12.069,5.40444,11.7104,2.05178,0,2.33913,3.64797,3.15854,1.36507,2.43424,3.7666,3.22813,1.40018,800,,,,,,,58.6706,110.318,102.251,32.298,8,9.86768,,40.0383,20.0192,1.36507,1.61929,0.447932,2.98944,4.79613,4.89278,1.92811,4.52304,1.37213,11.223,1280
ae3_warm_s-1_air,ae3,warm,-1,air,D,D/red+2,raw,T2,102400,100420,0.784531,True,0.862631,0.914286,0.457757,0.927837,2.52116,1.39088,0.685521,0.98195,0.968842,0.074517,0.0800327,"{""R"": 94, ""GB"": 62}",R share 0.50 (eq 0.25),0.0228277,0.0492073,0.050825,-0.0159753,False,3.71607,3.98145,5.56581,1.28337,3.35568,1.8283,4.45061,1.81648,4.32747,1.2763,0,1.32491,1.94974,1.94446,1.02803,1.42483,2.0535,2.01806,0.862631,800,,,,,,,39.2588,88.2314,61.3961,11.3176,8,3.22649,,20.3943,10.1972,1.02803,1.28378,0.41047,1.87417,2.99354,2.97761,1.02637,2.17729,0.631126,4.60994,1280
ae3_warm_s-1_air,ae3,warm,-1,air,D,D/red+2,raw,T3,204800,203143,1.58705,True,0.583546,0.719254,0.411542,0.412448,1.1754,0.627782,0.500546,0.99329,0.992764,0.0737547,0.0810385,"{""R"": 99, ""GB"": 88}",R share 0.50 (eq 0.25),-0.021451,0.00136733,0.00469936,-0.0147389,False,1.73592,1.84969,2.69498,0.545206,1.56044,0.731037,1.99367,0.696052,1.98696,1.17751,0,1.03892,1.34354,1.32605,0.994869,0.971643,1.34994,1.26546,0.583546,800,,,,,,,17.5843,25.5647,28.0824,3.60392,8,1.21951,,10.0816,5.04078,0.994869,1.03955,0.410766,1.02017,1.56358,1.56165,0.518204,1.79964,0.472409,2.36953,1280
ae3_warm_s-1_air,ae3,warm,-1,air,D,D/3pl,raw,T1,51200,50894,0.397609,True,1.62968,1.2342,1.49697,1.14356,3.12493,1.61729,0.837913,0.974741,0.961153,0.0531478,0.0598477,64,,0.0195647,0.33433,0.19894,0.0336045,False,4.67534,4.78735,7.05014,1.30254,3.34835,3.12829,13.9244,2.78141,13.0141,3.37534,3.91791e-06,1.34438,1.86713,1.78345,1.5373,1.43876,1.96934,1.88715,1.62968,800,,,,,,,38.4078,93.9412,82.6314,57.2706,8,2.94876,,40.2405,20.1202,1.5373,2.65198,0.393382,1.83001,4.42555,4.4296,2.74119,2.74108,0.87885,4.55641,1280
ae3_warm_s-1_air,ae3,warm,-1,air,D,D/3pl,raw,T2,102400,101503,0.792992,True,1.09939,0.829186,0.596844,0.655571,1.83184,0.934664,0.604907,0.985477,0.980486,0.0569584,0.0628862,88,,-0.021451,0.282158,0.147006,-0.0102299,False,2.73887,2.61931,4.18123,0.545206,1.56044,2.20839,13.2778,1.74812,12.7003,1.58563,0,1.03892,1.42985,1.33712,1.1573,0.971643,1.44671,1.39812,1.09939,800,,,,,,,17.5843,71.298,80.0157,23.6667,8,2.13697,,20.1767,10.0884,1.1573,1.19193,0.366796,1.02017,3.85528,3.85583,1.49848,2.69428,0.692279,3.21836,1280
ae3_warm_s-1_air,ae3,warm,-1,air,D,D/3pl,raw,T3,204800,211876,1.65528,True,0.737346,0.764681,0.422432,0.615533,1.57908,0.863444,0.559692,0.98962,0.986564,0.0616175,0.0670783,97,,-0.0226898,0.280778,0.145457,-0.0153542,False,2.40282,2.15208,3.38874,0.47093,1.29402,2.08777,13.315,1.58674,12.924,1.19979,0,0.991802,1.22978,1.14086,1.00622,0.732474,1.14175,1.08568,0.737346,800,,,,,,,4.27451,69.8078,72.651,7.05882,8,1.53979,,9.66603,4.83302,1.00622,1.09214,0.412257,0.507696,3.64934,3.63431,0.747096,2.21481,0.626836,2.82048,1280
ae3_warm_s-1_air,ae3,warm,-1,air,D,D/tiled,raw,T1,51200,50501,0.394539,True,2.13626,1.44385,2.35016,1.54713,3.9367,2.16769,1.06655,0.969591,0.941197,0.0202145,0.0244597,43,,-0.0110783,0.0243103,0.0369981,0.0103218,False,5.40447,6.11031,8.82066,1.9917,4.72391,2.853,6.48827,2.83084,6.52459,5.1553,1.17537e-05,1.56184,2.54929,2.47391,2.04872,1.71239,2.54036,2.58465,2.13626,800,,,,,,,48.3686,98.1412,84.702,73.7686,8,3.35967,,40.5537,20.2768,2.04872,2.55992,0.638083,2.30055,3.65245,3.68732,3.48716,4.99703,1.08258,5.33332,1280
ae3_warm_s-1_air,ae3,warm,-1,air,D,D/tiled,raw,T2,102400,98718,0.771234,True,1.40443,0.882657,0.806359,0.557404,1.52706,0.798492,0.626627,0.988073,0.984569,0.023451,0.0249174,80,,-0.0134247,0.0120719,0.0112376,-0.00414348,False,2.41885,2.45103,3.35181,0.677206,1.94148,0.946006,2.55903,0.954212,2.53167,2.04459,0,1.14468,1.40808,1.49474,1.4061,1.1979,1.47794,1.55722,1.40443,800,,,,,,,29.3176,39.9176,49.3686,37.298,8,2.08336,,20.746,10.373,1.4061,1.54401,0.50056,1.36562,2.13545,2.09739,1.9936,2.76335,0.733265,2.45462,1280
ae3_warm_s-1_air,ae3,warm,-1,air,D,D/tiled,raw,T3,204800,201600,1.575,True,0.862631,0.777867,0.457757,0.353279,0.986949,0.52613,0.546468,0.99579,0.996148,0.0233409,0.0253743,94,,-0.0205158,-0.000393612,-0.00294403,-0.0159753,False,1.49909,1.51531,2.09273,0.483612,1.34326,0.557513,1.54455,0.555559,1.55598,1.2763,0,1.00785,1.19492,1.18729,1.02803,0.855723,1.06466,1.0217,0.862631,800,,,,,,,9.32941,12.9843,14.4353,11.3176,8,1.66351,,10.1587,5.07937,1.02803,1.28378,0.41047,0.702061,1.04507,1.04036,1.02637,2.49477,0.537297,2.01248,1280
ae3_warm_s-1_air,ae3,warm,-1,air,D2,D2/modular/red+1.5,raw,T1,51200,51588,0.403031,True,1.08854,0.718391,0.260647,0.397327,1.84356,0.58261,0.53354,0.982081,0.969421,0.438824,0.132733,"{""R"": 1.7375, ""GB"": 4.769}",R share 0.37 (eq 0.25),-0.0123369,-0.00829292,-0.00671114,0.00263646,False,4.40023,2.89742,6.3533,0.533369,2.22492,0.772104,2.6149,0.74448,2.62126,0.819801,0,0.917743,1.23699,1.08332,0.950568,1.15605,1.47027,1.32989,1.08854,800,,,,,,,34.6234,51.0482,55.4722,24.3696,8,1.2858,,39.6992,19.8496,0.950568,0.720441,0.141578,1.77355,2.99013,2.9916,1.57362,2.11393,0.492526,2.37542,1280
ae3_warm_s-1_air,ae3,warm,-1,air,D2,D2/modular/red+1.5,raw,T2,102400,103521,0.808758,True,0.829409,0.320205,0.128639,0.152417,0.577251,0.218068,0.239526,0.993565,0.994193,0.442643,0.140413,"{""R"": 0.5959, ""GB"": 1.4824}",R share 0.36 (eq 0.24),-0.000309623,-0.00299622,-0.00126657,0.000494327,False,1.59891,0.926318,2.21717,0.201236,0.719129,0.275579,0.933729,0.291926,0.933176,0.360552,0,0.85534,1.00292,1.01401,0.891824,0.927869,1.14755,1.12388,0.829409,800,,,,,,,11.703,20.6919,18.1842,11.4171,8,0.92489,,19.7834,9.89171,0.891824,0.346237,0.0863062,0.871074,1.36477,1.36279,0.879796,0.909577,0.20117,0.981608,1280
ae3_warm_s-1_air,ae3,warm,-1,air,D2,D2/modular/red+1.5,raw,T3,204800,205759,1.60749,True,0.486165,0.147859,0.0794616,0.077724,0.237079,0.11083,0.11415,0.997699,0.998278,0.494449,0.149986,"{""R"": 0.1943, ""GB"": 0.5051}",R share 0.37 (eq 0.24),-0.000221931,-0.000979794,-0.000727099,0.00127624,False,0.405971,0.379325,0.615004,0.101524,0.295271,0.151024,0.43875,0.152315,0.43486,0.228527,0,0.872051,0.913174,0.957562,0.930831,0.704252,0.827966,0.843286,0.486165,800,,,,,,,4.55617,10.3755,10.0026,6.04077,8,0.446742,,9.95339,4.9767,0.930831,0.158447,0.0435174,0.499294,0.742101,0.739269,0.458992,0.194928,0.0853594,0.514695,1280
ae3_warm_s-1_air,ae3,warm,-1,air,D2,D2/modular/red+2,raw,T1,51200,51376,0.401375,True,0.974102,0.7134,0.174198,0.529027,2.35062,0.791726,0.497691,0.977299,0.956027,0.434237,0.140189,"{""R"": 1.118, ""GB"": 6.6555}",R share 0.50 (eq 0.25),-0.0200478,-0.0160358,-0.0015332,0.00132702,False,5.40649,3.9125,7.58651,0.749514,3.09052,1.08361,3.73959,1.02554,3.54215,0.545414,0,0.94094,1.2198,1.19529,0.881772,1.14697,1.48625,1.46573,0.974102,800,,,,,,,39.8059,70.5811,62.506,17.4605,8,1.39192,,39.863,19.9315,0.881772,0.644902,0.0904566,2.18537,3.74737,3.72455,1.23014,1.82502,0.436282,2.68164,1280
ae3_warm_s-1_air,ae3,warm,-1,air,D2,D2/modular/red+2,raw,T2,102400,102752,0.80275,True,0.69495,0.437489,0.109681,0.191397,0.863648,0.28417,0.313801,0.991586,0.991369,0.440851,0.138224,"{""R"": 0.3831, ""GB"": 2.146}",R share 0.49 (eq 0.24),0.000431659,-0.00475499,-0.00442881,0.00173138,False,4.18335,1.44968,4.26803,0.267241,1.13037,0.375116,1.25157,0.367147,1.22909,0.317316,0,0.850973,1.04925,0.95521,0.891244,0.97212,1.17111,1.16164,0.69495,800,,,,,,,14.0201,23.6169,25.4646,8.15522,8,1.06241,,19.9315,9.96574,0.891244,0.263376,0.0616521,1.07549,1.70209,1.71165,0.690852,1.34676,0.234785,1.57032,1280
ae3_warm_s-1_air,ae3,warm,-1,air,D2,D2/modular/red+2,raw,T3,204800,206189,1.61085,True,0.219222,0.150405,0.0543796,0.0953999,0.352454,0.139197,0.11265,0.996819,0.997418,0.483932,0.144425,"{""R"": 0.1021, ""GB"": 0.7069}",R share 0.49 (eq 0.24),0.000994908,-0.00173464,-0.00240595,0.00100513,False,0.996303,0.555747,1.15927,0.126721,0.4332,0.184274,0.580755,0.174759,0.581796,0.156787,0,0.822743,0.933602,0.944035,0.879948,0.775415,0.922729,0.95159,0.219222,800,,,,,,,7.88916,12.6922,10.9962,2.26107,8,0.535306,,9.93263,4.96632,0.879948,0.223255,0.0190833,0.59869,0.898719,0.893235,0.268989,0.695314,0.0883339,0.497527,1280
ae3_warm_s-1_air,ae3,warm,-1,air,D2,D2/modular/3pl,raw,T1,51200,51052,0.398844,True,1.10254,0.614233,0.291887,0.517608,1.65084,0.683484,0.445889,0.982896,0.978462,0.322931,0.107953,2.1673,,-0.00692746,0.281607,0.145895,-0.000997795,False,3.57435,2.33656,4.48388,0.262883,1.01218,1.94535,13.5166,1.41504,12.7832,0.964222,0,0.852886,1.1256,1.04802,0.934766,0.962118,1.30241,1.24974,1.10254,800,,,,,,,15.2197,82.3033,71.8356,24.2564,8,2.58728,,40.116,20.058,0.934766,1.04739,0.246137,1.08099,3.96303,3.93686,1.79587,1.42355,0.46001,2.81171,1280
ae3_warm_s-1_air,ae3,warm,-1,air,D2,D2/modular/3pl,raw,T2,102400,101970,0.796641,True,0.864245,0.559001,0.148785,0.468487,1.30974,0.606344,0.424579,0.988419,0.985551,0.340037,0.111952,0.7232,,-0.00173657,0.280751,0.145405,0.00122588,False,2.88503,1.78829,3.58291,0.127972,0.433438,1.90579,13.1583,1.32911,12.8639,0.486262,0,0.81727,1.04164,0.961386,0.894169,0.789911,1.11839,1.06552,0.864245,800,,,,,,,7.41897,72.6904,73.271,16.5619,8,1.85515,,20.0843,10.0422,0.894169,0.513645,0.0905289,0.605609,3.67504,3.67802,0.977732,2.15449,0.379725,2.05258,1280
ae3_warm_s-1_air,ae3,warm,-1,air,D2,D2/modular/3pl,raw,T3,204800,206138,1.61045,True,0.533699,0.635498,0.0772387,0.458392,1.22131,0.578968,0.447883,0.990546,0.987363,0.377984,0.11178,0.2397,,0.000435127,0.282646,0.147319,0.000214548,False,2.06953,1.69996,2.83886,0.0669766,0.204829,1.87518,13.1525,1.31634,12.868,0.222721,0,0.889178,1.05077,0.959802,0.898192,0.377398,1.00361,0.887647,0.533699,800,,,,,,,2.01635,72.1052,72.3133,4.49762,8,1.63955,,9.93509,4.96755,0.898192,0.137771,0.0305614,0.296909,3.61383,3.59955,0.520358,0.866873,0.382171,1.78321,1280
ae3_warm_s-1_air,ae3,warm,-1,air,D2,D2/modular/tiled,raw,T1,51200,50389,0.393664,True,1.20189,0.502473,0.463883,0.323612,1.23825,0.449794,0.374953,0.984894,0.978156,0.371489,0.0705555,3.4213,,-0.00509266,0.000121101,-0.00291986,-0.00256979,False,3.18633,1.99426,4.36441,0.421586,1.55006,0.573057,2.04515,0.552238,1.84646,1.65109,7.83582e-06,0.925722,1.06836,1.04304,1.01961,1.10083,1.26926,1.26621,1.20189,800,,,,,,,20.4085,32.7301,36.2639,35.9192,8,1.21219,,40.6438,20.3219,1.01961,1.56571,0.2574,1.4394,2.35167,2.36331,2.44195,1.26144,0.398638,1.37486,1280
ae3_warm_s-1_air,ae3,warm,-1,air,D2,D2/modular/tiled,raw,T2,102400,103267,0.806773,True,0.96141,0.263325,0.171093,0.1269,0.412141,0.177626,0.191319,0.994541,0.995313,0.36818,0.0707731,1.088,,-0.00120487,-0.00314965,-0.00122424,0.00191308,False,0.731957,0.64182,1.14782,0.151454,0.505124,0.205845,0.686961,0.210566,0.704728,0.554291,0,0.847912,0.962045,0.959218,0.892113,0.870306,1.0411,1.03066,0.96141,800,,,,,,,12.3799,15.9036,13.4178,18.0541,8,0.989327,,19.8321,9.91604,0.892113,0.559717,0.0908042,0.744259,1.13215,1.12945,1.21316,0.478073,0.180595,1.03699,1280
ae3_warm_s-1_air,ae3,warm,-1,air,D2,D2/modular/tiled,raw,T3,204800,206166,1.61067,True,0.692249,0.129,0.11069,0.0743081,0.204738,0.103694,0.0973766,0.998201,0.998659,0.433728,0.0739613,0.3724,,0.00126249,-0.000206339,0.000301782,0.00127045,False,0.306243,0.31827,0.481229,0.0904309,0.273064,0.132387,0.386558,0.133733,0.391144,0.317589,0,0.900948,0.936106,0.917132,0.913735,0.615837,0.759127,0.753508,0.692249,800,,,,,,,3.95543,7.40895,8.12593,8.7073,8,0.388021,,9.93374,4.96687,0.913735,0.331602,0.0508048,0.416526,0.62275,0.623671,0.684645,0.278936,0.0906108,0.392501,1280
ae3_warm_s-1_air,ae3,warm,-1,air,D-j,D-j,raw,T1,51200,50696,0.396062,True,1.86334,1.57035,2.24913,1.53473,4.2149,2.14891,1.13837,0.97256,0.947264,0.0844609,0.0875935,45,,-0.0837293,-0.0317348,-0.0424834,-0.035387,False,6.38115,6.52358,10.2869,2.02954,5.21241,2.7137,6.58475,2.83248,6.45678,5.27694,3.91791e-06,1.34658,2.1863,2.03388,1.62468,1.47366,2.30084,2.13369,1.86334,800,,,,,,,52.5255,111.631,91.702,57.7255,8,3.81003,,40.3977,20.1988,1.62468,3.65854,0.515185,2.1902,3.6129,3.62799,3.41269,4.62306,0.997796,6.59994,1280
ae3_warm_s-1_air,ae3,warm,-1,air,D-j,D-j,raw,T2,102400,100405,0.784414,True,1.26248,0.827933,0.811402,0.580916,1.70674,0.823294,0.602067,0.989449,0.984041,0.0862178,0.0861057,82,,-0.0570411,-0.0267081,-0.0246948,-0.0374301,False,3.1357,2.77966,4.71467,0.754781,2.26708,0.973157,2.66405,0.956613,2.59495,2.10735,0,1.03277,1.30388,1.28863,1.19436,1.10107,1.41943,1.35642,1.26248,800,,,,,,,34.9255,64.1373,63.7647,34.2,8,2.01816,,20.3974,10.1987,1.19436,1.56897,0.394748,1.31065,2.08455,2.0495,1.94046,2.00052,0.669178,2.25405,1280
ae3_warm_s-1_air,ae3,warm,-1,air,D-j,D-j,raw,T3,204800,209069,1.63335,True,0.836043,0.770735,0.463688,0.355424,1.07656,0.534609,0.542785,0.996432,0.996582,0.0870795,0.0920595,95,,-0.0323811,-0.0100135,-0.0117122,-0.0246886,False,1.86083,1.60599,2.35946,0.499738,1.37343,0.553156,1.5637,0.544911,1.55996,1.27472,0,0.9264,1.05544,1.0734,0.947481,0.765144,0.962266,0.959858,0.836043,800,,,,,,,12.749,27.7294,17.7843,13.9961,8,1.54528,,9.79581,4.8979,0.947481,1.36582,0.408009,0.664234,0.987951,0.983578,0.963268,2.16758,0.515917,1.83095,1280
ae3_warm_s-1_air,ae3,warm,-1,air,L,L,raw,T1,51200,51892,0.405406,True,1.1056,0.581548,0.649946,0.456591,1.35475,0.64056,0.389344,0.988372,0.984453,0.135858,0.0386255,0.4942,,-0.00942544,0.0598828,-0.07563,-0.00499737,False,2.25728,2.17672,3.54842,0.528672,1.57306,1.3258,13.2293,1.26312,12.7572,1.88412,0,0.894322,0.912729,0.905453,0.975662,1.05612,1.05776,1.07836,1.1056,800,,,,,,,22.7255,72.1654,70.5156,32.2831,8,1.17323,,39.4666,19.7333,0.975662,1.4555,0.327593,1.15682,3.67079,3.65962,1.5721,1.31753,0.413511,1.91344,1280
ae3_warm_s-1_air,ae3,warm,-1,air,L,L,raw,T2,102400,103668,0.809906,True,0.81905,0.310366,0.327308,0.233416,0.683096,0.338131,0.220932,0.990707,0.987298,0.157388,0.0382741,0.1885,,-0.00135503,0.0618008,-0.0734894,-0.00449116,False,1.01844,1.01297,1.59095,0.275757,0.778812,1.07602,13.1178,1.04242,12.7367,0.941076,0,0.828362,0.811846,0.80919,0.853323,0.873991,0.841555,0.823712,0.81905,800,,,,,,,13.0428,69.1696,73.2761,11.5627,8,0.869528,,19.7554,9.87769,0.853323,0.535175,0.159728,0.705692,3.60222,3.59828,0.892541,1.08172,0.213236,1.09714,1280
ae3_warm_s-1_air,ae3,warm,-1,air,L,L,raw,T3,204800,205823,1.60799,True,0.513758,0.248133,0.181302,0.123675,0.363019,0.176135,0.182099,0.991697,0.987989,0.171933,0.0407789,0.0662,,0.00036544,0.0619842,-0.0734108,-0.00641301,False,0.589191,0.564834,0.81524,0.139757,0.396712,1.01732,13.1128,0.996779,12.8104,0.513109,0,0.809127,0.807623,0.791311,0.831528,0.595553,0.702478,0.672471,0.513758,800,,,,,,,10.7563,69.6975,72.6737,5.19126,8,0.739249,,9.9503,4.97515,0.831528,0.795198,0.126331,0.410276,3.58025,3.57614,0.496253,0.539394,0.194233,0.804872,1280
ae3_warm_s-1_air,ae3,warm,-1,air,D-lin,D-lin,raw,T1,51200,50548,0.394906,True,2.1893,3.48189,1.90865,1.79638,10.1377,2.82403,2.55428,0.963156,0.933463,0.0706478,0.0755833,55,,0.0815838,0.0303626,0.0213268,0.0245956,False,19.5688,13.005,23.3814,2.98484,9.39124,2.39066,6.74167,2.45146,6.76532,5.26413,0.00427444,1.99172,2.642,2.51733,2.06219,2.13934,2.77519,2.58676,2.1893,800,,,,,,,48,72,57,52,8,8.5924,,40.5159,20.258,2.06219,8.61925,0.490752,2.24333,3.00139,2.96383,2.82506,5.45805,1.7438,15.1201,1280
ae3_warm_s-1_air,ae3,warm,-1,air,D-lin,D-lin,raw,T2,102400,98814,0.771984,True,1.42398,1.04905,0.684797,0.669753,3.37051,1.08129,0.785062,0.983859,0.972558,0.0699499,0.076221,85,,0.0166972,-0.00341667,-0.00329159,-0.00369031,False,7.86996,4.49755,8.95717,1.10559,3.64268,0.900457,2.39666,0.874095,2.43805,1.90484,0.00136735,1.407,1.5185,1.50256,1.3626,1.49908,1.63097,1.55124,1.42398,800,,,,,,,23,24,24,22,8,4.76732,,20.7258,10.3629,1.3626,4.60251,0.155491,1.33556,1.64169,1.63405,1.57623,2.6683,0.630584,7.18999,1280
ae3_warm_s-1_air,ae3,warm,-1,air,D-lin,D-lin,raw,T3,204800,211292,1.65072,True,0.879133,0.294896,0.155977,0.159683,0.76467,0.247224,0.226765,0.994428,0.99333,0.0689699,0.0775412,96,,-0.00389836,-0.00565531,-0.00515851,-0.00580745,False,1.69646,1.11365,2.06735,0.24158,0.806101,0.198134,0.645126,0.204246,0.654429,0.51559,9.79478e-05,1.0354,1.08075,1.08287,1.0062,0.943149,0.936475,0.957896,0.879133,800,,,,,,,7,8,8,6,8,1.09538,,9.69275,4.84637,1.0062,1.37195,0.0879994,0.698883,0.772664,0.770955,0.778687,0.574712,0.179422,1.21355,1280
ae3_warm_s-1_air,ae3,warm,-1,air,D2-lin,D2-lin/modular,raw,T1,51200,52395,0.409336,True,1.4146,0.741044,0.318234,0.345086,1.68487,0.537298,0.578662,0.980562,0.984428,0.429443,0.138393,2.5333,,0.0012016,0.00157723,0.0012681,-0.00258674,False,3.94961,2.45772,4.50556,0.542878,1.96116,0.450883,1.53005,0.417852,1.49247,1.12004,0.000235075,1.2539,1.41301,1.34814,1.25713,1.43648,1.57159,1.51072,1.4146,800,,,,,,,20,30,20,27,8,1.59072,,39.0877,19.5438,1.25713,2.39207,0.273775,1.65428,1.87855,1.88713,1.9524,2.93958,0.528592,2.15014,1280
ae3_warm_s-1_air,ae3,warm,-1,air,D2-lin,D2-lin/modular,raw,T2,102400,105212,0.821969,True,1.17941,0.436893,0.183355,0.18293,0.974047,0.283977,0.356573,0.990471,0.99485,0.442041,0.137876,0.7746,,0.00216445,-0.000587057,-0.0024775,-0.000590919,False,2.10535,1.34343,2.52194,0.29693,1.08748,0.253114,0.826929,0.238319,0.801536,0.621105,7.44403e-05,1.22936,1.26604,1.26188,1.12148,1.30807,1.31642,1.3166,1.17941,800,,,,,,,9,11,10,13,8,2.02823,,19.4655,9.73273,1.12148,0.879479,0.112504,0.916587,1.01893,1.01299,1.07701,0.8439,0.231322,2.30092,1280
ae3_warm_s-1_air,ae3,warm,-1,air,D2-lin,D2-lin/modular,raw,T3,204800,210538,1.64483,True,0.967737,0.214405,0.126591,0.132039,0.665289,0.204665,0.165122,0.994732,0.997661,0.499807,0.140144,0.2713,,0.00371049,-0.00112323,-0.000144814,-0.00109966,False,1.96252,0.941379,1.99994,0.202037,0.691396,0.156539,0.53854,0.158217,0.520327,0.449675,1.56716e-05,1.13119,1.22213,1.20857,1.13912,1.07954,1.06232,1.08033,0.967737,800,,,,,,,4,5,5,5,8,1.23631,,9.72746,4.86373,1.13912,0.669456,0.0667257,0.623484,0.652575,0.652555,0.688135,0.420529,0.123889,1.14302,1280
ae3_warm_s-1_uw,ae3,warm,-1,uw,W,W,raw,T1,51200,51603,0.403148,True,1.04845,1.31352,1.22052,1.04479,3.63724,1.38222,0.719882,0.961172,0.938345,0.0745141,0.101892,537.0536,,-0.0335501,-0.0204632,-0.0258592,-0.029497,False,6.47255,5.98607,9.8785,1.05545,4.06987,1.367,5.03669,1.30207,4.64452,4.7326,0.000143779,0.890899,1.24524,1.21846,0.725457,1.13513,1.41006,1.3405,1.04845,800,,,,,,,29.1892,52.0075,69.5036,11.5491,8,2.29868,,39.6876,19.8438,0.725457,3.17856,0.870442,1.83458,3.44388,3.33956,0.878598,10.8623,2.05427,7.22419,1280
ae3_warm_s-1_uw,ae3,warm,-1,uw,W,W,raw,T2,102400,103449,0.808195,True,0.957011,0.499735,0.589173,0.517138,1.3976,0.691763,0.284457,0.983368,0.988015,0.0746622,0.0933479,187.8877,,-0.00114884,0.00760479,0.0101759,-0.00762262,False,2.18206,2.24342,3.79484,0.455409,1.51026,0.613505,1.92551,0.608193,1.90213,1.85679,4.04378e-05,0.720474,0.926623,0.898714,0.693427,0.937449,1.08726,1.09231,0.957011,800,,,,,,,11.2302,20.7434,19.7181,7.06487,8,1.16272,,19.7972,9.8986,0.693427,1.52816,0.448569,0.888877,1.50571,1.47098,0.601923,3.1469,0.764366,1.53177,1280
ae3_warm_s-1_uw,ae3,warm,-1,uw,W,W,raw,T3,204800,206979,1.61702,True,0.717773,0.209521,0.263861,0.237103,0.562322,0.311802,0.12583,0.993842,0.996448,0.0783874,0.0988042,63.3126,,0.00149724,0.0115819,0.0120378,-0.000222066,False,0.760989,0.921612,1.43176,0.202463,0.589461,0.258992,0.771022,0.245571,0.752698,0.826982,0,0.770899,0.793711,0.785875,0.825363,0.767419,0.807169,0.770899,0.717773,800,,,,,,,3.94507,7.75595,6.93108,2.66623,8,0.522958,,9.89472,4.94736,0.825363,0.662536,0.135361,0.513817,0.703925,0.699083,0.396781,1.70091,0.279112,0.527958,1280
ae3_warm_s-1_uw,ae3,warm,-1,uw,M0-r1,repeat,floor,floor,,,,,1.40596,1.24414,0.942281,1.01892,2.68512,1.40154,0.731303,0.971673,0.985904,,,,,0.00497088,0.000998043,-0.00787926,-0.00281429,False,4.48211,4.34024,6.42855,0.922833,2.8325,0.955556,2.76437,0.927744,2.82789,2.79996,0.00017523,0.810886,0.811471,0.815391,0.810006,1.4246,1.42368,1.41422,1.40596,800,,,,,,,27,76,76,5,8,1.84951,,,,0.810006,2.16763,0.591133,0.986388,1.25593,1.27374,0.694366,3.78619,1.42349,5.59004,1280
ae3_warm_s-1_uw,ae3,warm,-1,uw,M1-q∞,isp-floor,floor,floor,,,,,0.0508745,0.46908,0.223685,0.242983,0.634991,0.329081,0.324718,0.999781,0.999788,,,,,-0.0140316,0.000898701,0.00213159,0.0123178,False,0.843092,1.30042,2.02752,0.194373,0.770941,0.32391,1.05701,0.321282,1.05607,0.58498,0,0.826594,0.883154,0.892469,0.820705,0.105571,0.320179,0.326812,0.0508745,800,,,,,,,0.323078,0.921927,0.894911,0.105529,8,0.964777,,,,0.820705,0.786907,0.274927,0.0842301,0.282973,0.283206,0.0358077,1.3786,0.459757,1.23078,1280
ae3_warm_s-1_uw,ae3,warm,-1,uw,M1,,processed,T1,51200,50052,0.391031,True,0.978884,1.82706,1.00286,1.83386,5.01169,2.48877,1.29308,0.983028,0.982944,0.0231802,0.0979967,57,,-0.0375075,0.0561713,-0.164441,0.00769594,False,6.5631,7.45126,13.3381,1.58798,5.24005,2.2974,6.43734,2.26706,6.39424,3.22828,0,1.13529,2.37518,2.29486,0.643567,1.29102,2.44945,2.27128,0.978884,800,0,0,0,0.000597656,0,0.000544922,31.3496,60.1569,51.3262,5.90311,8,4.1864,,40.9174,20.4587,0.643567,2.37487,0.663993,1.54096,2.30874,2.27265,0.531524,6.77026,2.10315,7.35851,1280
ae3_warm_s-1_uw,ae3,warm,-1,uw,M1,,processed,T2,102400,101587,0.793648,True,0.844501,1.08354,0.561761,0.952353,2.91887,1.29875,0.737579,0.990002,0.989541,0.0260987,0.0990813,83,,-0.0100034,0.0856827,-0.145498,-0.0129728,False,4.21243,4.73441,7.41991,0.847201,3.02264,1.29472,4.54328,1.25143,4.45771,1.91673,0,0.932656,2.11463,2.13766,0.593698,1.13909,2.05667,2.09977,0.844501,800,0,0,0,0.000597656,0,0.000544922,31.1633,65.3236,46.0627,4.59862,8,2.45723,,20.1601,10.08,0.593698,1.17869,0.318087,1.36023,1.97159,1.90486,0.461964,4.38792,1.09506,3.42959,1280
ae3_warm_s-1_uw,ae3,warm,-1,uw,M1,,processed,T3,204800,209954,1.64027,True,0.70835,0.76793,0.366367,0.500545,1.76554,0.679207,0.504194,0.993783,0.993267,0.0271907,0.101301,94,,-0.0333335,0.119507,-0.0976982,-0.0173984,False,3.14343,3.00097,5.67486,0.478873,1.97672,0.873172,2.91556,0.809516,2.64992,1.18265,0,0.863407,1.86565,1.89265,0.601808,0.989094,1.83316,1.86827,0.70835,800,0,0,0,0.000597656,0,0.000544922,24.1776,39.5856,35.6152,4.27168,8,1.68701,,9.75452,4.87726,0.601808,1.03335,0.306415,1.17953,1.53965,1.53794,0.410041,3.19032,0.817331,2.53006,1280
ae3_warm_s-1_uw,ae3,warm,-1,uw,M1-444,,processed,T1,51200,50765,0.396602,True,0.969492,1.3008,0.822292,1.41909,3.96825,1.96979,0.90645,0.977411,0.977653,0.0248457,0.0997256,39,,0.073577,0.0275268,-0.114613,0.0112719,False,5.26902,6.06905,8.54349,1.46081,4.35062,2.12324,6.6967,2.16066,6.87331,2.84144,0,1.05061,2.17049,2.04008,0.690996,1.29141,2.20071,2.11721,0.969492,800,0,0,0,0.000597656,0,0.000544922,30.5869,73.717,78.9986,5.20539,8,4.20096,,40.3428,20.1714,0.690996,2.65079,0.725077,1.40065,2.60268,2.56952,0.547667,6.66526,1.41201,4.54138,1280
ae3_warm_s-1_uw,ae3,warm,-1,uw,M1-444,,processed,T2,102400,101065,0.78957,True,0.801202,0.963857,0.484306,0.809365,2.46239,1.07806,0.729959,0.985973,0.986929,0.026715,0.0987804,72,,-0.0312926,0.101234,-0.0571987,-0.00996677,False,3.86931,3.94477,6.617,0.777296,2.90896,1.23758,4.43845,1.21446,4.16741,1.91945,0,0.894358,1.87697,1.82006,0.689453,1.03476,1.85031,1.87014,0.801202,800,0,0,0,0.000597656,0,0.000544922,29.169,53.8274,42.7619,4.63236,8,2.20458,,20.2642,10.1321,0.689453,1.51557,0.365263,1.13826,2.09188,2.068,0.469945,1.97071,0.756533,3.27858,1280
ae3_warm_s-1_uw,ae3,warm,-1,uw,M1-444,,processed,T3,204800,207160,1.61844,True,0.645013,0.724206,0.330378,0.448662,1.61838,0.621341,0.472829,0.991399,0.992216,0.030107,0.104212,88,,-0.0106317,0.0774297,-0.0757042,-0.00203386,False,2.7233,2.61208,4.56362,0.464475,1.96677,0.839379,3.28179,0.799572,3.12475,1.17586,0,0.886169,1.72161,1.63568,0.694347,0.871138,1.62439,1.57728,0.645013,800,0,0,0,0.000597656,0,0.000544922,15.3567,47.2821,34.7325,4.3863,8,1.45323,,9.88608,4.94304,0.694347,1.02174,0.351526,0.847447,1.65519,1.65257,0.373754,5.07448,0.766718,1.9587,1280
ae3_warm_s-1_uw,ae3,warm,-1,uw,M1j,,processed,T1,51200,50562,0.395016,True,0.93471,1.03036,0.546336,0.907918,2.85602,1.21418,0.662417,0.981953,0.982044,0.0294918,0.110653,69,,-0.075607,0.112325,-0.0506615,-0.0073108,False,5.07488,5.18501,8.70053,0.85693,3.18324,1.27321,4.61692,1.26305,4.20485,1.78619,0,0.839613,1.5677,1.51417,0.601103,1.12307,1.63602,1.63019,0.93471,800,0,0,0,0.000597656,0,0.000544922,36.8013,73.717,74.06,5.47335,8,2.19089,,40.5047,20.2524,0.601103,1.62868,0.317464,1.51242,2.2799,2.30195,0.524142,5.6571,1.13972,5.37045,1280
ae3_warm_s-1_uw,ae3,warm,-1,uw,M1j,,processed,T2,102400,99941,0.780789,True,0.803191,0.604028,0.321692,0.487919,1.90951,0.677827,0.373074,0.989031,0.989209,0.0338945,0.103048,89,,-0.0490116,0.092904,-0.0767457,-0.00666026,False,3.68613,2.98913,5.90695,0.479143,2.13781,0.824975,3.20263,0.74799,2.98045,1.06116,0,0.772627,1.44026,1.33502,0.584874,1.04171,1.43251,1.41467,0.803191,800,0,0,0,0.000597656,0,0.000544922,31.1633,63.6123,49.7167,3.7035,8,1.5975,,20.4921,10.246,0.584874,0.559782,0.191022,1.26582,1.72875,1.73025,0.451571,3.7788,0.708514,3.18454,1280
ae3_warm_s-1_uw,ae3,warm,-1,uw,M1j,,processed,T3,204800,214286,1.67411,True,0.630933,0.520784,0.256493,0.330412,1.54668,0.466595,0.303479,0.994302,0.993779,0.0395432,0.103911,96,,-0.0397363,0.0824021,-0.068281,-0.00434321,False,3.04815,2.48728,5.08936,0.322027,1.85615,0.679615,2.57244,0.609983,2.221,0.834625,0,0.725574,1.31888,1.26783,0.574551,0.893677,1.25193,1.21689,0.630933,800,0,0,0,0.000597656,0,0.000544922,26.6195,47.7167,44.219,3.29622,8,1.36871,,9.55732,4.77866,0.574551,0.597709,0.201354,1.13628,1.3151,1.29041,0.368054,3.70425,0.652542,2.78801,1280
ae3_warm_s-1_uw,ae3,warm,-1,uw,M1-fix,,processed,T1,51200,51110,0.399297,True,1.46561,3.99905,3.1183,1.88017,5.4975,2.17324,2.02074,0.972761,0.975455,0.0217784,0.106307,60,,-0.0408801,0.0159826,-0.180643,0.0813387,False,10.3085,8.33248,18.2633,0.841646,3.21918,1.42864,4.76185,1.51826,5.08161,10.3556,0.00244873,0.811688,1.56718,1.43868,1.2093,1.05278,1.62707,1.52186,1.46561,800,0.0529863,0,0.0199053,0.000527344,0.0036123,0,38.8181,84.6428,78.3599,28.3139,8,16.4835,,40.0704,20.0352,1.2093,6.56266,1.97184,1.46236,2.26527,2.22706,1.25749,70.2435,7.68663,37.5614,1280
ae3_warm_s-1_uw,ae3,warm,-1,uw,M1-fix,,processed,T2,102400,99043,0.773773,True,1.23118,2.95736,1.49508,0.941825,3.73866,1.06593,1.44989,0.980912,0.981933,0.0245629,0.112387,84,,-0.0387355,0.0461107,-0.164644,0.00507618,False,9.44588,5.65592,17.514,0.527518,2.58759,0.830114,3.19177,0.930239,3.53021,5.70226,0.000638019,0.753094,1.24048,1.235,1.01924,0.960644,1.25054,1.2159,1.23118,800,0.0529863,0,0.0199053,0.000527344,0.0036123,0,36.4697,76.0144,86.0308,15.8996,8,15.5792,,20.6779,10.3389,1.01924,3.51707,0.73934,1.29019,1.68095,1.71616,0.969998,67.9583,5.38826,36.2581,1280
ae3_warm_s-1_uw,ae3,warm,-1,uw,M1-fix,,processed,T3,204800,197721,1.5447,True,1.03734,2.67746,0.89725,0.596481,3.53043,0.69113,1.2815,0.986155,0.988979,0.0239172,0.106057,94,,-0.0386707,0.0260709,-0.139058,-0.00165585,False,9.36299,5.0295,17.0383,0.383674,2.7535,0.639382,2.34446,0.744174,2.67591,3.6929,7.63825e-05,0.714133,1.20216,1.05394,0.873369,0.847144,1.05414,1.02746,1.03734,800,0.0529863,0,0.0199053,0.000527344,0.0036123,0,32.5269,79.2901,79.8561,10.104,8,15.6029,,10.358,5.17901,0.873369,1.9106,0.527404,1.24731,1.1971,1.20596,0.694509,67.2234,5.10328,36.3067,1280
ae3_warm_s-1_uw,ae3,warm,-1,uw,M2,,processed,T1,51200,49479,0.386555,True,1.00157,1.52513,2.46466,1.39145,3.72689,1.72894,0.982095,0.984579,0.987282,0.105341,0.152609,16.0996,,-0.378559,-0.81914,-0.964969,-0.179895,False,4.98834,6.7113,10.2275,2.56762,6.08765,4.37105,9.69368,5.13941,10.1695,5.20961,0,0.941908,2.14699,2.26228,0.663603,1.21716,2.32021,2.44675,1.00157,800,0,0,0,0.000597656,0,0.000544922,28.5704,45.8952,36.1537,3.94967,8,3.16597,,41.3913,20.6956,0.663603,4.27668,2.45331,1.3087,2.07603,2.1076,0.556102,5.31112,2.05785,4.76372,1280
ae3_warm_s-1_uw,ae3,warm,-1,uw,M2,,processed,T2,102400,99529,0.77757,True,0.873261,1.3771,2.73153,1.18609,3.52772,1.42135,0.977138,0.988228,0.990848,0.11751,0.158341,11.9138,,-0.4269,-1.01488,-1.1446,-0.197675,False,4.9104,6.28585,9.84856,2.87871,6.42818,5.35699,9.90182,6.0063,10.3378,5.14951,0,0.990144,2.54603,2.60201,0.700608,1.19098,2.61164,2.66472,0.873261,800,0,0,0,0.000597656,0,0.000544922,21.9692,34.2495,32.0667,4.25657,8,3.08099,,20.5769,10.2885,0.700608,4.16679,2.86669,1.23537,1.95055,2.00825,0.524879,4.24608,2.04743,3.03892,1280
ae3_warm_s-1_uw,ae3,warm,-1,uw,M2,,processed,T3,204800,193510,1.5118,False,0.667337,1.12263,2.79431,0.964024,2.67724,1.07408,0.839593,0.991771,0.99277,0.171008,0.165575,6.0998,did not converge within ±5 %,-0.401663,-1.00725,-1.12902,-0.196981,False,3.86261,4.23458,7.1315,2.72055,5.52249,5.25119,9.11482,5.88685,9.38178,4.72825,0,0.98453,2.42119,2.53557,0.698714,1.08364,2.47101,2.51043,0.667337,800,0,0,0,0.000597656,0,0.000544922,20.2981,36.6209,32.9219,3.80493,8,1.65243,,10.5834,5.29172,0.698714,4.24205,3.04017,1.15329,1.81888,1.88181,0.458077,4.92599,2.07265,2.80507,1280
ae3_warm_s-1_uw,ae3,warm,-1,uw,M2h,,processed,T1,51200,45619,0.356398,False,0.954607,1.31481,0.566686,0.943191,3.01135,1.27512,0.793869,0.987096,0.986445,0.170736,0.0807319,48,bracketed (integer knob): metrics interpolated,-0.0579826,0.0597724,-0.110978,-0.0113999,False,4.98012,5.42799,9.41031,0.8982,3.49951,1.26166,4.63684,1.23405,4.44635,2.18876,0,0.856289,1.47892,1.5366,0.604387,1.1367,1.57325,1.69183,0.954607,800,0,0,0,0.000597656,0,0.000544922,23.0977,54.7167,34.8016,4.37676,8,2.26711,,44.8936,22.4468,0.604387,2.24916,0.491717,1.21825,1.85991,1.83518,0.497228,3.94108,1.24278,5.78244,1280
ae3_warm_s-1_uw,ae3,warm,-1,uw,M2h,,processed,T1,51200,54480,0.425625,False,0.941659,1.1827,0.546311,0.887266,2.82489,1.18533,0.789006,0.988154,0.988339,0.176367,0.0863764,49,bracketed (integer knob): metrics interpolated,-0.0527303,0.0429437,-0.123389,-0.00823339,False,4.59931,4.59167,8.39198,0.828576,3.01499,1.13394,4.30545,1.26934,4.15551,2.05334,0,0.840883,1.56572,1.52638,0.602184,1.1092,1.62951,1.65752,0.941659,800,0,0,0,0.000597656,0,0.000544922,24.1379,54.7167,36.6209,4.22465,8,2.87748,,37.5918,18.7959,0.602184,1.12253,0.572573,1.18708,1.78656,1.76993,0.484778,4.48091,1.22797,4.18736,1280
ae3_warm_s-1_uw,ae3,warm,-1,uw,M2h,,processed,T2,102400,92111,0.719617,False,0.85087,0.909115,0.44216,0.677827,2.2213,0.911667,0.625955,0.990441,0.989845,0.223967,0.0895876,56,bracketed (integer knob): metrics interpolated,-0.046989,0.0566642,-0.102057,-0.0067461,False,3.33,3.65945,6.24342,0.64668,2.53626,0.961305,3.46976,0.962553,3.64472,1.65461,0,0.835054,1.61209,1.57238,0.613537,1.05647,1.5394,1.58396,0.85087,800,0,0,0,0.000597656,0,0.000544922,19.8951,31.2868,38.6209,3.52882,8,2.35273,,22.234,11.117,0.613537,1.72932,0.448861,1.09176,1.58909,1.56671,0.443549,5.07228,1.05036,2.95399,1280
ae3_warm_s-1_uw,ae3,warm,-1,uw,M2h,,processed,T2,102400,108384,0.84675,False,0.829985,0.811616,0.40358,0.626666,2.06051,0.839478,0.57525,0.991103,0.990514,0.233071,0.0972862,57,bracketed (integer knob): metrics interpolated,-0.0394234,0.0639968,-0.100813,-0.00662948,False,3.23071,3.1991,5.54505,0.597468,2.31499,0.891459,3.28821,0.911057,3.35759,1.57496,0,0.816627,1.5617,1.51927,0.600319,1.01392,1.55527,1.61499,0.829985,800,0,0,0,0.000597656,0,0.000544922,20.379,52.8952,38.6209,4.08772,8,1.76087,,18.8958,9.44789,0.600319,1.2214,0.308931,1.06626,1.54845,1.52336,0.427479,2.56788,0.819636,1.98597,1280
ae3_warm_s-1_uw,ae3,warm,-1,uw,M2h,,processed,T3,204800,191742,1.49798,False,0.600613,0.689597,0.327294,0.498124,1.73497,0.666582,0.498349,0.9932,0.993058,0.292138,0.101397,66,bracketed (integer knob): metrics interpolated,-0.0406479,0.057334,-0.0788846,-0.00324533,False,2.78471,2.7765,4.78536,0.492165,2.01399,0.729616,2.78011,0.765759,2.69447,1.25182,0,0.816666,1.59729,1.55857,0.631587,0.932863,1.54948,1.57148,0.600613,800,0,0,0,0.000597656,0,0.000544922,19.7206,32.1215,29.0663,3.32848,8,1.41099,,10.681,5.34051,0.631587,1.09744,0.316796,0.986342,1.34808,1.32935,0.362748,2.25769,0.720124,1.68464,1280
ae3_warm_s-1_uw,ae3,warm,-1,uw,M2h,,processed,T3,204800,218866,1.70989,False,0.593702,0.67256,0.315876,0.475955,1.66126,0.635748,0.460502,0.993597,0.993579,0.320083,0.110011,67,bracketed (integer knob): metrics interpolated,-0.0398181,0.0544051,-0.073722,-0.00226436,False,2.79358,2.72381,4.63527,0.484959,1.92733,0.69679,2.64263,0.729749,2.58635,1.14376,0,0.816952,1.58685,1.56747,0.628489,0.917907,1.49617,1.50364,0.593702,800,0,0,0,0.000597656,0,0.000544922,19.8723,31.2868,29.0663,3.3863,8,1.32498,,9.35732,4.67866,0.628489,1.00211,0.265035,0.966493,1.30359,1.28516,0.34883,1.97285,0.644118,1.89271,1280
ae3_warm_s-1_uw,ae3,warm,-1,uw,C,C,lossless,lossless,,285409,2.22976,,0,0,0,0,0,0,0,1,1,0.0956063,0.0911798,,,0,0,0,0,True,0,0,0,0,0,0,0,0,0,0,0,0.812758,0.806938,0.814465,0.816597,0,0,0,0,800,,,,,,,0,0,0,0,8,0,True,7.17567,3.58783,0.816597,0,0,0,0,0,0,0,0,0,1280
ae3_warm_s-1_uw,ae3,warm,-1,uw,C-jls,C-jls,lossless,lossless,,248404,1.94066,,0,0,0,0,0,0,0,1,1,0.0139539,0.0144165,,,0,0,0,0,True,0,0,0,0,0,0,0,0,0,0,0,0.812758,0.806938,0.814465,0.816597,0,0,0,0,800,,,,,,,0,0,0,0,8,0,,8.24463,4.12232,0.816597,0,0,0,0,0,0,0,0,0,1280
ae3_warm_s-1_uw,ae3,warm,-1,uw,C-png,C-png,lossless,lossless,,315668,2.46616,,0,0,0,0,0,0,0,1,1,1.3687,0.0112983,,,0,0,0,0,True,0,0,0,0,0,0,0,0,0,0,0,0.812758,0.806938,0.814465,0.816597,0,0,0,0,800,,,,,,,0,0,0,0,8,0,,6.48783,3.24391,0.816597,0,0,0,0,0,0,0,0,0,1280
ae3_warm_s-1_uw,ae3,warm,-1,uw,C2,C2/e3,lossless,lossless,,249183,1.94674,,0,0,0,0,0,0,0,1,1,0.142136,0.136913,,,0,0,0,0,True,0,0,0,0,0,0,0,0,0,0,0,0.812758,0.806938,0.814465,0.816597,0,0,0,0,800,,,,,,,0,0,0,0,8,0,,8.21886,4.10943,0.816597,0,0,0,0,0,0,0,0,0,1280
ae3_warm_s-1_uw,ae3,warm,-1,uw,C2,C2/e7,lossless,lossless,,227266,1.77552,,0,0,0,0,0,0,0,1,1,0.457781,0.16659,,,0,0,0,0,True,0,0,0,0,0,0,0,0,0,0,0,0.812758,0.806938,0.814465,0.816597,0,0,0,0,800,,,,,,,0,0,0,0,8,0,,9.01147,4.50573,0.816597,0,0,0,0,0,0,0,0,0,1280
ae3_warm_s-1_uw,ae3,warm,-1,uw,C2,C2/e7/tiled,lossless,lossless,,222633,1.73932,,0,0,0,0,0,0,0,1,1,0.452906,0.087777,,,0,0,0,0,True,0,0,0,0,0,0,0,0,0,0,0,0.812758,0.806938,0.814465,0.816597,0,0,0,0,800,,,,,,,0,0,0,0,8,0,,9.199,4.5995,0.816597,0,0,0,0,0,0,0,0,0,1280
ae3_warm_s-1_uw,ae3,warm,-1,uw,N,N/b7,near-lossless,near-lossless,,295923,2.3119,,0.240255,1.86932,1.38283,0.966358,2.04049,1.18861,1.35074,0.998748,0.999061,0.0873372,0.0867788,,,0.0341766,0.0215219,0.0190709,0.0577341,False,2.56058,3.33094,4.94632,0.703474,2.13025,0.763188,2.37027,0.724812,2.31966,3.94328,0,0.934148,1.18127,1.17011,0.843281,0.391018,0.918786,0.894709,0.240255,800,,,,,,,0.971232,1.51243,1.67896,0.576663,8,4.65565,,6.92072,3.46036,0.843281,3.60589,1.90807,0.30481,0.569178,0.568673,0.209835,5.73681,2.27682,6.0778,1280
ae3_warm_s-1_uw,ae3,warm,-1,uw,N,N/b8,near-lossless,near-lossless,,406580,3.17641,,0.108514,0.980073,0.793553,0.472588,1.11629,0.63952,0.689968,0.999716,0.999787,0.0859502,0.0909075,,,-0.0116079,-0.00348059,-0.00395145,0.029443,False,1.54475,1.81182,2.72344,0.43931,0.958243,0.465483,1.39917,0.475637,1.40485,1.70522,0,0.852082,0.951598,0.950076,0.83781,0.19257,0.450486,0.433728,0.108514,800,,,,,,,0.470588,0.858824,0.866667,0.270588,8,2.90186,,5.03714,2.51857,0.83781,2.33783,0.717502,0.148449,0.290977,0.291432,0.0941942,4.76788,1.32415,3.02804,1280
ae3_warm_s-1_uw,ae3,warm,-1,uw,N,N/b9,near-lossless,near-lossless,,533946,4.17145,,0.0666264,0.385804,0.264244,0.21358,0.556454,0.271031,0.28124,0.99992,0.999937,0.0907145,0.0950578,,,-0.000122679,0.00338044,0.00408373,-0.000515052,False,0.705623,0.689487,0.896042,0.153145,0.507694,0.171783,0.572891,0.166728,0.581463,0.82755,0,0.824192,0.834983,0.833236,0.833323,0.0931221,0.161804,0.169759,0.0666264,800,,,,,,,0.234677,0.390015,0.398647,0.139736,8,0.854044,,3.83559,1.9178,0.833323,1.35042,0.401812,0.0712745,0.134942,0.135141,0.0495416,1.73259,0.492669,0.958033,1280
ae3_warm_s-1_uw,ae3,warm,-1,uw,N,N/b10,near-lossless,near-lossless,,661101,5.16485,,0.0289017,0.172186,0.129154,0.0953949,0.252337,0.119938,0.111581,0.999981,0.99999,0.0906527,0.0990379,,,-0.00677186,-0.00747742,-0.00758111,-0.00657592,False,0.322463,0.328327,0.511654,0.0850044,0.216177,0.0937089,0.317199,0.0923652,0.314191,0.391591,0,0.81974,0.82156,0.820674,0.809707,0.0436443,0.0948354,0.0943458,0.0289017,800,,,,,,,0.124449,0.19444,0.169672,0.070364,8,0.433934,,3.09786,1.54893,0.809707,0.42429,0.16501,0.0335833,0.0691566,0.0690608,0.0234001,0.821109,0.212791,0.938106,1280
ae3_warm_s-1_uw,ae3,warm,-1,uw,D,D,raw,T1,51200,50673,0.395883,True,1.22225,2.26153,2.18123,1.87729,4.15322,2.45677,1.31608,0.962988,0.949771,0.075781,0.08181,51,,-0.0165061,0.00685971,0.000915643,0.00549287,False,5.59964,7.00659,10.7064,1.75262,3.91277,2.37514,5.34531,2.37618,5.1959,5.52274,0.000121313,1.35912,2.19922,2.14745,0.899196,1.49421,2.21975,2.23226,1.22225,800,,,,,,,40.3294,91.102,79.4667,14.0627,8,3.49392,,40.416,20.208,0.899196,5.59913,1.64714,1.83203,3.37292,3.39367,0.833615,14.523,3.44811,6.54046,1280
ae3_warm_s-1_uw,ae3,warm,-1,uw,D,D,raw,T2,102400,99590,0.778047,True,1.02724,1.13121,0.934802,0.832857,1.9659,1.11758,0.750969,0.980753,0.983234,0.0797665,0.0859027,82,,-0.0153675,0.00610607,0.00756244,0.0227288,False,2.60788,3.32472,5.83284,0.702982,1.85973,0.92544,2.55119,0.94587,2.48799,2.94615,2.69585e-05,1.01599,1.41372,1.45086,0.879048,1.06923,1.51839,1.5374,1.02724,800,,,,,,,22.251,32.9843,36.251,9.01569,8,2.75402,,20.5643,10.2822,0.879048,2.65105,0.661222,1.14831,1.99435,1.96541,0.636086,6.36096,1.62493,4.02799,1280
ae3_warm_s-1_uw,ae3,warm,-1,uw,D,D,raw,T3,204800,202639,1.58312,True,0.842743,1.04186,0.770713,0.533801,1.22956,0.706879,0.721095,0.991373,0.994589,0.0812621,0.0875431,94,,-0.0139726,-0.000402901,-0.00293377,0.0262901,False,1.65575,2.13847,3.0524,0.463271,1.14918,0.557444,1.54499,0.556105,1.55603,1.83443,0,0.985757,1.19492,1.18729,0.926964,0.876403,1.06466,1.0217,0.842743,800,,,,,,,6.86275,12.9843,14.4353,4.32941,8,2.99818,,10.1066,5.05332,0.926964,1.91554,0.635375,0.663549,1.04501,1.03984,0.466032,4.64569,1.4359,3.08229,1280
ae3_warm_s-1_uw,ae3,warm,-1,uw,D2,D2/modular,raw,T1,51200,50743,0.39643,True,1.01495,1.22614,0.523015,0.455062,1.98687,0.595565,0.653813,0.975161,0.975926,0.456308,0.150403,3.2042,,-0.00788189,0.0020054,-0.000909766,-0.0144023,False,4.3125,3.22238,5.90787,0.396376,1.59397,0.513478,1.88628,0.50104,1.72479,1.89449,0.000372926,0.783767,1.12067,1.07448,0.722937,1.05332,1.31034,1.23552,1.01495,800,,,,,,,16.7606,32.9565,41.4,10.0314,8,2.02636,,40.3602,20.1801,0.722937,2.69538,0.519636,1.2276,2.2276,2.2553,0.711466,9.64328,1.86515,5.77296,1280
ae3_warm_s-1_uw,ae3,warm,-1,uw,D2,D2/modular,raw,T2,102400,102252,0.798844,True,0.923958,0.572998,0.215189,0.201251,0.724727,0.259237,0.297569,0.988735,0.992393,0.469447,0.145475,1.1912,,-0.0010091,-0.0024206,-0.00256727,-5.8709e-05,False,1.5706,1.20397,2.39204,0.165988,0.564401,0.218045,0.726722,0.217022,0.734424,0.796218,0,0.822734,0.935248,0.97917,0.808313,0.915143,1.05138,1.06989,0.923958,800,,,,,,,9.13539,22.8456,15.8913,4.59571,8,1.24874,,20.0289,10.0145,0.808313,0.931686,0.240769,0.732606,1.19735,1.19664,0.51245,3.52135,0.802348,2.62632,1280
ae3_warm_s-1_uw,ae3,warm,-1,uw,D2,D2/modular,raw,T3,204800,201046,1.57067,True,0.447701,0.277655,0.142521,0.122305,0.350198,0.162791,0.141888,0.996121,0.99713,0.4948,0.149909,0.4762,,0.00269467,0.000281678,0.000267503,0.00372805,False,0.659833,0.517691,0.931659,0.102889,0.30128,0.131827,0.402397,0.134181,0.400768,0.432004,0,0.923967,0.889618,0.938518,0.963086,0.680007,0.800668,0.824219,0.447701,800,,,,,,,3.83044,12.8261,9.32802,2.49012,8,0.434781,,10.1867,5.09336,0.963086,1.05399,0.203168,0.467691,0.710965,0.711083,0.333674,2.00861,0.443275,1.50439,1280
ae3_warm_s-1_uw,ae3,warm,-1,uw,D,D/red+1.5,raw,T1,51200,51018,0.398578,True,1.15931,1.91991,1.45982,1.89248,4.58876,2.69532,1.3726,0.961262,0.938525,0.0757648,0.0794881,"{""R"": 70, ""GB"": 43}",R share 0.27 (eq 0.18),-0.0152574,0.0244598,0.0368241,0.0300114,False,6.22561,8.64412,12.652,2.15118,4.99922,2.85325,6.48615,2.83036,6.52629,4.25343,5.84102e-05,1.32099,2.54929,2.47391,0.934148,1.4956,2.54036,2.58465,1.15931,800,,,,,,,39.6667,98.1412,84.702,11.0157,8,4.3894,,40.1427,20.0713,0.934148,3.98623,0.84694,1.96912,3.65004,3.68519,0.728725,10.4652,2.24677,6.637,1280
ae3_warm_s-1_uw,ae3,warm,-1,uw,D,D/red+1.5,raw,T2,102400,100932,0.788531,True,0.949712,1.18291,0.74382,0.820766,2.00767,1.12042,0.841223,0.981094,0.981282,0.0755194,0.0820846,"{""R"": 89, ""GB"": 78}",R share 0.30 (eq 0.20),-0.0127337,0.00778721,0.00688812,0.0242647,False,2.94807,3.46228,5.5137,0.785578,2.06114,1.07525,2.80515,1.06189,2.78029,2.25125,0,1.02355,1.52812,1.62065,0.894749,1.13098,1.55925,1.61644,0.949712,800,,,,,,,24.3294,39.9176,42.6314,6.70196,8,3.04804,,20.2909,10.1454,0.894749,1.88598,0.928537,1.26547,2.24305,2.19125,0.555127,5.91763,1.62814,3.28188,1280
ae3_warm_s-1_uw,ae3,warm,-1,uw,D,D/red+1.5,raw,T3,204800,204140,1.59484,True,0.619399,1.12124,0.768299,0.563026,1.34167,0.754798,0.780421,0.992867,0.993904,0.0779613,0.0833108,"{""R"": 97, ""GB"": 92}",R share 0.38 (eq 0.24),-0.014156,-0.00144447,0.0023504,0.0289671,False,1.82106,2.18799,3.38241,0.467089,1.27197,0.632328,1.77599,0.601119,1.73253,1.71614,0,0.974752,1.22231,1.20559,0.967287,0.937598,1.1438,1.12831,0.619399,800,,,,,,,9.03529,20.0824,20.3176,2.76863,8,4.07781,,10.0323,5.01617,0.967287,2.64601,0.788763,0.767332,1.23577,1.23136,0.357854,5.51069,1.50733,4.27928,1280
ae3_warm_s-1_uw,ae3,warm,-1,uw,D,D/red+2,raw,T1,51200,50161,0.391883,True,1.07188,2.54566,1.05967,2.06562,5.31124,2.96036,1.78107,0.959021,0.92982,0.0781343,0.0865653,"{""R"": 79, ""GB"": 34}",R share 0.36 (eq 0.18),-0.0326009,-0.00492288,-0.0214665,0.0198552,False,7.0413,9.48939,14.3977,2.55346,5.769,3.58907,7.69785,3.50932,7.48956,3.34895,4.9424e-05,1.46813,2.75969,2.74737,0.888947,1.62725,2.81842,2.78862,1.07188,800,,,,,,,48.2353,89.6706,91.702,9.36863,8,4.74654,,40.8285,20.4143,0.888947,3.04152,0.578431,2.17243,4.03719,4.06851,0.664287,8.84117,2.28742,7.43347,1280
ae3_warm_s-1_uw,ae3,warm,-1,uw,D,D/red+2,raw,T2,102400,102959,0.804367,True,0.882569,1.1894,0.764409,0.950756,2.48841,1.32874,0.819454,0.981111,0.978209,0.0792678,0.0823888,"{""R"": 93, ""GB"": 72}",R share 0.42 (eq 0.20),-0.00575982,0.0109743,0.0118222,0.0254618,False,3.6825,4.15692,6.40845,1.05346,2.58847,1.38525,3.56146,1.33413,3.42074,1.85279,0,1.08184,1.63139,1.71701,0.932362,1.21256,1.71717,1.82058,0.882569,800,,,,,,,28.3294,50.4078,60.2,5.47451,8,2.42845,,19.8914,9.94571,0.932362,1.76597,0.575408,1.41814,2.56825,2.50819,0.487935,4.42574,1.49365,2.56427,1280
ae3_warm_s-1_uw,ae3,warm,-1,uw,D,D/red+2,raw,T3,204800,194640,1.52062,True,0.471226,1.04826,0.746668,0.588448,1.3947,0.813199,0.744522,0.992098,0.992441,0.0803666,0.0823215,"{""R"": 98, ""GB"": 88}",R share 0.47 (eq 0.24),-0.0138606,0.00136355,0.00471185,0.0294143,False,1.88825,2.4342,3.8283,0.528183,1.46296,0.730617,1.99509,0.696531,1.98749,1.70658,0,1.03116,1.34354,1.32605,0.938877,1.01517,1.34994,1.26546,0.471226,800,,,,,,,14.8078,25.5647,28.0824,1.89804,8,2.58965,,10.522,5.26099,0.938877,2.37393,0.757112,0.931622,1.56302,1.56092,0.290732,5.0984,1.37546,2.65951,1280
ae3_warm_s-1_uw,ae3,warm,-1,uw,D,D/3pl,raw,T1,51200,50821,0.397039,True,1.15931,1.56323,1.45982,1.34214,3.23477,1.75246,0.980618,0.967509,0.961225,0.0552416,0.0635954,70,,-0.000296472,0.306746,0.17157,0.0300114,False,4.52788,5.56765,8.51783,1.10561,2.88316,2.83043,13.8299,2.54869,13.4303,4.25343,5.84102e-05,1.1007,1.83617,1.71899,0.934148,1.21137,1.87394,1.8141,1.15931,800,,,,,,,30.3373,92.5255,79.4667,11.0157,8,2.81664,,40.2983,20.1492,0.934148,3.98623,0.84694,1.45731,4.3004,4.25535,0.728725,11.4076,1.96842,8.23176,1280
ae3_warm_s-1_uw,ae3,warm,-1,uw,D,D/3pl,raw,T2,102400,100894,0.788234,True,0.949712,1.1686,0.74382,0.716545,1.71573,0.988016,0.773814,0.979586,0.979675,0.054184,0.061288,89,,-0.0142308,0.28286,0.147637,0.0242647,False,2.28357,3.05028,4.84966,0.524836,1.45673,2.20207,13.2982,1.76157,12.7194,2.25125,0,1.01277,1.47896,1.32764,0.894749,0.974017,1.49339,1.36959,0.949712,800,,,,,,,14.8078,71.298,78.6706,6.70196,8,2.36428,,20.2985,10.1493,0.894749,1.88598,0.928537,0.895755,3.82961,3.82228,0.555127,4.80938,1.42549,3.63769,1280
ae3_warm_s-1_uw,ae3,warm,-1,uw,D,D/3pl,raw,T3,204800,194487,1.51943,False,0.730616,1.12536,0.753048,0.54992,1.28845,0.782801,0.712638,0.986694,0.985694,0.0607186,0.0667351,96,bracketed (integer knob): metrics interpolated,-0.0128841,0.28058,0.14542,0.0283665,False,1.71437,2.34699,3.32529,0.444743,1.03297,2.08917,13.2695,1.602,12.8776,1.70793,0,0.971513,1.22558,1.16041,0.951887,0.801552,1.1958,1.12217,0.730616,800,,,,,,,5.31765,68.1922,70.8078,2.92549,8,2.29909,,10.5303,5.26513,0.951887,2.64097,0.760979,0.551928,3.65712,3.65384,0.402694,4.80049,1.34718,2.6301,1280
ae3_warm_s-1_uw,ae3,warm,-1,uw,D,D/3pl,raw,T3,204800,224467,1.75365,False,0.619399,1.07711,0.768299,0.556488,1.28272,0.791015,0.710508,0.988007,0.986482,0.0612237,0.0693871,97,bracketed (integer knob): metrics interpolated,-0.0126092,0.280693,0.145519,0.0289671,False,1.69496,2.31036,3.309,0.447412,1.04493,2.08603,13.3184,1.58646,12.9298,1.71614,0,0.958441,1.22978,1.14086,0.967287,0.735555,1.14175,1.08568,0.619399,800,,,,,,,3.76471,69.8078,69.2588,2.76863,8,2.37122,,9.12384,4.56192,0.967287,2.64601,0.788763,0.485687,3.64531,3.62837,0.357854,4.42247,1.27474,2.74444,1280
ae3_warm_s-1_uw,ae3,warm,-1,uw,D,D/tiled,raw,T1,51200,50271,0.392742,True,1.22225,2.26153,2.18123,1.87729,4.15322,2.45677,1.31608,0.962988,0.949771,0.021768,0.0253638,51,,-0.0165061,0.00685971,0.000915643,0.00549287,False,5.59964,7.00659,10.7064,1.75262,3.91277,2.37514,5.34531,2.37618,5.1959,5.52274,0.000121313,1.35912,2.19922,2.14745,0.899196,1.49421,2.21975,2.23226,1.22225,800,,,,,,,40.3294,91.102,79.4667,14.0627,8,3.49392,,40.7392,20.3696,0.899196,5.59913,1.64714,1.83203,3.37292,3.39367,0.833615,14.523,3.44811,6.54046,1280
ae3_warm_s-1_uw,ae3,warm,-1,uw,D,D/tiled,raw,T2,102400,99341,0.776102,True,1.02724,1.13121,0.934802,0.832857,1.9659,1.11758,0.750969,0.980753,0.983234,0.0236501,0.0287288,82,,-0.0153675,0.00610607,0.00756244,0.0227288,False,2.60788,3.32472,5.83284,0.702982,1.85973,0.92544,2.55119,0.94587,2.48799,2.94615,2.69585e-05,1.01599,1.41372,1.45086,0.879048,1.06923,1.51839,1.5374,1.02724,800,,,,,,,22.251,32.9843,36.251,9.01569,8,2.75402,,20.6159,10.3079,0.879048,2.65105,0.661222,1.14831,1.99435,1.96541,0.636086,6.36096,1.62493,4.02799,1280
ae3_warm_s-1_uw,ae3,warm,-1,uw,D,D/tiled,raw,T3,204800,202544,1.58238,True,0.842743,1.04186,0.770713,0.533801,1.22956,0.706879,0.721095,0.991373,0.994589,0.0239254,0.0251293,94,,-0.0139726,-0.000402901,-0.00293377,0.0262901,False,1.65575,2.13847,3.0524,0.463271,1.14918,0.557444,1.54499,0.556105,1.55603,1.83443,0,0.985757,1.19492,1.18729,0.926964,0.876403,1.06466,1.0217,0.842743,800,,,,,,,6.86275,12.9843,14.4353,4.32941,8,2.99818,,10.1114,5.05569,0.926964,1.91554,0.635375,0.663549,1.04501,1.03984,0.466032,4.64569,1.4359,3.08229,1280
ae3_warm_s-1_uw,ae3,warm,-1,uw,D2,D2/modular/red+1.5,raw,T1,51200,51405,0.401602,True,1.02683,2.00265,0.384564,0.472608,2.49467,0.646419,0.992788,0.975839,0.969281,0.448147,0.135147,"{""R"": 2.1592, ""GB"": 3.9799}",R share 0.31 (eq 0.20),-0.0056679,0.00055805,0.00220617,0.00439045,False,4.67745,3.95118,9.17037,0.485044,1.88552,0.673557,2.46704,0.658881,2.21481,1.94214,8.08756e-05,0.797553,1.16321,1.11846,0.701542,1.08347,1.32133,1.3092,1.02683,800,,,,,,,25.4055,43.2633,45.4584,7.61657,8,4.3617,,39.8405,19.9202,0.701542,2.01644,0.422705,1.40094,2.64274,2.62289,0.628954,28.2713,3.36881,18.6512,1280
ae3_warm_s-1_uw,ae3,warm,-1,uw,D2,D2/modular/red+1.5,raw,T2,102400,104458,0.816078,True,0.78619,0.615462,0.195583,0.227565,0.935786,0.31658,0.31101,0.989526,0.992146,0.440385,0.144099,"{""R"": 0.7358, ""GB"": 1.5281}",R share 0.37 (eq 0.24),0.00261831,-0.00302868,-0.00141554,0.00118328,False,3.52957,1.6273,3.38033,0.222552,0.899689,0.279622,0.952536,0.290299,0.926836,0.683561,0,0.806805,1.01235,1.00432,0.893581,0.965941,1.14748,1.12739,0.78619,800,,,,,,,9.80495,24.7133,19.696,3.32119,8,1.08321,,19.606,9.80298,0.893581,0.95676,0.109135,0.821103,1.39347,1.3853,0.432603,5.71759,0.91519,4.42993,1280
ae3_warm_s-1_uw,ae3,warm,-1,uw,D2,D2/modular/red+1.5,raw,T3,204800,205114,1.60245,True,0.201212,0.23518,0.0918858,0.11504,0.362935,0.159822,0.168593,0.996909,0.997521,0.490493,0.145052,"{""R"": 0.2126, ""GB"": 0.639}",R share 0.43 (eq 0.28),0.00120383,-0.00123109,-0.000929799,0.00215058,False,0.807335,0.561874,0.942426,0.121633,0.362924,0.151241,0.450961,0.154507,0.442304,0.295259,0,0.882668,0.908471,0.926951,0.851684,0.778516,0.881146,0.899961,0.201212,800,,,,,,,4.77413,11.214,10.4948,1.48485,8,0.552014,,9.98469,4.99235,0.851684,0.368525,0.0510591,0.55083,0.842773,0.840014,0.136852,0.694568,0.197244,0.943065,1280
ae3_warm_s-1_uw,ae3,warm,-1,uw,D2,D2/modular/red+2,raw,T1,51200,51198,0.399984,True,0.949861,1.15241,0.290858,0.52916,2.38595,0.7434,0.689767,0.975115,0.960932,0.442112,0.139716,"{""R"": 1.5166, ""GB"": 4.9998}",R share 0.39 (eq 0.20),-0.0161176,-0.00432193,-0.00739532,0.000866067,False,5.35576,3.87761,6.5296,0.601274,2.32125,0.8091,2.82219,0.777104,2.6646,1.16848,0,0.835834,1.27501,1.15422,0.780508,1.09856,1.4297,1.38686,0.949861,800,,,,,,,27.8679,53.5829,50.8292,4.78181,8,1.84092,,40.0016,20.0008,0.780508,1.19929,0.23745,1.60373,3.10476,3.09047,0.553599,12.5576,1.63655,9.02204,1280
ae3_warm_s-1_uw,ae3,warm,-1,uw,D2,D2/modular/red+2,raw,T2,102400,102233,0.798695,True,0.621773,0.57511,0.16649,0.257219,1.10192,0.362589,0.399504,0.989045,0.989457,0.447734,0.140104,"{""R"": 0.5627, ""GB"": 2.1973}",R share 0.50 (eq 0.24),-0.00775695,-0.00481423,-0.0022404,0.00461533,False,3.2684,1.74472,3.41786,0.290312,1.13528,0.380578,1.30202,0.359363,1.23754,0.459204,0,0.768316,1.05954,0.956425,0.974443,0.985618,1.20574,1.17478,0.621773,800,,,,,,,13.1726,27.9036,25.61,3.13269,8,1.36543,,20.0327,10.0163,0.974443,1.08445,0.157514,0.995627,1.72653,1.74741,0.37759,2.01743,0.521479,2.32673,1280
ae3_warm_s-1_uw,ae3,warm,-1,uw,D2,D2/modular/red+2,raw,T3,204800,205036,1.60184,True,0.0821974,0.235575,0.0646138,0.122263,0.431146,0.169167,0.163909,0.995947,0.996676,0.485721,0.143626,"{""R"": 0.0822, ""GB"": 0.9334}",R share 0.56 (eq 0.28),-0.00246091,-0.00410662,-0.00478449,0.00142424,False,0.998036,0.675574,1.14505,0.138969,0.467635,0.188706,0.617705,0.179934,0.618677,0.212268,0,0.801556,0.92818,0.90889,0.834694,0.864568,1.01817,0.976024,0.0821974,800,,,,,,,9.42371,15.1833,13.2116,0.451701,8,0.507805,,9.98849,4.99424,0.834694,0.234172,0.0448181,0.65526,1.04758,1.0345,0.0572819,0.783021,0.179848,1.04426,1280
ae3_warm_s-1_uw,ae3,warm,-1,uw,D2,D2/modular/3pl,raw,T1,51200,51920,0.405625,True,1.02213,1.82062,0.384927,0.628279,2.3513,0.764471,0.830041,0.975288,0.975875,0.32867,0.103229,2.1531,,0.00840949,0.281746,0.146352,0.00448409,False,7.38043,3.67512,9.16032,0.288557,1.48581,1.93286,13.4525,1.41228,12.9557,1.93437,8.98618e-05,0.767799,1.12518,1.04152,0.702947,0.986606,1.27957,1.25593,1.02213,800,,,,,,,13.7248,80.8982,66.8758,7.49599,8,4.03409,,39.4453,19.7227,0.702947,1.9427,0.411089,0.987695,3.95139,3.93056,0.627255,27.1919,3.29731,18.507,1280
ae3_warm_s-1_uw,ae3,warm,-1,uw,D2,D2/modular/3pl,raw,T2,102400,99753,0.77932,True,0.849153,0.751348,0.184663,0.505539,1.07841,0.614743,0.414167,0.984078,0.984182,0.339057,0.107029,0.8437,,-0.00104231,0.279658,0.144431,0.000598377,False,2.00795,1.55454,2.42618,0.13926,0.468091,1.89655,13.2941,1.32812,12.8424,0.663188,0,0.849015,1.07628,0.950015,0.890406,0.848496,1.11775,1.0625,0.849153,800,,,,,,,8.68617,79.1004,66.1651,3.83566,8,1.12451,,20.5307,10.2654,0.890406,0.797384,0.200048,0.626732,3.69714,3.6875,0.456103,3.49427,0.805981,3.23463,1280
ae3_warm_s-1_uw,ae3,warm,-1,uw,D2,D2/modular/3pl,raw,T3,204800,205439,1.60499,True,0.217311,0.575031,0.117732,0.450793,0.842014,0.560076,0.361252,0.990334,0.987634,0.37827,0.112147,0.3004,,0.00342362,0.282008,0.146784,0.00425646,False,1.09283,1.17624,1.63782,0.0801981,0.246615,1.87907,13.1533,1.32039,12.7723,0.382389,0,0.951075,1.08086,0.989933,0.928048,0.393476,1.05397,0.891305,0.217311,800,,,,,,,2.54117,73.1789,69.2626,1.97361,8,0.899274,,9.9689,4.98445,0.928048,0.309302,0.0841742,0.335797,3.61813,3.60111,0.229936,2.38371,0.430343,1.67988,1280
ae3_warm_s-1_uw,ae3,warm,-1,uw,D2,D2/modular/tiled,raw,T1,51200,51479,0.40218,True,1.01177,1.17713,0.509069,0.452163,1.7569,0.593685,0.606379,0.975678,0.976785,0.383581,0.072752,3.0721,,-0.0046987,0.0011707,-0.00279795,-0.0119014,False,3.89445,3.0581,5.82903,0.394083,1.45614,0.510574,1.86735,0.498762,1.66378,1.91766,0.000260599,0.789676,1.06188,1.08967,0.720313,1.03907,1.30012,1.23989,1.01177,800,,,,,,,17.9778,33.1471,32.3822,9.61657,8,2.05666,,39.7832,19.8916,0.720313,2.53507,0.486224,1.20202,2.16616,2.19871,0.704044,9.6854,1.84358,6.31957,1280
ae3_warm_s-1_uw,ae3,warm,-1,uw,D2,D2/modular/tiled,raw,T2,102400,102303,0.799242,True,0.909967,0.50836,0.211453,0.197417,0.667354,0.255541,0.272564,0.988865,0.992595,0.371212,0.0697142,1.1656,,-0.000743403,-0.00275883,-0.00230925,6.49686e-05,False,1.32954,1.0753,2.03928,0.1626,0.550091,0.211463,0.720617,0.216753,0.727161,0.791619,0,0.837122,0.960289,0.962729,0.815524,0.911673,1.04611,1.05289,0.909967,800,,,,,,,9.41897,23.6329,17.0451,4.54298,8,1.14669,,20.019,10.0095,0.815524,0.94427,0.170225,0.726607,1.18102,1.1841,0.509118,2.70686,0.717711,1.99873,1280
ae3_warm_s-1_uw,ae3,warm,-1,uw,D2,D2/modular/tiled,raw,T3,204800,200449,1.56601,True,0.452743,0.267841,0.147196,0.122686,0.345507,0.163495,0.136049,0.996036,0.997106,0.438821,0.0736382,0.4808,,0.00269236,0.000274033,0.000604636,0.00392196,False,0.580741,0.521543,0.882925,0.102,0.30404,0.131078,0.398319,0.133556,0.401891,0.420988,0,0.930204,0.88988,0.917338,0.967646,0.682177,0.814931,0.825925,0.452743,800,,,,,,,3.81416,12.8261,9.32802,2.43714,8,0.423563,,10.2171,5.10853,0.967646,1.10458,0.204908,0.471261,0.716547,0.713726,0.336775,1.71269,0.420966,1.27624,1280
ae3_warm_s-1_uw,ae3,warm,-1,uw,D-j,D-j,raw,T1,51200,51159,0.39968,True,1.10306,1.81697,2.10767,1.78199,4.4687,2.39762,0.997463,0.964745,0.953716,0.0845362,0.0831094,55,,-0.0800945,-0.0402607,-0.0472753,-0.0188721,False,6.52055,7.91862,11.6539,1.68376,4.4301,2.20914,5.50023,2.16874,5.29706,5.73033,9.8848e-05,1.0666,1.80073,1.87495,0.789221,1.31509,1.92905,2.0288,1.10306,800,,,,,,,42.2706,100.902,87.749,9.43137,8,3.27713,,40.0321,20.016,0.789221,5.04514,1.12825,1.71566,3.26673,3.27612,0.798975,12.5401,2.85243,8.08644,1280
ae3_warm_s-1_uw,ae3,warm,-1,uw,D-j,D-j,raw,T2,102400,101092,0.789781,True,0.996814,1.35159,0.884976,0.759769,2.31451,1.02376,0.747113,0.98151,0.981486,0.0853508,0.0944448,84,,-0.0465973,-0.0280255,-0.0260969,0.0024305,False,4.36364,4.09176,6.78641,0.682451,2.01271,0.858386,2.40308,0.839781,2.34823,2.90182,1.79724e-05,0.852779,1.28294,1.31149,0.743551,0.991292,1.37065,1.3209,0.996814,800,,,,,,,27.9961,57.8,46.5255,7.96471,8,2.39327,,20.2588,10.1294,0.743551,2.09489,0.591848,1.09088,1.94133,1.9198,0.602417,12.8378,2.06369,7.32373,1280
ae3_warm_s-1_uw,ae3,warm,-1,uw,D-j,D-j,raw,T3,204800,207986,1.62489,True,0.782554,1.06468,0.698666,0.527893,1.31833,0.717609,0.66442,0.992184,0.994559,0.0913299,0.0910937,95,,-0.0276892,-0.00999239,-0.0117354,0.0155946,False,2.05908,2.32984,3.50159,0.488864,1.18538,0.553131,1.56419,0.545345,1.56045,1.79971,0,0.848849,1.05544,1.0734,0.77488,0.808919,0.962266,0.959858,0.782554,800,,,,,,,12.4667,27.7294,17.7843,3.80784,8,2.2856,,9.84682,4.92341,0.77488,2.21606,0.734561,0.625298,0.987446,0.982877,0.432599,6.00909,1.54289,4.12921,1280
ae3_warm_s-1_uw,ae3,warm,-1,uw,L,L,raw,T1,51200,50499,0.394523,True,0.832452,0.907528,0.377804,0.624635,1.7537,0.898928,0.677116,0.98029,0.98157,0.130538,0.0380204,0.6064,,-0.00815702,0.0585281,-0.0766806,-0.00660587,False,2.69869,2.96915,4.76782,0.640512,1.94805,1.42566,13.3229,1.43837,12.5074,1.14129,4.49309e-06,0.951741,1.78875,1.77031,0.647577,1.17457,1.83057,1.83318,0.832452,800,,,,,,,18.7595,71.4041,69.467,3.92396,8,2.77095,,40.5553,20.2776,0.647577,1.23259,0.330811,1.12093,3.75082,3.74897,0.46442,3.44731,0.762352,3.99889,1280
ae3_warm_s-1_uw,ae3,warm,-1,uw,L,L,raw,T2,102400,104649,0.81757,True,0.576036,0.493456,0.244019,0.399295,1.09929,0.575874,0.363634,0.98607,0.985175,0.148903,0.0404178,0.3069,,-0.00529247,0.0595658,-0.0756261,-0.00552069,False,1.59743,1.82021,2.89809,0.393925,1.14848,1.19846,13.2084,1.2428,12.7021,0.695869,0,0.855358,1.55795,1.55752,0.712411,1.01705,1.53233,1.5313,0.576036,800,,,,,,,18.9274,73.2749,68.4431,3.94187,8,1.16911,,19.5702,9.78509,0.712411,0.732928,0.222577,0.84732,3.68001,3.67447,0.348523,1.4664,0.428793,1.85265,1280
ae3_warm_s-1_uw,ae3,warm,-1,uw,L,L,raw,T3,204800,200170,1.56383,True,0.25969,0.321696,0.136138,0.224922,0.584645,0.311727,0.228398,0.990835,0.9881,0.168076,0.0410809,0.1409,,-0.00130392,0.0565895,-0.0785927,-0.00427173,False,0.800988,0.927187,1.35973,0.218328,0.595752,1.0384,13.131,1.09803,12.7282,0.38817,0,0.807546,1.08579,1.07437,0.790483,0.80766,0.983845,0.982945,0.25969,800,,,,,,,14.5208,70.783,68.9544,1.98888,8,0.739168,,10.2313,5.11565,0.790483,0.46661,0.133271,0.595628,3.60968,3.6064,0.181228,1.69523,0.31739,0.796012,1280
ae3_warm_s-1_uw,ae3,warm,-1,uw,D-lin,D-lin,raw,T1,51200,50808,0.396937,True,1.43123,7.91548,4.57537,3.3172,11.7551,4.50254,4.30346,0.953354,0.946757,0.0700507,0.0750737,70,,0.110886,0.0300274,0.0208861,0.0882841,False,44.9205,17.5245,77.681,2.7062,9.57436,1.74468,4.8808,1.73554,4.86102,14.3301,0.00106486,1.48515,2.01264,1.80981,1.20963,1.70615,2.13694,1.9311,1.43123,800,,,,,,,36,45,48,12,8,35.7398,,40.3086,20.1543,1.20963,9.09091,3.43625,1.70896,2.42751,2.39015,0.984992,61.6581,9.81358,75.5414,1280
ae3_warm_s-1_uw,ae3,warm,-1,uw,D-lin,D-lin,raw,T2,102400,101446,0.792547,True,1.19605,2.00102,1.56559,1.02379,4.37799,1.32446,1.09339,0.972272,0.971082,0.0740313,0.0680221,90,,0.0028925,-0.00580822,-0.00765615,0.00960929,False,7.95974,5.90526,11.2328,0.752437,2.7469,0.523033,1.45781,0.521127,1.43904,5.34932,0.000534678,1.03885,1.30919,1.29464,0.943929,1.23178,1.29499,1.30885,1.19605,800,,,,,,,15,16,22,8,8,3.4061,,20.1881,10.094,0.943929,5.1458,1.30548,1.04413,1.28967,1.28804,0.71004,20.377,3.35262,11.6707,1280
ae3_warm_s-1_uw,ae3,warm,-1,uw,D-lin,D-lin,raw,T3,204800,203076,1.58653,True,1.03403,0.723008,0.565183,0.403151,1.3467,0.517587,0.38542,0.983407,0.98768,0.0740814,0.0771789,97,,-0.00400802,-0.00548337,-0.00519021,-0.00411771,False,2.49879,1.95163,3.67978,0.297449,0.922951,0.194013,0.633067,0.1914,0.632638,1.67542,8.53687e-05,0.993233,1.02466,1.05626,0.959645,0.924497,0.892232,0.847991,1.03403,800,,,,,,,5,5,5,4,8,1.86837,,10.0849,5.04245,0.959645,2.31405,0.226552,0.637832,0.667463,0.662582,0.533501,11.3623,1.27263,7.47004,1280
ae3_warm_s-1_uw,ae3,warm,-1,uw,D2-lin,D2-lin/modular,raw,T1,51200,51395,0.401523,True,1.36161,1.49236,0.977806,0.689376,2.2988,0.871592,0.838945,0.961013,0.974278,0.427833,0.139134,1.7452,,-0.00147561,0.00179256,-0.000246594,-0.00475963,False,4.01846,3.56917,7.65737,0.502393,1.73646,0.358438,1.18586,0.320832,1.16371,2.90124,0.00153664,1.1202,1.37634,1.34079,1.09373,1.34545,1.48807,1.50937,1.36161,800,,,,,,,15,16,17,11,8,2.41097,,39.8482,19.9241,1.09373,4.96657,0.684411,1.30224,1.5279,1.50836,0.937177,13.8954,2.10663,11.555,1280
ae3_warm_s-1_uw,ae3,warm,-1,uw,D2-lin,D2-lin/modular,raw,T2,102400,104633,0.817445,True,1.28277,0.686516,0.553381,0.373105,1.32427,0.492275,0.408786,0.97219,0.984837,0.441103,0.136632,0.5599,,-0.000951121,-3.91389e-05,-0.00169093,-0.00274383,False,2.38283,2.00631,4.26458,0.281863,0.937023,0.193852,0.646915,0.192778,0.663321,1.63686,0.000584102,1.07892,1.22057,1.25227,1.07939,1.2156,1.2309,1.22141,1.28277,800,,,,,,,7,7,8,5,8,1.34323,,19.5732,9.78659,1.07939,2.51256,0.502344,0.817406,0.877244,0.871857,0.705222,3.7923,0.971062,2.33126,1280
ae3_warm_s-1_uw,ae3,warm,-1,uw,D2-lin,D2-lin/modular,raw,T3,204800,205646,1.60661,True,1.15311,0.740391,0.414434,0.299891,1.08618,0.394114,0.365892,0.980771,0.991186,0.460741,0.145041,0.2055,,0.00185527,-0.00106458,-0.000583214,0.000735864,False,2.22464,1.66771,3.78846,0.202321,0.754688,0.160019,0.514547,0.156013,0.521861,1.35585,0,1.13453,1.1735,1.1556,1.20228,1.05463,1.00169,1.01719,1.15311,800,,,,,,,3,4,3,3,8,1.27164,,9.95886,4.97943,1.20228,2.78373,0.428266,0.597091,0.585867,0.585806,0.571803,10.5831,1.32026,3.86516,1280
imx708_cool_s+0_air,imx708,cool,0,air,M0-r1,repeat,floor,floor,,,,,1.43667,0.10658,0.95339,0.392634,1.03012,0.308005,0.127367,0.987406,0.989519,,,,,0.034844,0.00610952,0.00670605,0.0203295,False,1.48287,0.876447,1.34968,0.947416,2.84797,0.952061,2.93726,0.954006,2.93447,2.82191,0,0.829796,0.82654,0.829525,0.829449,1.43247,1.44266,1.43218,1.43667,2592,,,,,,,162,335,260,319,10,0.425427,,,,0.829449,1.45867,0.137447,2.89691,5.12944,5.11556,3.68368,0.234959,0.0601591,0.309901,4608
imx708_cool_s+0_air,imx708,cool,0,air,M1-q∞,isp-floor,floor,floor,,,,,0.20357,0.0550564,0.185225,0.090534,0.347309,0.072331,0.0628425,0.999636,0.999691,,,,,-0.00728608,0.0341245,0.0343954,-0.0646667,False,0.553382,0.297392,0.476175,0.184962,0.649556,0.252481,0.942829,0.247496,0.94805,0.85632,0,0.855726,0.869799,0.867305,0.850284,0.2156,0.249099,0.248104,0.20357,2592,,,,,,,2.26092,4.13411,4.13411,2.09063,10,0.179778,,,,0.850284,0.681689,0.0476726,0.4343,0.9273,0.927404,0.508966,0.090041,0.0301272,0.172942,4608
imx708_cool_s+0_air,imx708,cool,0,air,M1,,processed,T1,597197,583703,0.390962,True,1.17664,0.401681,1.35556,0.765106,2.17141,0.598775,0.466086,0.990982,0.989497,0.0816678,1.03144,79,,0.12662,0.169208,-0.167794,0.0540602,False,2.72108,1.76121,2.21661,1.70936,4.97206,1.76575,5.27382,1.75074,5.34428,3.9062,0,1.13014,1.04685,1.02075,1.01645,1.32543,1.20199,1.19976,1.17664,2592,0,0,0,0.0434019,0,0.0517316,171.513,275.65,244.488,153.105,10,1.37685,,40.9247,25.5779,1.01645,1.67259,0.546925,3.74181,5.87927,5.71554,3.65972,0.44669,0.200573,0.961936,4608
imx708_cool_s+0_air,imx708,cool,0,air,M1,,processed,T2,1.19439e+06,1156944,0.774916,True,1.03862,0.190573,0.706199,0.411215,1.24167,0.323593,0.223152,0.994409,0.993258,0.0769909,0.962433,91,,0.025935,0.201624,-0.102421,-0.020584,False,1.75643,1.02134,1.46361,0.914345,3.10474,1.03804,3.44181,1.00286,3.39077,2.55353,0,1.06791,0.959944,0.944587,0.965938,1.20867,1.01624,1.0223,1.03862,2592,0,0,0,0.0434019,0,0.0517316,151.565,226.283,228.344,130.325,10,0.762694,,20.6474,12.9046,0.965938,1.29025,0.198487,3.51247,4.75499,4.68289,3.22155,0.436825,0.0982947,0.869567,4608
imx708_cool_s+0_air,imx708,cool,0,air,M1,,processed,T3,2.38879e+06,2399413,1.60712,True,0.898389,0.145071,0.491597,0.266279,0.731315,0.211321,0.194719,0.996559,0.996162,0.126049,1.25985,97,,-0.00187961,0.224951,-0.0453896,-0.0725156,False,1.04153,0.597068,0.855937,0.617705,1.82903,0.734619,2.29115,0.712328,2.21335,1.50334,0,1.01413,0.879681,0.886187,0.915161,1.05718,0.832686,0.842706,0.898389,2592,0,0,0,0.0434019,0,0.0517316,145.198,167.619,155.948,108.558,10,0.746253,,9.95572,6.22232,0.915161,0.788203,0.146403,3.30786,3.71972,3.63056,2.89844,0.229597,0.0744602,0.48387,4608
imx708_cool_s+0_air,imx708,cool,0,air,M1,,processed,50kB,50000,73290,0.0490893,False,18.3384,17.9289,53.0367,13.7977,20.2236,11.1055,19.1316,0.850848,0.789496,0.0567982,1.12194,1,target below the codec's smallest output,36.287,29.7444,29.507,-0.0554742,False,24.481,21.3099,23.8636,94.4525,327.285,118.567,365.773,118.144,360.493,142.369,2.67918e-06,21.3926,29.1061,28.7805,18.3735,21.4512,29.1641,28.8529,18.3384,2592,0,0,0,0.0434019,0,0.0517316,435.932,756,788,385.345,10,29.5129,,325.936,203.71,18.3735,201.218,42.8223,61.5903,87.098,86.9251,42.823,22.0304,12.6665,32.7891,4608
imx708_cool_s+0_air,imx708,cool,0,air,M1-fix,,processed,T1,597197,568132,0.380533,True,1.26712,0.143821,1.13872,0.384759,0.892226,0.297055,0.154525,0.990348,0.989813,0.0640103,1.29802,76,,0.0380132,0.104016,-0.15843,-0.0753132,False,1.15997,0.724806,0.966599,0.941309,2.70963,1.03283,3.13755,1.03738,3.14467,3.12381,0,1.10958,1.02183,1.02645,1.04876,1.35258,1.15702,1.12359,1.26712,2592,0.000774535,7.5352e-07,2.84663e-06,0.0436094,0.00170321,0.0533978,193.416,236.122,260.701,218.23,10,1.39571,,42.0463,26.279,1.04876,4.80787,0.17538,3.71713,5.22377,5.13343,3.95835,0.716752,0.0804043,1.14459,4608
imx708_cool_s+0_air,imx708,cool,0,air,M1-fix,,processed,T2,1.19439e+06,1227837,0.8224,True,1.16229,0.123962,0.616668,0.208725,0.618501,0.162253,0.139669,0.994454,0.994052,0.0855119,1.08298,90,,0.0557981,0.0666819,-0.148754,-0.0338798,False,0.946504,0.483381,0.732543,0.484595,1.63809,0.592833,2.05349,0.592998,2.04389,2.22879,0,1.1044,0.953239,0.934936,1.05586,1.25774,0.893951,0.896572,1.16229,2592,0.000774535,7.5352e-07,2.84663e-06,0.0436094,0.00170321,0.0533978,194.443,194.783,229.94,179.769,10,1.41092,,19.4552,12.1595,1.05586,4.85905,0.155093,3.74512,3.91481,3.90022,3.68926,0.722058,0.0668735,1.14371,4608
imx708_cool_s+0_air,imx708,cool,0,air,M1-fix,,processed,T3,2.38879e+06,2354364,1.57694,True,1.0793,0.0902836,0.426734,0.142506,0.388561,0.110797,0.116287,0.996642,0.996841,0.112081,1.17435,96,,0.0660843,0.0267007,-0.123518,-0.0684106,False,0.674219,0.312702,0.511649,0.339034,1.11217,0.460514,1.50371,0.461973,1.50892,1.32704,0,1.07174,0.900659,0.890162,0.997552,1.18044,0.704352,0.70279,1.0793,2592,0.000774535,7.5352e-07,2.84663e-06,0.0436094,0.00170321,0.0533978,193.731,177.955,218.22,173.583,10,1.44652,,10.1462,6.34138,0.997552,4.89549,0.117489,3.56444,2.87504,2.87098,3.4225,0.725371,0.0530141,1.17873,4608
imx708_cool_s+0_air,imx708,cool,0,air,M1-fix,,processed,50kB,50000,73307,0.0491007,False,18.9977,17.3436,53.4377,13.7929,20.1716,11.0917,17.3508,0.850436,0.788908,0.0551398,1.20602,1,target below the codec's smallest output,36.0672,29.5282,29.2755,-0.0211738,False,24.3726,21.3499,24.3973,93.137,324.769,118.282,361.229,117.885,356.601,145.052,0,21.9383,26.3268,25.4219,18.9308,21.9334,26.313,25.4395,18.9977,2592,0.000774535,7.5352e-07,2.84663e-06,0.0436094,0.00170321,0.0533978,436.02,787.864,787.993,374.261,10,27.7383,,325.861,203.663,18.9308,151.815,43.7133,61.4334,86.865,86.6725,43.1575,21.7252,11.9583,34.6233,4608
imx708_cool_s+0_air,imx708,cool,0,air,D,D,raw,T1,597197,588701,0.39431,True,1.22676,0.100686,1.22695,0.452234,1.15292,0.350093,0.110947,0.983917,0.982349,0.121442,0.152034,75,,-0.0164559,-0.0235411,-0.0151251,-0.0359957,False,1.63479,1.02589,1.74117,1.22456,2.63296,1.55397,3.24381,1.55065,3.24015,2.56395,0,1.04683,1.04116,1.07804,1.03805,1.21784,1.27871,1.28422,1.22676,2592,,,,,,,146.366,210.434,268.266,138.051,10,0.395866,,40.5773,25.3608,1.03805,1.03535,0.186319,3.50755,6.30437,6.33449,4.25871,0.23621,0.0537795,0.453247,4608
imx708_cool_s+0_air,imx708,cool,0,air,D,D,raw,T2,1.19439e+06,1242530,0.832242,True,1.06359,0.0780562,0.509626,0.198839,0.614061,0.153993,0.0937554,0.990231,0.990933,0.0914001,0.171538,90,,-0.0136159,-0.0164975,-0.0126275,-0.0306211,False,1.0291,0.633501,1.26292,0.516944,1.3955,0.614299,1.57232,0.614383,1.56809,1.37569,0,1.00679,1.0189,1.00819,0.996723,1.07917,1.11776,1.12386,1.06359,2592,,,,,,,90.2278,109.606,103.599,68.2321,10,0.535177,,19.2252,12.0157,0.996723,1.18234,0.087474,2.56299,4.66281,4.66883,3.21503,0.197525,0.0397313,0.378271,4608
imx708_cool_s+0_air,imx708,cool,0,air,D,D,raw,T3,2.38879e+06,2372705,1.58923,True,0.931868,0.0697954,0.287938,0.126952,0.505139,0.0985421,0.0809284,0.994477,0.995051,0.13989,0.144984,96,,-0.0101123,-0.00574848,-0.00486607,-0.0246141,False,0.915686,0.555521,1.12224,0.33413,1.07231,0.338068,1.05853,0.337323,1.05481,1.08161,0,1.00111,1.05861,1.04448,1.02023,0.922312,0.967456,0.950321,0.931868,2592,,,,,,,29.2278,45.3737,43.2811,29.69,10,0.498568,,10.0678,6.29236,1.02023,1.05894,0.0838619,1.93684,3.46377,3.4657,2.45351,0.181522,0.0356438,0.351378,4608
imx708_cool_s+0_air,imx708,cool,0,air,D,D,raw,50kB,50000,51236,0.0343177,True,26.2996,36.3187,142.558,30.5692,40.9878,31.3048,29.9343,0.829592,0.740553,0.0740305,0.128544,1,,-14.6743,29.6587,29.5495,4.96329,False,45.2722,69.432,71.0771,104.498,245.147,158.132,348.169,157.854,340.593,304.628,0.000186203,26.89,26.8654,26.0149,26.2488,26.8456,26.8798,26.0261,26.2996,2592,,,,,,,711.669,876.793,874.505,755.806,10,67.4337,,466.232,291.395,26.2488,97.6222,62.358,69.1786,93.4676,93.5432,87.0249,92.3167,28.5489,74.4888,4608
imx708_cool_s+0_air,imx708,cool,0,air,D2,D2/modular,raw,T1,597197,612521,0.410264,True,1.1375,0.0383006,0.279598,0.113383,0.303793,0.0891203,0.0453356,0.986489,0.988032,4.87592,0.677417,1.6413,,-0.0180206,-0.0220034,-0.018582,-0.0217088,False,0.441466,0.255777,0.38483,0.275427,0.805027,0.371051,1.06231,0.366969,1.06746,0.814664,0,0.890716,0.958215,0.970665,0.921151,1.11388,1.19967,1.18426,1.1375,2592,,,,,,,91.6194,116.15,140.308,105.249,10,0.162357,,38.9993,24.3745,0.921151,0.36414,0.0511639,3.07649,5.69645,5.72992,3.8372,0.0632759,0.0219731,0.116176,4608
imx708_cool_s+0_air,imx708,cool,0,air,D2,D2/modular,raw,T2,1.19439e+06,1160222,0.777112,True,1.03349,0.022231,0.167247,0.0697487,0.187344,0.0550439,0.0265819,0.992065,0.99224,4.49473,0.734223,0.7733,,-0.0125882,-0.0093568,-0.00838759,-0.00986362,False,0.266106,0.160195,0.238448,0.168585,0.520674,0.219939,0.682926,0.21924,0.681327,0.516701,0,0.951342,1.0138,1.00551,0.949574,1.01263,1.10116,1.07562,1.03349,2592,,,,,,,50.4342,101.289,96.3375,46.2793,10,0.0883449,,20.5891,12.8682,0.949574,0.11628,0.0354401,2.31337,4.2656,4.27589,2.92487,0.031386,0.0127626,0.0624424,4608
imx708_cool_s+0_air,imx708,cool,0,air,D2,D2/modular,raw,T3,2.38879e+06,2363044,1.58276,True,0.729774,0.0191928,0.12288,0.0498071,0.132396,0.03906,0.0240709,0.997091,0.997281,4.9846,0.763648,0.3418,,-0.00532899,-0.00247552,-0.00242,-0.00302361,False,0.189262,0.113246,0.171386,0.123965,0.35228,0.160629,0.452706,0.160656,0.455402,0.348203,0,1.02988,1.06722,1.05446,1.04146,0.738134,0.703681,0.692747,0.729774,2592,,,,,,,24.2794,42.7693,37.7598,28.7294,10,0.0620935,,10.1089,6.31809,1.04146,0.136463,0.0299187,1.50859,2.51844,2.5212,1.83369,0.0212692,0.0104388,0.0374633,4608
imx708_cool_s+0_air,imx708,cool,0,air,D2,D2/modular,raw,50kB,50000,68086,0.0456037,False,1.46622,0.310783,2.01037,0.726542,2.91364,0.606289,0.366913,0.953794,0.892516,1.26394,0.50755,25.0,target below the codec's smallest output,-0.046884,-0.110465,-0.108336,-0.11571,False,4.58852,2.34753,3.6559,1.94496,8.0163,2.7667,11.2275,2.76555,11.1659,8.20804,0,1.20704,1.41967,1.37883,1.24078,1.48132,1.6466,1.60617,1.46622,2592,,,,,,,391.235,668.777,619.605,327.175,10,0.842125,,350.849,219.28,1.24078,2.29204,0.414496,9.30213,17.1222,16.8537,10.0337,0.395154,0.177843,0.916474,4608
imx708_cool_s+0_uw,imx708,cool,0,uw,M0-r1,repeat,floor,floor,,,,,1.39669,0.1397,0.941659,0.572318,1.60828,0.437822,0.169644,0.973915,0.983206,,,,,0.0289712,0.00594114,0.00779378,0.00405953,False,2.41865,1.35148,2.47535,0.94666,2.84021,0.950857,2.9302,0.952481,2.92469,2.77078,1.62356e-05,0.827695,0.82654,0.829525,0.814188,1.42245,1.44266,1.43218,1.39669,2592,,,,,,,126,335,260,42,10,0.440265,,,,0.814188,1.56746,0.291883,2.61096,5.09485,5.08109,1.42377,0.240977,0.0775586,0.372875,4608
imx708_cool_s+0_uw,imx708,cool,0,uw,M1-q∞,isp-floor,floor,floor,,,,,0.0726858,0.0544471,0.144586,0.090395,0.34276,0.0705179,0.0666698,0.999637,0.999689,,,,,0.0262172,0.0340759,0.0342584,0.00998235,False,0.584186,0.360774,0.617014,0.162121,0.533562,0.253131,0.944335,0.248081,0.949304,0.372905,0,0.839127,0.869799,0.866834,0.811376,0.189272,0.249569,0.248104,0.0726858,2592,,,,,,,1.84438,4.13411,4.13411,0.282107,10,0.355379,,,,0.811376,0.692215,0.0767593,0.334776,0.9204,0.920601,0.0716381,0.110468,0.0287168,0.232698,4608
imx708_cool_s+0_uw,imx708,cool,0,uw,M1,,processed,T1,597197,580794,0.389013,True,0.934699,0.408253,0.758181,0.896712,2.23244,0.699159,0.473615,0.986077,0.986327,0.0740596,1.01132,73,,0.241917,0.170867,-0.192324,-0.00855709,False,2.77357,1.89744,2.46193,1.97856,5.66389,1.88401,5.60038,1.88143,5.5759,2.16141,0,1.13129,1.23088,1.22858,0.643145,1.34788,1.36562,1.34723,0.934699,2592,0,0,0,0.043406,0,0.0513975,146.216,293.497,256.668,21.005,10,1.36413,,41.1297,25.7061,0.643145,1.8863,0.564356,3.31478,6.49441,6.3498,0.976328,0.574196,0.200267,1.22226,4608
imx708_cool_s+0_uw,imx708,cool,0,uw,M1,,processed,T2,1.19439e+06,1189144,0.796484,True,0.824483,0.233731,0.376105,0.433034,1.32236,0.343885,0.285956,0.991551,0.991235,0.101607,1.34196,88,,0.18007,0.135044,-0.233306,-0.00251923,False,1.95563,1.12889,1.67894,0.970218,3.61601,1.00583,3.21499,0.981849,3.21583,1.14141,0,1.11252,1.17832,1.1782,0.625054,1.26792,1.23368,1.23528,0.824483,2592,0,0,0,0.043406,0,0.0513975,130.698,232.597,228.344,19.2619,10,1.09502,,20.0883,12.5552,0.625054,0.916891,0.160857,3.04601,5.57494,5.50981,0.862817,0.223992,0.112058,0.634938,4608
imx708_cool_s+0_uw,imx708,cool,0,uw,M1,,processed,T3,2.38879e+06,2218130,1.48569,False,0.743632,0.142156,0.267424,0.268916,0.754836,0.213128,0.195399,0.994397,0.994614,0.132593,1.11078,95,bracketed (integer knob): metrics interpolated,0.0260957,0.278896,-0.100405,-0.0118098,False,1.10985,0.628955,0.983346,0.598545,1.79319,0.744295,2.33735,0.699794,2.20861,0.796652,0,1.032,1.11002,1.12901,0.607111,1.12382,1.11232,1.12007,0.743632,2592,0,0,0,0.043406,0,0.0513975,120.698,200.622,184.587,16.2619,10,0.583655,,10.7694,6.73086,0.607111,0.707392,0.185274,2.9155,4.6922,4.65966,0.784692,0.192062,0.0724415,0.39804,4608
imx708_cool_s+0_uw,imx708,cool,0,uw,M1,,processed,T3,2.38879e+06,2555389,1.71159,False,0.712185,0.137861,0.244713,0.236562,0.676185,0.186294,0.187592,0.994894,0.995102,0.131815,1.24777,96,bracketed (integer knob): metrics interpolated,0.024953,0.284894,-0.102378,-0.0120343,False,1.00494,0.560177,0.907454,0.536942,1.59794,0.693836,2.17655,0.634844,1.98848,0.733561,0,1.02471,1.09442,1.09925,0.61426,1.09251,1.06803,1.08179,0.712185,2592,0,0,0,0.043406,0,0.0513975,117.699,187.545,162.133,16.2619,10,0.650538,,9.34804,5.84252,0.61426,0.69718,0.194444,2.85307,4.49002,4.45323,0.755431,0.189721,0.070228,0.41981,4608
imx708_cool_s+0_uw,imx708,cool,0,uw,M1,,processed,50kB,50000,73323,0.0491114,False,5.57958,17.9377,26.1375,13.8469,20.2185,11.0486,19.151,0.844012,0.785967,0.0690201,1.23629,1,target below the codec's smallest output,29.2122,30.2995,30.0444,0.0298547,False,24.4846,21.3014,23.8772,90.2858,308.751,118.289,365.755,117.908,360.403,70.1107,4.32949e-06,18.8695,29.1061,28.7805,5.54159,18.8869,29.1641,28.8529,5.57958,2592,0,0,0,0.043406,0,0.0513975,349.844,756,788,54.7368,10,29.5141,,325.79,203.619,5.54159,202.21,42.7672,49.2309,86.8233,86.6446,6.03342,22.0186,12.6705,32.764,4608
imx708_cool_s+0_uw,imx708,cool,0,uw,M1-fix,,processed,T1,597197,579852,0.388383,True,1.06668,2.28452,1.27831,0.753493,7.87448,0.566057,2.44711,0.982651,0.976871,0.0613732,1.05704,77,,-0.364452,-2.41065,-2.763,0.0677933,False,13.8564,5.04597,14.6251,0.87892,3.40909,1.24044,4.29104,1.2542,4.44132,4.37454,8.29819e-06,1.02563,1.08739,1.07304,0.815919,1.26961,1.22731,1.23012,1.06668,2592,0.0169296,0,0.0426029,0.00655747,0.0852981,0,176.277,335.549,381.552,31.3583,10,21.5034,,41.1965,25.7478,0.815919,167.59,0.632851,4.75407,19.1724,19.1527,1.34041,13.8989,1.41579,20.5741,4608
imx708_cool_s+0_uw,imx708,cool,0,uw,M1-fix,,processed,T2,1.19439e+06,1218617,0.816225,True,0.969039,2.20539,0.693177,0.404453,7.82141,0.303091,2.36054,0.988,0.981189,0.0826621,1.28984,90,,-0.374629,-2.50183,-2.81066,0.0660978,False,13.8563,4.94324,14.6857,0.468147,2.63272,0.739185,3.40995,0.764292,3.51005,3.44051,3.60791e-07,1.01711,1.00216,0.996608,0.803228,1.19094,1.04774,1.03078,0.969039,2592,0.0169296,0,0.0426029,0.00655747,0.0852981,0,162.828,330.276,376.796,25.7534,10,21.46,,19.6024,12.2515,0.803228,166.407,0.391501,4.7837,18.893,18.9379,1.15694,13.8586,1.37388,20.5259,4608
imx708_cool_s+0_uw,imx708,cool,0,uw,M1-fix,,processed,T3,2.38879e+06,2359229,1.5802,True,0.872666,2.18336,0.476244,0.267723,7.76603,0.199851,2.32577,0.991015,0.984244,0.194479,1.1674,96,,-0.361009,-2.50635,-2.78761,0.0562827,False,13.7668,4.87646,14.6151,0.347108,2.19721,0.549384,3.02323,0.576705,3.12074,2.53665,0,0.97181,0.927839,0.928136,0.773158,1.11678,0.884739,0.874334,0.872666,2592,0.0169296,0,0.0426029,0.00655747,0.0852981,0,153.723,333.78,345.679,22.0029,10,21.4581,,10.1253,6.3283,0.773158,166.564,0.303204,4.6884,18.669,18.7027,1.02061,13.8618,1.3624,20.5258,4608
imx708_cool_s+0_uw,imx708,cool,0,uw,M1-fix,,processed,50kB,50000,73541,0.0492575,False,18.1409,29.3838,431.532,42.9507,49.8581,32.4513,28.3098,0.832497,0.78378,0.0485496,1.10802,1,target below the codec's smallest output,33.553,9.81804,9.52909,46.8825,False,53.1843,38.1552,45.2202,110.097,307.212,108.604,230.176,108.303,227.709,804.224,0.001406,19.1078,24.4807,24.6958,18.129,19.0678,24.4426,24.6584,18.1409,2592,0.0169296,0,0.0426029,0.00655747,0.0852981,0,414.802,787.864,741.991,354.81,10,57.4151,,324.824,203.015,18.129,1022.87,66.4993,54.5955,69.8664,69.7555,65.4459,46.1932,17.0747,63.3146,4608
imx708_cool_s+0_uw,imx708,cool,0,uw,D,D,raw,T1,597197,595129,0.398615,True,1.07333,0.33084,1.63613,0.832957,2.63561,0.621608,0.356588,0.977677,0.980297,0.0751102,0.158386,78,,0.00593945,0.0110352,0.0130727,0.0275471,False,3.8852,2.56255,5.55068,1.19562,2.97062,1.39684,3.36592,1.39599,3.32685,4.39442,2.52554e-06,0.980239,1.04236,1.04349,0.782566,1.17281,1.26418,1.23916,1.07333,2592,,,,,,,113.192,171.188,223.151,43.3883,10,2.80125,,40.139,25.0869,0.782566,7.67885,0.713077,2.89309,5.97785,6.00816,1.23209,1.17494,0.175834,1.99888,4608
imx708_cool_s+0_uw,imx708,cool,0,uw,D,D,raw,T2,1.19439e+06,1153351,0.77251,True,0.995203,0.202229,0.905489,0.444665,1.71009,0.326298,0.218184,0.983959,0.987474,0.0927837,0.154411,90,,-0.0261857,-0.0164839,-0.0126299,0.0130041,False,2.41596,1.64675,3.12185,0.551775,1.52239,0.614205,1.57385,0.614237,1.56914,2.61482,1.08237e-06,0.955428,1.0189,1.00819,0.844101,1.05282,1.11776,1.12386,0.995203,2592,,,,,,,60.1734,109.606,103.599,19.9585,10,1.34371,,20.7117,12.9448,0.844101,5.21984,0.255977,2.25712,4.63045,4.63912,1.06983,0.685199,0.115728,0.986464,4608
imx708_cool_s+0_uw,imx708,cool,0,uw,D,D,raw,T3,2.38879e+06,2300640,1.54096,True,0.876123,0.200055,0.663111,0.326944,1.33439,0.245447,0.226527,0.990401,0.992581,0.132936,0.139474,96,,-0.0223376,-0.00594488,-0.00514469,0.0232095,False,1.77912,1.1151,1.52784,0.3758,1.14143,0.338697,1.06012,0.337925,1.05611,2.24803,0,0.970867,1.05861,1.04448,0.919838,0.920543,0.967456,0.950321,0.876123,2592,,,,,,,28.1819,45.3737,43.2811,9.66161,10,1.30059,,10.3831,6.48946,0.919838,4.56834,0.376958,1.73971,3.4374,3.44042,0.905008,0.634584,0.113267,0.95441,4608
imx708_cool_s+0_uw,imx708,cool,0,uw,D,D,raw,50kB,50000,50141,0.0335842,True,8.79936,42.0315,36.1358,32.4882,45.0074,47.0388,31.4359,0.859129,0.746731,0.0777307,0.143093,1,,-15.3202,30.075,29.9418,-1.98362,False,48.4203,54.7717,73.2367,93.1157,195.306,158.909,348.588,158.605,340.912,204.462,0,24.9954,26.8654,26.0149,8.80201,24.9598,26.8798,26.0261,8.79936,2592,,,,,,,724.806,876.793,874.505,207.634,10,78.0195,,476.414,297.759,8.80201,244.836,54.5109,51.948,93.2767,93.3703,11.8663,55.0769,28.6656,82.785,4608
imx708_cool_s+0_uw,imx708,cool,0,uw,D2,D2/modular,raw,T1,597197,602817,0.403764,True,1.00282,0.0628909,0.371232,0.192456,0.773901,0.1455,0.0667512,0.979815,0.984905,4.71071,0.618349,1.5038,,-0.0181652,-0.019356,-0.0183502,-0.0153058,False,1.9025,0.742883,2.74359,0.27244,0.808171,0.338985,1.00891,0.335314,0.99854,1.19602,2.88633e-06,0.825525,0.951128,0.973681,0.704701,1.07453,1.18696,1.17029,1.00282,2592,,,,,,,63.4398,97.4375,115.899,19.3518,10,0.261229,,39.6271,24.7669,0.704701,1.20572,0.0762637,2.57811,5.47014,5.49715,1.1525,0.152495,0.0363193,0.19881,4608
imx708_cool_s+0_uw,imx708,cool,0,uw,D2,D2/modular,raw,T2,1.19439e+06,1173699,0.786139,True,0.939638,0.0554786,0.242297,0.128082,0.557121,0.0961847,0.0634222,0.988124,0.989816,4.31333,0.676376,0.7308,,-0.0128604,-0.00988029,-0.00808695,-0.00178635,False,1.68881,0.510348,2.31704,0.177276,0.545234,0.215396,0.682188,0.21832,0.674463,0.882612,0,0.927567,1.04814,1.03509,0.853668,0.983215,1.07693,1.06306,0.939638,2592,,,,,,,38.9626,67.5198,64.2879,14.7661,10,0.254007,,20.3526,12.7204,0.853668,0.978746,0.132719,1.99082,4.09737,4.10059,0.987947,0.128211,0.0318436,0.188861,4608
imx708_cool_s+0_uw,imx708,cool,0,uw,D2,D2/modular,raw,T3,2.38879e+06,2390655,1.60125,True,0.660577,0.0342874,0.190249,0.0969097,0.353615,0.0724948,0.0354848,0.995153,0.99596,9.73832,1.22833,0.3379,,-0.00416087,-0.00147306,-0.00230455,0.00839355,False,0.721055,0.330855,0.850506,0.133039,0.373319,0.16118,0.451807,0.161282,0.454799,0.558505,0,1.03647,1.0712,1.06089,1.00821,0.731781,0.694158,0.6869,0.660577,2592,,,,,,,25.6784,42.3558,37.7598,6.60422,10,0.108329,,9.99219,6.24512,1.00821,0.51965,0.0865406,1.34922,2.4771,2.48101,0.670585,0.0709633,0.0193314,0.130182,4608
imx708_cool_s+0_uw,imx708,cool,0,uw,D2,D2/modular,raw,50kB,50000,59380,0.0397725,False,1.16583,0.415746,2.00804,1.14855,5.17226,0.886155,0.489866,0.945717,0.889428,1.29331,0.606008,25.0,target below the codec's smallest output,-0.0391001,-0.0977631,-0.101425,-0.0329671,False,7.80553,4.95536,9.89187,1.95089,8.19091,2.76324,11.1865,2.76194,11.1417,8.5677,9.95783e-05,1.17587,1.41967,1.37883,0.834637,1.41236,1.6466,1.60617,1.16583,2592,,,,,,,327.178,668.777,619.605,55.1984,10,1.86468,,402.288,251.43,0.834637,4.60997,0.860311,7.69884,17.0246,16.7486,2.05107,0.693569,0.257785,1.22676,4608
imx708_cool_s-1_air,imx708,cool,-1,air,W,W,raw,T1,597197,590339,0.395407,True,1.05269,0.0466479,0.537125,0.291671,0.768601,0.225364,0.0492971,0.987755,0.987684,0.297645,0.513191,198.261,,0.0224895,0.0316042,0.0310176,0.0221876,False,1.1147,0.637638,0.950935,0.506666,1.58475,0.688983,2.17392,0.686808,2.16762,1.70614,0,0.785923,0.80758,0.816064,0.768061,1.04302,1.11176,1.12502,1.05269,2592,,,,,,,65.0764,81.2126,83.4124,63.9698,10,0.198994,,40.4647,25.2904,0.768061,0.413768,0.0762232,2.39977,4.01387,4.01039,2.77587,0.0823888,0.0256621,0.250535,4608
imx708_cool_s-1_air,imx708,cool,-1,air,W,W,raw,T2,1.19439e+06,1195905,0.801012,True,0.976874,0.0286532,0.304684,0.16608,0.433373,0.125972,0.0345612,0.993093,0.992906,0.305132,0.513398,79.8292,,0.016436,0.022061,0.0216068,0.0179254,False,0.607567,0.358732,0.52399,0.272352,0.814767,0.371173,1.11335,0.375003,1.11994,0.90838,0,0.817637,0.822299,0.859514,0.789376,0.935745,1.01767,1.03061,0.976874,2592,,,,,,,29.3637,40.7725,39.6923,25.9673,10,0.15679,,19.9747,12.4842,0.789376,0.191893,0.0507763,1.68779,2.90993,2.90028,2.0314,0.0538685,0.0161845,0.112287,4608
imx708_cool_s-1_air,imx708,cool,-1,air,W,W,raw,T3,2.38879e+06,2453811,1.64355,True,0.693693,0.0241378,0.162306,0.094103,0.24454,0.0711557,0.028787,0.99707,0.997818,0.382054,0.630321,32.3361,,0.00326328,-0.00181404,-0.00203807,6.07156e-05,False,0.339655,0.202749,0.29741,0.150285,0.436029,0.204505,0.610003,0.205948,0.60404,0.481268,0,0.899309,0.920089,0.907464,0.909921,0.693534,0.622311,0.62879,0.693693,2592,,,,,,,13.8589,19.2206,20.0812,13.2487,10,0.0789358,,9.73501,6.08438,0.909921,0.177067,0.039825,1.10445,1.67866,1.678,1.30294,0.0260328,0.0127085,0.0520858,4608
imx708_cool_s-1_air,imx708,cool,-1,air,W,W,raw,50kB,50000,49086,0.0328776,True,2.29426,1.06917,2.3866,1.03253,5.41787,0.887479,0.985355,0.950319,0.844966,0.300528,0.476474,8486.785,,-0.124747,-0.24053,-0.246276,-0.149208,False,9.54798,4.42025,7.80793,2.2314,17.344,3.51074,27.6967,3.58568,28.213,20.0248,8.71616e-06,1.96926,1.98634,2.15617,2.12597,2.15343,2.09631,2.30299,2.29426,2592,,,,,,,392.359,735.648,666.925,386.225,10,2.92258,,486.653,304.158,2.12597,9.71964,2.74253,9.14559,16.4845,16.4462,9.37186,2.29918,0.689248,5.26546,4608
imx708_cool_s-1_air_field,imx708,cool,-1,air,W,W,raw,50kB,50000,49769,0.276494,True,1.15207,0.0985727,1.38049,0.674284,2.23343,0.420222,0.110091,0.958722,nan,0.07275,0.0938215,900.1874,,-0.224375,-0.314237,-0.346579,-0.197158,False,3.52494,1.55993,2.55851,1.329,5.88437,1.51663,6.66797,1.5582,7.02104,5.92982,0,0.858953,0.922577,0.918801,0.848211,1.15372,1.21118,1.23993,1.15207,900,,,,,,,151,226.888,223.928,152.013,10,0.226035,,57.8673,36.1671,0.848211,0.564165,0.193523,11.4148,18.8521,18.4338,10.7132,0.124852,0.0590201,0.222919,1600
imx708_cool_s-1_air,imx708,cool,-1,air,M0-r1,repeat,floor,floor,,,,,1.43206,0.139892,0.929961,0.55146,1.46619,0.414378,0.173525,0.988499,0.987476,,,,,-0.00986963,0.058269,0.0581437,0.047543,False,2.16107,1.24021,1.99262,0.939695,2.8226,0.92309,2.89564,0.917658,2.91854,2.84259,0,0.820346,0.830838,0.833872,0.825252,1.42264,1.42853,1.43804,1.43206,2592,,,,,,,171,209,213,159,10,0.570069,,,,0.825252,0.864242,0.198505,2.47663,3.98889,4.00103,2.81709,0.188685,0.0766605,0.337781,4608
imx708_cool_s-1_air,imx708,cool,-1,air,M1-q∞,isp-floor,floor,floor,,,,,0.19394,0.112099,0.289789,0.186446,0.653863,0.14568,0.126861,0.999628,0.999682,,,,,0.0165922,0.00653938,0.00642004,-0.0941815,False,0.897601,0.553018,0.834784,0.253885,0.853099,0.318155,1.23216,0.319095,1.22436,1.29182,0,0.849195,0.871084,0.868473,0.852327,0.20137,0.243146,0.244637,0.19394,2592,,,,,,,2.14225,4.02172,4.02369,1.98986,10,0.698795,,,,0.852327,1.08961,0.125235,0.354294,0.738335,0.738517,0.397679,0.208936,0.0585475,0.522488,4608
imx708_cool_s-1_air,imx708,cool,-1,air,M1,,processed,T1,597197,571661,0.382896,True,1.11653,0.55475,1.18859,0.954694,2.46225,0.712383,0.695655,0.993088,0.990422,0.07451,1.15537,82,,0.0250515,-0.110068,-0.260885,0.109685,False,3.19247,1.93898,2.51488,1.40148,4.15359,1.44289,4.50004,1.4607,4.54735,3.49709,0,1.05832,0.975061,0.999785,0.898223,1.24027,1.12641,1.1518,1.11653,2592,0,0,0,0.000217098,0,0.000252011,164.765,244.302,310.597,138.543,10,2.59374,,41.7868,26.1167,0.898223,2.54678,0.548101,2.74879,4.09342,3.95286,2.52138,0.577132,0.261964,1.43066,4608
imx708_cool_s-1_air,imx708,cool,-1,air,M1,,processed,T2,1.19439e+06,1102527,0.738468,False,0.984014,0.239891,0.691949,0.540178,1.59209,0.409302,0.30199,0.995467,0.993414,0.0753605,0.991193,92,bracketed (integer knob): metrics interpolated,-0.0900963,0.0244179,-0.11466,-0.0634209,False,2.22504,1.26345,1.80274,0.843896,2.83696,0.889891,2.91959,0.905744,2.97643,2.34053,0,1.0087,0.926534,0.945086,0.887225,1.12467,0.985902,0.992668,0.984014,2592,0,0,0,0.000217098,0,0.000252011,165.332,190.928,232.127,117.616,10,1.03891,,21.6665,13.5415,0.887225,1.20886,0.292357,2.60592,3.42165,3.3307,2.27926,0.329225,0.12249,0.691062,4608
imx708_cool_s-1_air,imx708,cool,-1,air,M1,,processed,T2,1.19439e+06,1266739,0.848457,False,0.961926,0.243326,0.596614,0.462693,1.45081,0.35185,0.291457,0.995844,0.994024,0.0887913,1.07133,93,bracketed (integer knob): metrics interpolated,-0.0766246,0.00296744,-0.134333,-0.0456256,False,2.0475,1.11862,1.59923,0.736094,2.5548,0.804516,2.691,0.821057,2.72341,2.10227,0,1.01677,0.909833,0.933245,0.882262,1.11794,0.944101,0.953661,0.961926,2592,0,0,0,0.000217098,0,0.000252011,139.872,166.194,187.145,117.616,10,0.976675,,18.8578,11.7861,0.882262,1.31601,0.225722,2.5887,3.28144,3.2128,2.24303,0.369348,0.122659,0.614173,4608
imx708_cool_s-1_air,imx708,cool,-1,air,M1,,processed,T3,2.38879e+06,2238738,1.4995,False,0.862723,0.225904,0.510101,0.3629,1.00762,0.278252,0.297234,0.997057,0.996141,0.102549,0.977226,97,bracketed (integer knob): metrics interpolated,-0.119782,0.0549573,-0.066258,-0.0867179,False,1.43441,0.796736,1.15062,0.61299,1.87619,0.645958,1.96748,0.667876,1.99247,1.48235,0,0.980206,0.863305,0.875381,0.848014,1.02379,0.824616,0.826962,0.862723,2592,0,0,0,0.000217098,0,0.000252011,135.446,161.587,169.344,110.966,10,1.17893,,10.6702,6.6689,0.848014,1.38888,0.206862,2.45332,2.72287,2.63194,2.04897,0.31448,0.114603,0.697485,4608
imx708_cool_s-1_air,imx708,cool,-1,air,M1,,processed,T3,2.38879e+06,2570332,1.7216,False,0.821776,0.215699,0.497078,0.351841,0.974462,0.268916,0.285845,0.997293,0.996521,0.111641,0.992126,98,bracketed (integer knob): metrics interpolated,-0.110191,0.0497724,-0.0528816,-0.0921664,False,1.38587,0.769778,1.12692,0.588067,1.79813,0.617571,1.84744,0.634582,1.88292,1.44328,0,0.983887,0.863163,0.886499,0.86249,1.01208,0.788643,0.773254,0.821776,2592,0,0,0,0.000217098,0,0.000252011,132.078,146.292,162.157,117.236,10,1.06044,,9.29369,5.80856,0.86249,1.34508,0.19276,2.40603,2.55165,2.46769,2.00015,0.284085,0.109597,0.640337,4608
imx708_cool_s-1_air,imx708,cool,-1,air,M1,,processed,50kB,50000,73026,0.0489125,False,18.9344,18.9733,89.2021,17.2575,25.1451,17.1185,19.9698,0.796771,0.742511,0.0525468,0.94864,1,target below the codec's smallest output,26.7823,30.9939,30.8667,8.41879,False,27.4461,27.2467,29.0561,75.9474,333.936,148.66,399.202,147.449,399.083,194.327,9.38664e-06,20.4575,21.5831,21.1607,18.9284,20.4752,21.65,21.2372,18.9344,2592,0,0,0,0.000217098,0,0.000252011,411.643,745.99,745.99,368.191,10,38.724,,327.115,204.447,18.9284,201.905,48.2102,58.119,96.4306,96.3885,47.5628,29.9287,14.4105,35.0071,4608
imx708_cool_s-1_air,imx708,cool,-1,air,M1-444,,processed,T1,597197,569252,0.381283,True,1.06841,0.264415,0.77761,0.555627,1.46722,0.424537,0.338688,0.991745,0.989116,0.103986,0.860051,76,,-0.167887,0.0273463,-0.0745599,-0.0762287,False,1.9737,1.18156,1.63576,0.923213,2.74076,1.11548,3.38419,1.12747,3.40899,2.28634,0,0.98088,0.982539,0.989172,0.881098,1.15044,1.15524,1.16601,1.06841,2592,0,0,0,0.000217098,0,0.000252011,100.142,248.488,258.944,110.767,10,1.4615,,41.9636,26.2273,0.881098,1.43933,0.33177,2.65372,4.11235,4.0515,2.49975,0.410372,0.141386,0.95029,4608
imx708_cool_s-1_air,imx708,cool,-1,air,M1-444,,processed,T2,1.19439e+06,1187569,0.795429,True,0.947525,0.319767,0.57192,0.440647,1.26208,0.333688,0.365927,0.994628,0.992978,0.119894,1.00361,89,,0.0212186,-0.128855,-0.219989,0.0772632,False,1.72471,0.970122,1.31028,0.677129,2.15107,0.824282,2.60523,0.848012,2.62166,1.80794,0,1.05038,0.970253,0.976209,0.917848,1.08589,1.02684,1.02767,0.947525,2592,0,0,0,0.000217098,0,0.000252011,94.8218,189.668,201.986,61.4907,10,1.29759,,20.1149,12.5718,0.917848,1.26086,0.195395,2.26865,3.40868,3.40598,2.10666,0.336544,0.15102,1.06793,4608
imx708_cool_s-1_air,imx708,cool,-1,air,M1-444,,processed,T3,2.38879e+06,2392031,1.60217,True,0.788487,0.194127,0.428443,0.30987,0.876906,0.238599,0.257143,0.996458,0.995684,0.153228,0.994278,95,,-0.147164,0.0487671,-0.0172843,-0.0713576,False,1.30327,0.679064,0.983555,0.553402,1.68691,0.589514,1.78946,0.612965,1.81546,1.28726,0,0.983341,0.888687,0.908244,0.884002,0.918159,0.854293,0.85568,0.788487,2592,0,0,0,0.000217098,0,0.000252011,49.0076,68.5446,100.482,52.9518,10,1.06511,,9.98644,6.24152,0.884002,1.42566,0.170605,1.86332,2.70558,2.69254,1.70526,0.28108,0.0984204,0.625643,4608
imx708_cool_s-1_air,imx708,cool,-1,air,M1-444,,processed,50kB,50000,142483,0.0954345,False,18.9344,18.9733,89.2021,17.2575,25.1451,17.1185,19.9698,0.796771,0.742511,0.0941508,1.0018,1,target below the codec's smallest output,26.7823,30.9939,30.8667,8.41879,False,27.4461,27.2467,29.0561,75.9474,333.936,148.66,399.202,147.449,399.083,194.327,9.38664e-06,20.4575,21.5831,21.1607,18.9284,20.4752,21.65,21.2372,18.9344,2592,0,0,0,0.000217098,0,0.000252011,411.643,745.99,745.99,368.191,10,38.724,,167.654,104.784,18.9284,201.905,48.2102,58.119,96.4306,96.3885,47.5628,29.9287,14.4105,35.0071,4608
imx708_cool_s-1_air,imx708,cool,-1,air,M1j,,processed,T1,597197,606380,0.406151,True,1.02061,0.0773551,0.377275,0.261886,0.701616,0.197144,0.0987405,0.992896,0.990597,0.134382,1.0229,91,,0.00599188,0.0290045,-0.0679524,-0.0457078,False,1.04998,0.590853,0.914956,0.423815,1.21798,0.553737,1.84364,0.558981,1.88264,1.10533,0,0.798787,0.837448,0.830986,0.760954,1.0818,1.06885,1.06612,1.02061,2592,0,0,0,0.000217098,0,0.000252011,143.577,233.668,285.099,138.543,10,0.598336,,39.3942,24.6214,0.760954,0.85074,0.0680954,2.51331,3.86188,3.77327,2.33835,0.152442,0.0430207,0.357554,4608
imx708_cool_s-1_air,imx708,cool,-1,air,M1j,,processed,T2,1.19439e+06,1087539,0.728429,False,0.865244,0.0700696,0.282019,0.176874,0.528354,0.132818,0.0825187,0.995296,0.993711,0.197008,0.965568,96,bracketed (integer knob): metrics interpolated,0.00764455,0.0298,-0.0572065,-0.0400798,False,0.87221,0.459335,0.776741,0.296665,0.904223,0.444664,1.45272,0.440806,1.49464,0.855076,0,0.798187,0.806825,0.80977,0.742034,1.00019,0.940558,0.933831,0.865244,2592,0,0,0,0.000217098,0,0.000252011,136.144,183.657,209.343,117.236,10,0.313352,,21.9651,13.7282,0.742034,0.81316,0.095489,2.33009,3.18786,3.10069,2.02053,0.11759,0.0371304,0.301092,4608
imx708_cool_s-1_air,imx708,cool,-1,air,M1j,,processed,T2,1.19439e+06,1343943,0.900168,False,0.830519,0.0670729,0.278223,0.173249,0.525612,0.130368,0.0793266,0.996149,0.994574,0.178901,1.12387,97,bracketed (integer knob): metrics interpolated,0.0101361,0.0283966,-0.0561693,-0.038793,False,0.873467,0.458268,0.773107,0.291373,0.895786,0.429867,1.39549,0.427601,1.43324,0.836267,0,0.789223,0.782203,0.797806,0.735667,0.964009,0.887301,0.8767,0.830519,2592,0,0,0,0.000217098,0,0.000252011,136.144,168.986,204.643,114.111,10,0.302685,,17.7745,11.109,0.735667,0.7391,0.0880868,2.28295,2.99178,2.89904,1.94653,0.114853,0.0356125,0.293845,4608
imx708_cool_s-1_air,imx708,cool,-1,air,M1j,,processed,T3,2.38879e+06,2493685,1.67026,True,0.649348,0.0655564,0.268332,0.169717,0.52183,0.127694,0.0786709,0.997727,0.996641,0.236825,1.1163,99,,0.0119357,0.0265277,-0.0454007,-0.0369842,False,0.87682,0.453644,0.770798,0.280641,0.87275,0.406977,1.26417,0.405092,1.29108,0.815642,0,0.770151,0.745039,0.745717,0.714527,0.861878,0.701279,0.693325,0.649348,2592,0,0,0,0.000217098,0,0.000252011,132.078,161.587,176.488,114.111,10,0.341776,,9.57935,5.98709,0.714527,0.834509,0.0962831,2.1339,2.42709,2.32678,1.6924,0.124339,0.0351658,0.318151,4608
imx708_cool_s-1_air,imx708,cool,-1,air,M1j,,processed,50kB,50000,77730,0.0520632,False,2.28795,3.11805,7.00529,6.38266,10.6401,4.71053,3.66087,0.963559,0.941985,0.135135,1.0525,1,target below the codec's smallest output,1.60103,-0.0934467,-0.182361,-0.13048,False,12.424,12.511,15.1191,9.97133,26.249,9.92714,26.6932,9.94769,26.7006,18.5393,5.02856e-06,2.44112,2.45371,2.41549,2.15679,2.58392,2.54242,2.56933,2.28795,2592,0,0,0,0.000217098,0,0.000252011,288.87,646.219,524.369,239.598,10,9.7525,,307.319,192.074,2.15679,14.313,3.56901,6.93981,10.5862,10.5386,6.35875,3.32371,1.65159,8.14203,4608
imx708_cool_s-1_air,imx708,cool,-1,air,M1-fix,,processed,T1,597197,573246,0.383958,True,1.19966,0.226476,1.03362,0.546096,1.38717,0.402465,0.264266,0.992915,0.990959,0.0663498,1.03969,80,,-0.0258609,0.0455154,-0.0611284,0.0210487,False,1.79037,1.07845,1.4322,0.902108,2.94867,0.854766,2.70274,0.863946,2.77262,3.14813,0,1.05777,0.959643,1.00002,1.0221,1.24652,1.02862,1.0459,1.19966,2592,0.00167884,2.76291e-06,1.77496e-05,0.000240038,2.81314e-05,0.000256281,193.641,230.387,295.872,152.409,10,0.774103,,41.6712,26.0445,1.0221,1.64576,0.252113,2.73699,3.64108,3.56332,2.71934,0.284189,0.11219,0.537299,4608
imx708_cool_s-1_air,imx708,cool,-1,air,M1-fix,,processed,T2,1.19439e+06,1155351,0.773849,True,1.10015,0.123486,0.540366,0.275826,0.76463,0.206333,0.153164,0.995681,0.994588,0.080305,1.04105,91,,-0.0448775,0.0139191,-0.0721445,-0.0549016,False,1.16887,0.593821,0.894438,0.453687,1.52541,0.489823,1.6312,0.496215,1.67328,1.78695,0,1.00998,0.916383,0.924595,0.987305,1.15185,0.839088,0.841833,1.10015,2592,0.00167884,2.76291e-06,1.77496e-05,0.000240038,2.81314e-05,0.000256281,158.894,187.321,299.969,165.291,10,0.608976,,20.6759,12.9224,0.987305,1.45463,0.140613,2.67031,2.85376,2.82251,2.56397,0.202988,0.0648007,0.402794,4608
imx708_cool_s-1_air,imx708,cool,-1,air,M1-fix,,processed,T3,2.38879e+06,2482223,1.66258,True,0.984922,0.101049,0.391102,0.196528,0.544565,0.148301,0.119461,0.997582,0.997377,0.109048,1.10827,97,,-0.0343397,-0.0110796,-0.0632852,-0.0678775,False,0.913374,0.422724,0.700731,0.328802,1.08022,0.363965,1.13485,0.374135,1.17876,1.19674,0,0.999158,0.867214,0.862717,0.941979,1.06515,0.63377,0.639049,0.984922,2592,0.00167884,2.76291e-06,1.77496e-05,0.000240038,2.81314e-05,0.000256281,162.566,214.1,247.922,144.052,10,0.453689,,9.62358,6.01474,0.941979,0.819079,0.170463,2.49981,1.98695,1.94632,2.32695,0.141154,0.0536974,0.296703,4608
imx708_cool_s-1_air,imx708,cool,-1,air,M1-fix,,processed,50kB,50000,73054,0.0489313,False,19.464,19.1537,89.313,17.2597,24.8714,17.121,19.6444,0.795997,0.745138,0.0504334,1.22745,1,target below the codec's smallest output,26.5771,30.613,30.4874,8.34794,False,27.1234,27.3352,29.5696,75.1422,323.314,148.445,397.409,147.256,396.819,196.373,9.38664e-06,20.2794,21.3143,20.9887,19.3962,20.3077,21.3155,21.0203,19.464,2592,0.00167884,2.76291e-06,1.77496e-05,0.000240038,2.81314e-05,0.000256281,411.648,746.023,746.023,368.191,10,32.1787,,326.989,204.368,19.3962,201.903,53.9075,57.8796,96.2023,96.1566,47.9665,27.9954,14.7239,35.013,4608
imx708_cool_s-1_air,imx708,cool,-1,air,M2,,processed,T1,597197,596534,0.399556,True,1.57927,0.971567,5.51863,1.16578,2.65594,1.12643,0.934127,0.992643,0.991981,0.649777,1.05483,8.2515,,-1.32812,-2.59194,-2.66172,-2.06929,False,3.45071,2.48471,3.45304,4.20085,7.44284,6.78958,12.0399,6.86892,11.9849,8.47996,0,1.44648,1.47113,1.42384,1.44609,1.63295,1.60725,1.57959,1.57927,2592,0,0,0,0.000217098,0,0.000252011,135.446,152.292,154.928,116.276,10,2.81564,,40.0444,25.0278,1.44609,7.45091,3.28673,3.09966,4.78154,4.80943,3.46573,0.998421,0.683473,2.09609,4608
imx708_cool_s-1_air,imx708,cool,-1,air,M2,,processed,T2,1.19439e+06,1151833,0.771493,True,1.48086,0.814165,5.24675,0.969223,2.0494,0.987021,0.753093,0.994434,0.993883,0.7798,1.08714,4.1048,,-1.1991,-2.73387,-2.78992,-1.95164,False,2.7088,1.98624,2.89028,3.86899,6.28372,7.10808,11.6511,7.17483,11.6146,7.53777,0,1.34008,1.45281,1.42225,1.43953,1.40494,1.49985,1.48087,1.48086,2592,0,0,0,0.000217098,0,0.000252011,121.841,138.592,147.657,126.834,10,1.57865,,20.739,12.9619,1.43953,6.7185,3.05151,2.92033,4.62593,4.65711,3.22676,0.954997,0.640054,1.19626,4608
imx708_cool_s-1_air,imx708,cool,-1,air,M2,,processed,T3,2.38879e+06,2095234,1.40338,False,1.4563,0.874897,5.64101,0.946525,1.97113,1.00407,0.766066,0.995623,0.995434,1.03028,1.29699,1.0,target above the codec's largest output,-1.34409,-2.62445,-2.6613,-2.08416,False,2.58627,1.94701,2.90376,4.29377,6.25499,6.86916,10.815,6.88672,10.7162,7.50765,0,1.38626,1.39474,1.38695,1.49017,1.39324,1.3584,1.33335,1.4563,2592,0,0,0,0.000217098,0,0.000252011,128.688,144.592,154.928,130.311,10,2.26401,,11.4011,7.12566,1.49017,7.16556,3.23562,2.89853,4.24636,4.26129,3.19819,0.95705,0.647581,1.68683,4608
imx708_cool_s-1_air,imx708,cool,-1,air,M2,,processed,50kB,50000,47961,0.0321241,True,1.62676,1.52442,3.8039,2.91909,7.12896,2.26917,1.917,0.979049,0.97261,1.46054,1.25493,28.0998,,-0.288026,-3.67292,-3.78024,-1.34364,False,8.93974,5.26716,6.54572,3.49915,10.6819,9.21852,18.8086,9.31265,19.0401,11.1691,0,1.7655,1.62548,1.63889,1.43317,1.92078,1.81096,1.81773,1.62676,2592,0,0,0,0.000217098,0,0.000252011,201.227,352.869,304.283,169.932,10,5.99224,,498.069,311.293,1.43317,12.93,2.23839,4.33558,8.5164,8.51837,4.51977,2.28504,0.941706,3.24912,4608
imx708_cool_s-1_air,imx708,cool,-1,air,M2h,,processed,T1,597197,603498,0.404221,True,1.01759,0.302391,0.715793,0.551779,1.51247,0.418412,0.386575,0.994608,0.991664,2.21936,1.25198,57,,-0.0932279,-0.0522366,-0.137393,-0.0626013,False,2.10939,1.16357,1.61301,0.902962,2.76534,0.90299,2.8482,0.924501,2.97673,2.26,0,0.939216,0.87972,0.917954,0.816763,1.14361,1.04594,1.05599,1.01759,2592,0,0,0,0.000217098,0,0.000252011,114.598,153.948,162.157,114.111,10,1.26438,,39.5824,24.739,0.816763,1.38038,0.441861,2.57884,3.42912,3.36945,2.35944,0.391753,0.159993,0.819017,4608
imx708_cool_s-1_air,imx708,cool,-1,air,M2h,,processed,T2,1.19439e+06,1245700,0.834365,True,0.905683,0.220006,0.550382,0.425508,1.13698,0.321324,0.290066,0.996231,0.994353,3.12071,1.48175,65,,-0.0758718,-0.0315322,-0.10053,-0.0530786,False,1.65771,0.881641,1.25968,0.759481,2.19338,0.705493,2.14977,0.726947,2.26286,1.7212,0,0.947828,0.861117,0.859882,0.835955,1.04999,0.898326,0.896908,0.905683,2592,0,0,0,0.000217098,0,0.000252011,110.144,146.292,132.986,116.276,10,1.34925,,19.1763,11.9852,0.835955,1.09816,0.257362,2.44583,2.88892,2.84276,2.11654,0.298559,0.116152,0.783057,4608
imx708_cool_s-1_air,imx708,cool,-1,air,M2h,,processed,T3,2.38879e+06,2266769,1.51827,False,0.785822,0.207985,0.492973,0.380895,0.995405,0.286184,0.277457,0.997142,0.995845,4.13693,1.98774,72,bracketed (integer knob): metrics interpolated,-0.0590113,-0.0213114,-0.0774556,-0.0551177,False,1.49144,0.784904,1.15581,0.687412,1.93505,0.626514,1.83257,0.652074,1.92433,1.53494,0,0.957797,0.870482,0.871201,0.868004,0.943941,0.761342,0.778796,0.785822,2592,0,0,0,0.000217098,0,0.000252011,107.879,130.849,140.343,112.715,10,0.981529,,10.5383,6.58643,0.868004,0.946806,0.20622,2.32772,2.51199,2.47445,1.94782,0.213838,0.10728,0.569211,4608
imx708_cool_s-1_air,imx708,cool,-1,air,M2h,,processed,T3,2.38879e+06,2704134,1.81122,False,0.744677,0.187618,0.480436,0.374304,0.97047,0.280951,0.242531,0.997402,0.99625,3.99851,1.39841,73,bracketed (integer knob): metrics interpolated,-0.056861,-0.0204472,-0.0716594,-0.0597043,False,1.45894,0.768979,1.11737,0.679886,1.88065,0.615835,1.78047,0.630147,1.88168,1.51149,0,0.951811,0.86903,0.880182,0.858373,0.909798,0.71824,0.722157,0.744677,2592,0,0,0,0.000217098,0,0.000252011,107.879,130.849,125.587,123.336,10,0.682956,,8.83383,5.52115,0.858373,0.987748,0.261819,2.29094,2.40615,2.36752,1.89571,0.202675,0.0994069,0.400088,4608
imx708_cool_s-1_air,imx708,cool,-1,air,M2h,,processed,50kB,50000,47800,0.0320162,True,1.30369,0.695801,1.85416,1.30608,3.53272,0.974625,0.849065,0.984189,0.977847,1.39767,1.32085,26,,0.144745,-0.0749219,-0.173543,-0.141042,False,5.17831,2.74101,4.04675,2.21832,7.1318,2.1683,6.82053,2.17123,6.83923,5.98277,0,1.11853,1.13933,1.12905,1.03721,1.38751,1.39788,1.39797,1.30369,2592,0,0,0,0.000217098,0,0.000252011,247.647,369.365,400.441,172.489,10,4.64747,,499.746,312.341,1.03721,3.59487,0.941916,3.69383,5.95186,5.82706,3.65018,1.42271,0.342698,3.14505,4608
imx708_cool_s-1_air,imx708,cool,-1,air,C,C,lossless,lossless,,5025330,3.36595,,0,0,0,0,0,0,0,1,1,0.63726,0.461463,,,0,0,0,0,True,0,0,0,0,0,0,0,0,0,0,0,0.828113,0.834556,0.830105,0.828804,0,0,0,0,2592,,,,,,,0,0,0,0,10,0,True,4.75349,2.97093,0.828804,0,0,0,0,0,0,0,0,0,4608
imx708_cool_s-1_air,imx708,cool,-1,air,C-jls,C-jls,lossless,lossless,,4894847,3.27855,,0,0,0,0,0,0,0,1,1,0.305916,0.330067,,,0,0,0,0,True,0,0,0,0,0,0,0,0,0,0,0,0.828113,0.834556,0.830105,0.828804,0,0,0,0,2592,,,,,,,0,0,0,0,10,0,,4.88021,3.05013,0.828804,0,0,0,0,0,0,0,0,0,4608
imx708_cool_s-1_air,imx708,cool,-1,air,C-png,C-png,lossless,lossless,,6861934,4.5961,,0,0,0,0,0,0,0,1,1,28.1732,0.209908,,,0,0,0,0,True,0,0,0,0,0,0,0,0,0,0,0,0.828113,0.834556,0.830105,0.828804,0,0,0,0,2592,,,,,,,0,0,0,0,10,0,,3.48122,2.17576,0.828804,0,0,0,0,0,0,0,0,0,4608
imx708_cool_s-1_air,imx708,cool,-1,air,C2,C2/e3,lossless,lossless,,4588837,3.07358,,0,0,0,0,0,0,0,1,1,0.62303,0.55929,,,0,0,0,0,True,0,0,0,0,0,0,0,0,0,0,0,0.828113,0.834556,0.830105,0.828804,0,0,0,0,2592,,,,,,,0,0,0,0,10,0,,5.20565,3.25353,0.828804,0,0,0,0,0,0,0,0,0,4608
imx708_cool_s-1_air,imx708,cool,-1,air,C2,C2/e7,lossless,lossless,,4492958,3.00937,,0,0,0,0,0,0,0,1,1,5.36078,0.850237,,,0,0,0,0,True,0,0,0,0,0,0,0,0,0,0,0,0.828113,0.834556,0.830105,0.828804,0,0,0,0,2592,,,,,,,0,0,0,0,10,0,,5.31674,3.32296,0.828804,0,0,0,0,0,0,0,0,0,4608
imx708_cool_s-1_air,imx708,cool,-1,air,C2,C2/e7/tiled,lossless,lossless,,4491896,3.00865,,0,0,0,0,0,0,0,1,1,5.30974,0.802047,,,0,0,0,0,True,0,0,0,0,0,0,0,0,0,0,0,0.828113,0.834556,0.830105,0.828804,0,0,0,0,2592,,,,,,,0,0,0,0,10,0,,5.31799,3.32375,0.828804,0,0,0,0,0,0,0,0,0,4608
imx708_cool_s-1_air,imx708,cool,-1,air,N,N/b7,near-lossless,near-lossless,,2844785,1.90543,,0.570102,0.196018,0.534753,0.327008,1.10335,0.26706,0.23468,0.998087,0.998698,0.210969,0.246545,,,0.0606614,0.0932482,0.0934769,0.0995192,False,2.30517,0.959857,1.96012,0.629192,1.77596,0.582604,1.92897,0.58681,1.94186,1.42037,0,1.02291,0.982591,0.977704,0.99618,0.593207,0.488673,0.489306,0.570102,2592,,,,,,,5.25352,7.0429,7.0429,4.79639,10,1.62909,,8.39707,5.24817,0.99618,1.62018,0.239535,0.991328,1.4705,1.47013,1.10603,0.459795,0.102694,1.06198,4608
imx708_cool_s-1_air,imx708,cool,-1,air,N,N/b8,near-lossless,near-lossless,,3971794,2.66029,,0.273529,0.105526,0.260195,0.182263,0.932957,0.144536,0.129199,0.999551,0.999679,0.227593,0.271162,,,0.00648591,-0.00674777,-0.00751846,-0.00838181,False,1.76634,0.821754,1.48157,0.335856,1.41128,0.317142,1.08176,0.316825,1.07785,0.919848,0,0.87165,0.862567,0.866611,0.876731,0.281768,0.243925,0.244517,0.273529,2592,,,,,,,2.72889,3.59848,3.50682,2.54624,10,0.882892,,6.01438,3.75899,0.876731,1.8374,0.0980365,0.48898,0.728816,0.728228,0.546203,0.246821,0.0567359,0.566319,4608
imx708_cool_s-1_air,imx708,cool,-1,air,N,N/b9,near-lossless,near-lossless,,5370124,3.59689,,0.13118,0.0499415,0.119265,0.0909255,0.325615,0.0691284,0.0623858,0.999898,0.99992,0.236176,0.29163,,,0.0119461,0.0201163,0.0196161,0.0103575,False,0.571577,0.299395,0.500776,0.146914,0.582315,0.154953,0.768477,0.155108,0.768163,0.431655,0,0.841939,0.841964,0.838817,0.836868,0.140276,0.122661,0.122046,0.13118,2592,,,,,,,1.33756,1.79235,1.79771,1.30145,10,0.312303,,4.44829,2.78018,0.836868,0.53316,0.0530153,0.242273,0.355182,0.355055,0.266432,0.10511,0.025258,0.207114,4608
imx708_cool_s-1_air,imx708,cool,-1,air,N,N/b10,near-lossless,near-lossless,,6845041,4.58478,,0.0687095,0.045569,0.0860086,0.0601571,0.211061,0.0465731,0.0539751,0.999975,0.99998,0.224667,0.315471,,,-0.000200527,-0.0133465,-0.013365,-0.000437289,False,0.298439,0.178273,0.240973,0.108469,0.296578,0.0914187,0.541339,0.0903011,0.538843,0.271028,0,0.827468,0.836798,0.827902,0.834276,0.0738547,0.0619214,0.0616146,0.0687095,2592,,,,,,,0.661441,0.803792,0.882836,0.587239,10,0.216532,,3.48981,2.18113,0.834276,0.278852,0.0223118,0.1239,0.183089,0.183026,0.138311,0.0832491,0.0212309,0.178307,4608
imx708_cool_s-1_air,imx708,cool,-1,air,D,D,raw,T1,597197,578713,0.38762,True,1.13764,0.187096,0.949429,0.559651,1.65164,0.422181,0.2082,0.988027,0.984957,0.0891304,0.135693,80,,0.0301796,0.0370467,0.0304791,0.00995434,False,2.54271,1.42224,2.23289,0.990853,2.65747,1.23463,3.2846,1.232,3.25232,2.37919,6.70474e-07,0.958707,0.971544,0.991419,0.946949,1.14154,1.19087,1.20114,1.13764,2592,,,,,,,112.488,231.813,164.472,100.136,10,0.882387,,41.2776,25.7985,0.946949,2.72925,0.205779,2.63101,4.39248,4.40012,2.91833,0.286715,0.0929721,0.610204,4608
imx708_cool_s-1_air,imx708,cool,-1,air,D,D,raw,T2,1.19439e+06,1193162,0.799175,True,1.00022,0.125041,0.502225,0.308159,1.08866,0.234486,0.148316,0.992526,0.991696,0.100223,0.146663,92,,-0.0050347,-0.0167505,-0.016999,-0.0207788,False,1.92424,0.96461,1.63722,0.552664,1.67095,0.639124,1.75015,0.63361,1.75203,1.34484,0,0.949171,0.962633,0.97651,0.955746,1.00541,1.04912,1.05694,1.00022,2592,,,,,,,50.2278,72.7993,73.2278,46.1558,10,0.630149,,20.0206,12.5129,0.955746,1.9307,0.124308,1.96418,3.2731,3.273,2.20883,0.202377,0.0649185,0.406177,4608
imx708_cool_s-1_air,imx708,cool,-1,air,D,D,raw,T3,2.38879e+06,2457749,1.64619,True,0.839002,0.113707,0.316986,0.214598,0.970699,0.166519,0.13561,0.995964,0.995778,0.119972,0.14916,97,,-0.000202748,-0.0124264,-0.01281,-0.0170427,False,1.811,0.860443,1.54245,0.386255,1.45757,0.394856,1.26933,0.392473,1.27936,1.02879,0,1.00788,1.03356,1.05099,1.02128,0.848188,0.861795,0.862077,0.839002,2592,,,,,,,21.7855,30.9576,28.1606,18.044,10,0.857091,,9.71941,6.07463,1.02128,1.61418,0.14056,1.45635,2.34228,2.34198,1.648,0.24518,0.0600043,0.551206,4608
imx708_cool_s-1_air,imx708,cool,-1,air,D,D,raw,50kB,50000,49603,0.0332239,True,21.632,34.423,88.5255,34.1029,41.9653,31.4815,27.747,0.784105,0.73374,0.07064,0.116578,1,,-10.0849,3.58452,3.39912,-13.6553,False,47.2308,72.2026,74.9529,57.1368,123.664,167.898,412.172,166.774,411.989,157.956,0.000193097,22.319,22.8924,22.7396,21.6352,22.3736,22.9084,22.7906,21.632,2592,,,,,,,678.412,806.437,752.806,639.412,10,54.5051,,481.581,300.988,21.6352,131.558,68.8438,37.6606,93.7395,93.5773,46.969,102.65,32.4117,71.0859,4608
imx708_cool_s-1_air,imx708,cool,-1,air,D2,D2/modular,raw,T1,597197,591255,0.39602,True,1.04374,0.0421968,0.24552,0.14694,0.399282,0.111811,0.0478306,0.990157,0.989303,4.21735,0.711624,1.3618,,-0.0127303,-0.0195939,-0.0168785,-0.0159274,False,0.59247,0.333532,0.508619,0.246818,0.728694,0.32694,0.974149,0.327349,0.971064,0.733547,0,0.82283,0.895845,0.88668,0.838237,1.04609,1.11934,1.12476,1.04374,2592,,,,,,,57.8141,96.3475,92.0339,48.4922,10,0.16206,,40.402,25.2512,0.838237,0.242034,0.0673594,2.18623,3.74855,3.75077,2.47228,0.0572992,0.0238446,0.122793,4608
imx708_cool_s-1_air,imx708,cool,-1,air,D2,D2/modular,raw,T2,1.19439e+06,1187114,0.795124,True,0.923242,0.0320153,0.138454,0.0818252,0.214747,0.0617709,0.0355846,0.994283,0.993629,5.21144,0.702007,0.6254,,-0.00860413,-0.0120457,-0.0108861,-0.00874158,False,0.305875,0.180898,0.271935,0.139245,0.382705,0.181224,0.50778,0.18277,0.503548,0.379637,0,0.912259,1.00571,1.02014,0.937064,0.922213,0.984765,0.979575,0.923242,2592,,,,,,,34.1091,43.864,46.1268,29.0858,10,0.108106,,20.1226,12.5767,0.937064,0.19182,0.0473503,1.68448,2.82863,2.82807,1.90515,0.0418789,0.0163839,0.0991476,4608
imx708_cool_s-1_air,imx708,cool,-1,air,D2,D2/modular,raw,T3,2.38879e+06,2417332,1.61912,True,0.606604,0.0209704,0.0930975,0.0565505,0.154572,0.0423541,0.0260377,0.9978,0.998061,4.88509,0.755767,0.2797,,-0.00317853,-0.00646505,-0.0067811,-0.002616,False,0.235826,0.13355,0.221416,0.0955997,0.270186,0.12266,0.35109,0.12134,0.34861,0.263292,0,1.00668,0.991437,1.00507,1.00018,0.613647,0.56551,0.570484,0.606604,2592,,,,,,,15.6642,26.0358,22.2711,13.4352,10,0.0968859,,9.88192,6.1762,1.00018,0.129958,0.0260138,1.05863,1.63509,1.63732,1.19057,0.0301307,0.0105344,0.064754,4608
imx708_cool_s-1_air,imx708,cool,-1,air,D2,D2/modular,raw,50kB,50000,55947,0.0374731,False,1.39187,0.329959,1.75901,0.922431,3.87329,0.745675,0.386526,0.963687,0.896426,1.11279,0.448015,25.0,target below the codec's smallest output,-0.122492,-0.204025,-0.20371,-0.142066,False,6.14391,3.04825,4.97502,1.70817,7.1997,2.44176,10.4409,2.44725,10.4157,7.38859,0,1.08597,1.2035,1.25811,1.1495,1.35029,1.44583,1.53134,1.39187,2592,,,,,,,293.774,676.674,608.584,318.522,10,1.58616,,426.973,266.858,1.1495,3.90631,0.447135,6.7846,12.0991,11.9901,7.03838,0.687107,0.196578,1.21699,4608
imx708_cool_s-1_air,imx708,cool,-1,air,D,D/red+1.5,raw,T1,597197,594381,0.398114,True,1.04851,0.142919,0.630008,0.566969,1.59681,0.438999,0.171802,0.987878,0.983399,0.085417,0.135714,"{""R"": 88, ""GB"": 76}",R share 0.38 (eq 0.24),-0.00597118,-0.0207981,-0.020495,-0.0176419,False,2.44521,1.35618,2.06972,1.18747,2.75383,1.53893,3.37698,1.54216,3.37291,1.59582,0,0.940742,0.970332,1.01132,0.942092,1.16541,1.22277,1.2229,1.04851,2592,,,,,,,112.488,254.938,219.151,67.8749,10,1.55831,,40.1895,25.1184,0.942092,1.26206,0.15004,2.80835,4.68042,4.68587,2.47382,0.415997,0.0782007,0.98657,4608
imx708_cool_s-1_air,imx708,cool,-1,air,D,D/red+1.5,raw,T2,1.19439e+06,1165969,0.780961,True,0.926072,0.133266,0.396672,0.33188,1.17253,0.256802,0.162418,0.991922,0.990833,0.1275,0.21425,"{""R"": 95, ""GB"": 89}",R share 0.38 (eq 0.25),0.000811115,-0.00748819,-0.0103227,-0.0213293,False,1.99578,1.01545,1.72094,0.671641,1.87273,0.808176,2.08854,0.803478,2.08324,1.16401,0,0.959054,0.962605,0.977708,0.946406,1.04185,1.10246,1.09706,0.926072,2592,,,,,,,70.0511,102.568,99.2513,33.5462,10,0.598337,,20.4876,12.8047,0.946406,1.50816,0.113596,2.16497,3.61337,3.61785,1.92172,0.195122,0.0724442,0.391912,4608
imx708_cool_s-1_air,imx708,cool,-1,air,D,D/red+1.5,raw,T3,2.38879e+06,2545432,1.70492,False,0.539546,0.116767,0.312877,0.214077,0.96578,0.167099,0.145614,0.99579,0.995182,0.120076,0.173138,"{""R"": 99, ""GB"": 96}",R share 0.39 (eq 0.25),-0.00171999,-0.0132033,-0.0148357,-0.012681,False,1.79911,0.861149,1.5205,0.386718,1.46392,0.396346,1.28339,0.394384,1.27869,1.01272,0,0.973704,1.00632,1.01987,1.02118,0.90794,0.933223,0.946721,0.539546,2592,,,,,,,30.8408,43.3309,33.4815,10.6279,10,1.01386,,9.3846,5.86538,1.02118,1.92409,0.103762,1.58908,2.61122,2.61075,1.06048,0.284989,0.0611711,0.649932,4608
imx708_cool_s-1_air,imx708,cool,-1,air,D,D/red+1.5,raw,50kB,50000,56120,0.0375889,False,4.29614,31.913,16.0177,37.6285,47.1118,34.5656,28.4566,0.840772,0.762975,0.0735,0.117827,"{""R"": 7, ""GB"": 1}",R share 0.33 (eq 0.25),-10.0849,3.58452,3.39912,0.660753,False,51.8541,61.1201,63.5287,57.1368,123.664,167.898,412.172,166.774,411.989,33.1664,0.000300708,22.319,22.8924,22.7396,4.20406,22.3736,22.9084,22.7906,4.29614,2592,,,,,,,678.412,806.437,752.806,288.444,10,57.7384,,425.657,266.036,4.20406,32.8258,7.31141,37.6606,93.7395,93.5773,10.8505,73.2961,25.3737,66.2968,4608
imx708_cool_s-1_air,imx708,cool,-1,air,D,D/red+2,raw,T1,597197,581596,0.389551,True,1.00821,0.249194,0.499447,0.722635,2.16602,0.564627,0.296677,0.986951,0.980623,0.0816736,0.154519,"{""R"": 91, ""GB"": 68}",R share 0.48 (eq 0.24),0.0654962,0.0619474,0.0648097,-0.0216215,False,3.23739,1.83447,2.76469,1.54338,3.97194,1.94602,4.77515,1.95102,4.78152,1.35804,0,0.990219,0.977112,1.02342,0.948128,1.20124,1.26296,1.26509,1.00821,2592,,,,,,,126.182,254.523,356.073,59.9358,10,1.23947,,41.073,25.6706,0.948128,1.88774,0.0990729,3.1137,5.18177,5.17884,2.27056,0.371177,0.126885,0.837196,4608
imx708_cool_s-1_air,imx708,cool,-1,air,D,D/red+2,raw,T2,1.19439e+06,1223405,0.819432,True,0.839002,0.130415,0.316986,0.328215,1.21011,0.255129,0.153475,0.991633,0.990127,0.114658,0.195034,"{""R"": 97, ""GB"": 86}",R share 0.51 (eq 0.25),0.00831329,0.00658585,0.00350075,-0.0170427,False,2.04931,1.04549,1.75343,0.681658,1.955,0.820696,2.21607,0.819834,2.20928,1.02879,0,0.97023,0.95217,0.98512,1.02128,1.07251,1.12065,1.13735,0.839002,2592,,,,,,,91.0278,140.89,128.398,18.044,10,0.544353,,19.5257,12.2036,1.02128,1.61418,0.14056,2.32396,3.88559,3.89099,1.648,0.257767,0.0689444,0.426127,4608
imx708_cool_s-1_air,imx708,cool,-1,air,D,D/red+2,raw,T3,2.38879e+06,2253556,1.50942,False,0.404093,0.112066,0.293791,0.234064,1.00753,0.183399,0.132692,0.994883,0.994033,0.119774,0.155873,"{""R"": 100, ""GB"": 94}",R share 0.48 (eq 0.25),-0.00279403,-0.0167604,-0.0173344,-0.0121604,False,1.83352,0.893509,1.5341,0.453021,1.53458,0.490688,1.48176,0.490847,1.47856,0.974555,0,0.945852,0.973128,0.965195,0.93494,0.96412,1.01014,1.00204,0.404093,2592,,,,,,,34.8749,54.4119,62.3142,7.05107,10,0.966315,,10.6001,6.62505,0.93494,1.78528,0.120958,1.7895,2.98243,2.97946,0.807276,0.265714,0.0587381,0.617787,4608
imx708_cool_s-1_air,imx708,cool,-1,air,D,D/red+2,raw,50kB,50000,60973,0.0408395,False,3.29654,32.4042,10.6659,37.9719,46.9075,34.788,28.711,0.84259,0.763971,0.0673813,0.138973,"{""R"": 11, ""GB"": 1}",R share 0.39 (eq 0.25),-10.0849,3.58452,3.39912,0.0795594,False,52.9174,61.318,63.6572,57.1368,123.664,167.898,412.172,166.774,411.989,20.8243,5.29675e-05,22.319,22.8924,22.7396,3.19395,22.3736,22.9084,22.7906,3.29654,2592,,,,,,,678.412,806.437,752.806,296.453,10,58.3925,,391.778,244.861,3.19395,16.638,4.94833,37.6606,93.7395,93.5773,8.0739,71.1942,25.8922,67.4009,4608
imx708_cool_s-1_air,imx708,cool,-1,air,D,D/3pl,raw,T1,597197,578710,0.387618,True,1.08502,0.191771,0.632532,0.444935,1.66852,0.340204,0.224596,0.987549,0.979831,0.0670307,0.110133,86,,0.00831329,0.288843,0.221876,-0.0119522,False,2.85206,1.45958,2.46257,0.681658,1.955,1.29548,7.58954,1.33399,7.59177,1.61819,0,0.97023,0.940551,0.974316,0.948915,1.07251,1.17453,1.18312,1.08502,2592,,,,,,,91.0278,387.938,310.062,76.9489,10,1.0507,,41.2778,25.7986,0.948915,1.50944,0.180112,2.32396,6.99695,7.00056,2.58888,0.380573,0.10253,0.764547,4608
imx708_cool_s-1_air,imx708,cool,-1,air,D,D/3pl,raw,T2,1.19439e+06,1123845,0.752747,False,0.953424,0.192348,0.39683,0.318257,1.43095,0.247155,0.224832,0.990622,0.983814,0.0751597,0.119882,94,bracketed (integer knob): metrics interpolated,-0.00279403,0.264187,0.197239,-0.0214427,False,2.58359,1.28851,2.12724,0.453021,1.53458,1.04718,7.56793,1.1006,7.57299,1.16611,0,0.945852,0.917644,0.942013,0.951021,0.96412,1.07489,1.09098,0.953424,2592,,,,,,,34.8749,347.159,350.841,37.3822,10,1.32996,,21.2555,13.2847,0.951021,1.64215,0.149084,1.7895,6.66082,6.65149,2.02367,0.365124,0.0973453,0.849003,4608
imx708_cool_s-1_air,imx708,cool,-1,air,D,D/3pl,raw,T2,1.19439e+06,1299412,0.870341,False,0.926072,0.190496,0.396672,0.319,1.435,0.245953,0.225909,0.991151,0.984391,0.0760598,0.122031,95,bracketed (integer knob): metrics interpolated,-0.0027977,0.263447,0.196492,-0.0213293,False,2.55426,1.28385,2.13053,0.453621,1.53348,1.04406,7.56487,1.09251,7.58656,1.16401,0,0.968256,0.906064,0.933829,0.946406,0.938939,1.05763,1.07079,0.926072,2592,,,,,,,31.044,341.216,356.784,33.5462,10,1.22566,,18.3836,11.4898,0.946406,1.50816,0.113596,1.69747,6.60551,6.6065,1.92172,0.336354,0.0956504,0.78331,4608
imx708_cool_s-1_air,imx708,cool,-1,air,D,D/3pl,raw,T3,2.38879e+06,2125749,1.42382,False,0.743705,0.174738,0.319634,0.280725,1.36901,0.219945,0.206004,0.993167,0.986622,0.117683,0.123952,98,bracketed (integer knob): metrics interpolated,0.00196221,0.265506,0.198542,-0.0145968,False,2.50494,1.22759,2.04154,0.389249,1.45586,0.988176,7.5356,1.05323,7.50566,1.02309,0,1.0599,0.95874,0.98209,1.06505,0.766806,0.982025,0.995069,0.743705,2592,,,,,,,15.3067,347.159,350.841,18.481,10,1.15195,,11.2374,7.02337,1.06505,1.93172,0.11093,1.26824,6.44236,6.4379,1.43433,0.313336,0.0872386,0.736509,4608
imx708_cool_s-1_air,imx708,cool,-1,air,D,D/3pl,raw,T3,2.38879e+06,2805203,1.87891,False,0.539546,0.173973,0.312877,0.276273,1.37297,0.216472,0.206355,0.994067,0.987672,0.108784,0.179697,99,bracketed (integer knob): metrics interpolated,0.00348379,0.267273,0.200337,-0.012681,False,2.47353,1.22357,2.03786,0.38195,1.44909,0.984408,7.51935,1.0512,7.51885,1.01272,0,1.03153,0.965979,0.987147,1.02118,0.557078,0.927211,0.939648,0.539546,2592,,,,,,,10.8339,347.159,350.841,10.6279,10,1.28961,,8.51556,5.32222,1.02118,1.92409,0.103762,0.94062,6.35801,6.35346,1.06048,0.354863,0.0879872,0.82455,4608
imx708_cool_s-1_air,imx708,cool,-1,air,D,D/3pl,raw,50kB,50000,50458,0.0337966,True,4.84584,7.95246,23.6532,11.7306,23.9973,9.5706,8.60657,0.930241,0.848609,0.0821945,0.11299,5,,0.213808,1.03407,0.967906,-0.434333,False,27.5397,29.9713,38.5326,22.8009,47.4142,29.1922,64.636,29.1787,64.9103,46.1879,0.000104259,5.03081,5.59787,5.61132,4.81359,5.12338,5.64969,5.62783,4.84584,2592,,,,,,,501.468,828.79,649.415,378.407,10,21.7112,,473.421,295.888,4.81359,41.8622,9.40431,12.6958,21.0064,20.9932,14.049,9.87578,4.21034,21.6173,4608
imx708_cool_s-1_air,imx708,cool,-1,air,D,D/tiled,raw,T1,597197,578354,0.387379,True,1.13764,0.187096,0.949429,0.559651,1.65164,0.422181,0.2082,0.988027,0.984957,0.0507217,0.094422,80,,0.0301796,0.0370467,0.0304791,0.00995434,False,2.54271,1.42224,2.23289,0.990853,2.65747,1.23463,3.2846,1.232,3.25232,2.37919,6.70474e-07,0.958707,0.971544,0.991419,0.946949,1.14154,1.19087,1.20114,1.13764,2592,,,,,,,112.488,231.813,164.472,100.136,10,0.882387,,41.3032,25.8145,0.946949,2.72925,0.205779,2.63101,4.39248,4.40012,2.91833,0.286715,0.0929721,0.610204,4608
imx708_cool_s-1_air,imx708,cool,-1,air,D,D/tiled,raw,T2,1.19439e+06,1192045,0.798427,True,1.00022,0.125041,0.502225,0.308159,1.08866,0.234486,0.148316,0.992526,0.991696,0.0675757,0.104263,92,,-0.0050347,-0.0167505,-0.016999,-0.0207788,False,1.92424,0.96461,1.63722,0.552664,1.67095,0.639124,1.75015,0.63361,1.75203,1.34484,0,0.949171,0.962633,0.97651,0.955746,1.00541,1.04912,1.05694,1.00022,2592,,,,,,,50.2278,72.7993,73.2278,46.1558,10,0.630149,,20.0394,12.5246,0.955746,1.9307,0.124308,1.96418,3.2731,3.273,2.20883,0.202377,0.0649185,0.406177,4608
imx708_cool_s-1_air,imx708,cool,-1,air,D,D/tiled,raw,T3,2.38879e+06,2457526,1.64604,True,0.839002,0.113707,0.316986,0.214598,0.970699,0.166519,0.13561,0.995964,0.995778,0.0900644,0.121447,97,,-0.000202748,-0.0124264,-0.01281,-0.0170427,False,1.811,0.860443,1.54245,0.386255,1.45757,0.394856,1.26933,0.392473,1.27936,1.02879,0,1.00788,1.03356,1.05099,1.02128,0.848188,0.861795,0.862077,0.839002,2592,,,,,,,21.7855,30.9576,28.1606,18.044,10,0.857091,,9.72029,6.07518,1.02128,1.61418,0.14056,1.45635,2.34228,2.34198,1.648,0.24518,0.0600043,0.551206,4608
imx708_cool_s-1_air,imx708,cool,-1,air,D,D/tiled,raw,50kB,50000,48915,0.0327631,True,21.632,34.423,88.5255,34.1029,41.9653,31.4815,27.747,0.784105,0.73374,0.052459,0.0888263,1,,-10.0849,3.58452,3.39912,-13.6553,False,47.2308,72.2026,74.9529,57.1368,123.664,167.898,412.172,166.774,411.989,157.956,0.000193097,22.319,22.8924,22.7396,21.6352,22.3736,22.9084,22.7906,21.632,2592,,,,,,,678.412,806.437,752.806,639.412,10,54.5051,,488.355,305.222,21.6352,131.558,68.8438,37.6606,93.7395,93.5773,46.969,102.65,32.4117,71.0859,4608
imx708_cool_s-1_air,imx708,cool,-1,air,D2,D2/modular/red+1.5,raw,T1,597197,589002,0.394511,True,0.985211,0.0594887,0.161425,0.14183,0.394616,0.108523,0.0705028,0.989713,0.988737,4.36633,0.630145,"{""R"": 0.8677, ""GB"": 1.7219}",R share 0.37 (eq 0.25),-0.0151343,-0.0244795,-0.0218155,-0.011736,False,0.59911,0.325562,0.486777,0.272119,0.788727,0.359439,1.05849,0.359955,1.06324,0.503056,0,0.80852,0.872323,0.869092,0.868623,1.05637,1.13487,1.15015,0.985211,2592,,,,,,,57.9203,90.9155,80.2803,49.0192,10,0.268191,,40.5565,25.3478,0.868623,0.261287,0.0655548,2.36548,4.04683,4.06029,2.14483,0.0862012,0.0315276,0.182419,4608
imx708_cool_s-1_air,imx708,cool,-1,air,D2,D2/modular/red+1.5,raw,T2,1.19439e+06,1197739,0.802241,True,0.764233,0.0334772,0.119388,0.09083,0.249827,0.0689065,0.0418686,0.994024,0.99304,4.60445,0.695831,"{""R"": 0.4015, ""GB"": 0.757}",R share 0.38 (eq 0.25),-0.0094224,-0.0136881,-0.0127451,-0.004933,False,0.360623,0.209101,0.309883,0.162124,0.504385,0.215629,0.669782,0.213431,0.673563,0.336479,0,0.895916,0.997361,0.970919,1.02108,0.970066,1.03574,1.04108,0.764233,2592,,,,,,,49.7498,55.4986,62.9727,25.1969,10,0.11088,,19.9441,12.4651,1.02108,0.112088,0.0280382,1.80867,3.06795,3.06892,1.54006,0.0395923,0.0175403,0.0981391,4608
imx708_cool_s-1_air,imx708,cool,-1,air,D2,D2/modular/red+1.5,raw,T3,2.38879e+06,2410915,1.61482,True,0.339516,0.0229114,0.0685854,0.0622996,0.172653,0.0476379,0.0277525,0.997374,0.997284,5.14291,0.727243,"{""R"": 0.15, ""GB"": 0.3497}",R share 0.39 (eq 0.26),-0.00331457,-0.00780878,-0.00621915,-0.00395806,False,0.259793,0.145838,0.218797,0.122743,0.346871,0.160093,0.452821,0.158309,0.451572,0.197456,0,1.02696,1.04141,1.06127,0.893391,0.724756,0.688523,0.695601,0.339516,2592,,,,,,,19.7195,33.5424,35.4937,9.18461,10,0.107325,,9.90822,6.19264,0.893391,0.0859694,0.0280191,1.25818,1.98077,1.98399,0.674306,0.0291162,0.011521,0.0653724,4608
imx708_cool_s-1_air,imx708,cool,-1,air,D2,D2/modular/red+1.5,raw,50kB,50000,60779,0.0407095,False,1.27904,0.252328,1.46988,0.880158,3.6925,0.708404,0.3036,0.964775,0.898295,1.90094,0.444423,"{""R"": 19.2559, ""GB"": 25.0}",R share 0.29 (eq 0.23),-0.122492,-0.204025,-0.20371,-0.107349,False,5.8131,2.90428,4.62436,1.70817,7.1997,2.44176,10.4409,2.44725,10.4157,5.47764,2.6819e-06,1.08597,1.2035,1.25811,1.01757,1.35029,1.44583,1.53134,1.27904,2592,,,,,,,293.774,676.674,608.584,322.219,10,0.972365,,393.028,245.643,1.01757,1.50811,0.390894,6.7846,12.0991,11.9901,6.65989,0.464266,0.160631,0.66808,4608
imx708_cool_s-1_air,imx708,cool,-1,air,D2,D2/modular/red+2,raw,T1,597197,590204,0.395316,True,0.924918,0.0626933,0.13845,0.154516,0.443826,0.119787,0.0736899,0.989045,0.987841,4.6526,0.636999,"{""R"": 0.6314, ""GB"": 2.2571}",R share 0.50 (eq 0.25),-0.0203005,-0.0297385,-0.0306035,-0.00895949,False,0.667766,0.362198,0.539045,0.313265,0.919779,0.419663,1.23477,0.415292,1.23815,0.38088,0,0.801074,0.866455,0.881861,0.930683,1.0869,1.15499,1.16893,0.924918,2592,,,,,,,73.9525,108.046,97.9154,29.4976,10,0.316831,,40.4739,25.2962,0.930683,0.194399,0.0462689,2.58788,4.42503,4.42376,1.91816,0.117207,0.0326931,0.326154,4608
imx708_cool_s-1_air,imx708,cool,-1,air,D2,D2/modular/red+2,raw,T2,1.19439e+06,1211456,0.811428,True,0.632717,0.0308053,0.0947068,0.087865,0.24922,0.0672466,0.0349642,0.993501,0.992322,4.5485,0.658,"{""R"": 0.2942, ""GB"": 0.96}",R share 0.50 (eq 0.25),-0.0130492,-0.0155529,-0.0156435,-0.00274848,False,0.364249,0.210389,0.319017,0.167169,0.515893,0.221337,0.687909,0.218859,0.682271,0.270194,0,0.860931,0.916739,0.897086,1.00333,1.0019,1.07439,1.07303,0.632717,2592,,,,,,,51.8976,69.2254,88.4655,15.4593,10,0.129972,,19.7183,12.3239,1.00333,0.1379,0.0201351,1.95062,3.33316,3.3352,1.24057,0.0415541,0.0168838,0.0897372,4608
imx708_cool_s-1_air,imx708,cool,-1,air,D2,D2/modular/red+2,raw,T3,2.38879e+06,2426028,1.62494,True,0.173292,0.0289912,0.0527493,0.0600083,0.169133,0.0465796,0.035063,0.996454,0.995934,5.19546,0.698117,"{""R"": 0.0781, ""GB"": 0.4718}",R share 0.53 (eq 0.26),-0.00625345,-0.0101589,-0.00826546,-0.00558267,False,0.246262,0.142334,0.209273,0.121918,0.346766,0.159814,0.458438,0.157171,0.453556,0.152351,0,0.976061,1.09037,1.07477,0.848626,0.849558,0.862685,0.857182,0.173292,2592,,,,,,,25.4011,43.9466,45.2727,4.15662,10,0.102838,,9.84649,6.15406,0.848626,0.103584,0.0179727,1.49277,2.44111,2.44147,0.354327,0.0342834,0.0138875,0.0705914,4608
imx708_cool_s-1_air,imx708,cool,-1,air,D2,D2/modular/red+2,raw,50kB,50000,66304,0.0444102,False,1.24339,0.249624,1.23414,0.898956,3.67572,0.706856,0.308795,0.966106,0.90389,1.83148,0.500761,"{""R"": 13.3436, ""GB"": 25.0}",R share 0.35 (eq 0.23),-0.122492,-0.204025,-0.20371,-0.0946643,False,5.74254,2.88219,4.5256,1.70817,7.1997,2.44176,10.4409,2.44725,10.4157,4.06569,3.01713e-06,1.08597,1.2035,1.25811,0.963363,1.35029,1.44583,1.53134,1.24339,2592,,,,,,,293.774,676.674,608.584,257.423,10,1.06229,,360.278,225.174,0.963363,1.4139,0.395293,6.7846,12.0991,11.9901,5.83009,0.466068,0.155432,0.684896,4608
imx708_cool_s-1_air,imx708,cool,-1,air,D2,D2/modular/3pl,raw,T1,597197,591425,0.396134,True,0.996442,0.136371,0.164229,0.266946,0.824339,0.215217,0.166572,0.989264,0.982503,3.52087,0.554025,0.917,,-0.012383,0.264355,0.197344,-0.0123387,False,1.23536,0.696481,1.05808,0.165938,0.514205,0.960566,7.51844,1.06131,7.51948,0.509554,0,0.863489,0.880183,0.868329,0.859072,0.998679,1.10543,1.11689,0.996442,2592,,,,,,,36.6605,338.572,359.428,49.5563,10,0.53688,,40.3904,25.244,0.859072,0.265056,0.0608233,1.92589,6.77505,6.78272,2.18639,0.164026,0.0687588,0.363616,4608
imx708_cool_s-1_air,imx708,cool,-1,air,D2,D2/modular/3pl,raw,T2,1.19439e+06,1185939,0.794337,True,0.791777,0.135264,0.118056,0.25212,0.761166,0.205814,0.160383,0.992346,0.985567,3.26893,0.527466,0.418,,-0.00479749,0.268595,0.201632,-0.00463933,False,1.12275,0.652223,0.940575,0.12137,0.342605,0.95012,7.49947,1.05264,7.51144,0.334789,0,1.0156,0.904182,0.923368,1.02638,0.807478,1.00387,1.02063,0.791777,2592,,,,,,,27.8635,338.944,359.056,21.364,10,0.559597,,20.1426,12.5891,1.02638,0.147309,0.0333215,1.40642,6.50789,6.5081,1.58689,0.168553,0.0683971,0.365368,4608
imx708_cool_s-1_air,imx708,cool,-1,air,D2,D2/modular/3pl,raw,T3,2.38879e+06,2382232,1.59561,True,0.394768,0.135598,0.0877386,0.246466,0.754078,0.202484,0.167265,0.994655,0.988026,3.73752,0.604118,0.1746,,-0.00254994,0.27123,0.204287,-0.00315517,False,1.09252,0.634978,0.927999,0.0902049,0.261357,0.9537,7.52306,1.03944,7.51369,0.24782,0,0.93915,0.908946,0.915453,0.928913,0.422534,0.852586,0.863683,0.394768,2592,,,,,,,10.5768,351.516,346.484,10.2083,10,0.509549,,10.0275,6.2672,0.928913,0.127961,0.0255614,0.714813,6.30689,6.2978,0.796493,0.15253,0.0690157,0.333108,4608
imx708_cool_s-1_air,imx708,cool,-1,air,D2,D2/modular/3pl,raw,50kB,50000,45990,0.0308039,False,1.33149,0.397946,1.62341,0.937169,3.7579,0.750534,0.50715,0.965673,0.905995,0.786942,0.358324,20.001,did not converge within ±5 %,-0.106698,0.128643,0.059711,-0.127116,False,5.87853,3.01258,4.83892,1.57633,6.31903,2.43521,11.0542,2.44006,11.0211,6.43849,1.67619e-06,1.00931,1.18714,1.17275,1.08525,1.27643,1.44457,1.44234,1.33149,2592,,,,,,,299.171,679.136,569.449,305.154,10,1.69429,,519.414,324.634,1.08525,2.06123,0.371542,6.39194,12.0973,11.9802,6.66758,0.564096,0.216819,1.13318,4608
imx708_cool_s-1_air,imx708,cool,-1,air,D2,D2/modular/tiled,raw,T1,597197,592981,0.397176,True,1.04353,0.0422126,0.246107,0.14731,0.400871,0.111937,0.0478525,0.990177,0.989303,4.05997,0.624665,1.3428,,-0.0125691,-0.0194837,-0.0165751,-0.0158484,False,0.59139,0.334763,0.511524,0.247046,0.728924,0.327816,0.977399,0.328992,0.97678,0.734984,0,0.82283,0.895845,0.88668,0.838237,1.04609,1.11909,1.12476,1.04353,2592,,,,,,,57.5378,95.9986,91.2889,47.1692,10,0.16206,,40.2844,25.1777,0.838237,0.242034,0.0673594,2.1839,3.74267,3.74695,2.46977,0.0572992,0.0238497,0.122793,4608
imx708_cool_s-1_air,imx708,cool,-1,air,D2,D2/modular/tiled,raw,T2,1.19439e+06,1185763,0.794219,True,0.923242,0.0320153,0.138492,0.0817971,0.21485,0.0617359,0.0355846,0.994277,0.993629,4.79309,0.639553,0.6223,,-0.0085833,-0.0120597,-0.0109731,-0.00873974,False,0.305984,0.180954,0.272582,0.139136,0.382509,0.181418,0.507867,0.183068,0.504016,0.379861,0,0.912259,1.00571,1.02014,0.937064,0.922213,0.984765,0.979575,0.923242,2592,,,,,,,34.1091,43.864,46.1268,29.0858,10,0.108106,,20.1456,12.591,0.937064,0.19182,0.0473503,1.68471,2.82882,2.82896,1.90554,0.0418789,0.0163839,0.0991476,4608
imx708_cool_s-1_air,imx708,cool,-1,air,D2,D2/modular/tiled,raw,T3,2.38879e+06,2384818,1.59734,True,0.614303,0.0207608,0.0931064,0.0566746,0.155796,0.0424225,0.0257345,0.997757,0.998012,5.72568,0.760947,0.2803,,-0.00347402,-0.00697676,-0.00666247,-0.00282623,False,0.239255,0.13379,0.22804,0.0951517,0.269746,0.122104,0.351191,0.121387,0.348801,0.263894,0,1.00842,0.992608,0.992434,0.992959,0.622581,0.569907,0.574705,0.614303,2592,,,,,,,15.6642,26.0358,22.6736,13.6857,10,0.0911295,,10.0166,6.2604,0.992959,0.128423,0.0248397,1.06766,1.65053,1.65386,1.20124,0.0286089,0.0104352,0.0610474,4608
imx708_cool_s-1_air,imx708,cool,-1,air,D2,D2/modular/tiled,raw,50kB,50000,54034,0.0361918,False,1.39187,0.353877,1.78616,0.938896,3.90869,0.754898,0.426032,0.962936,0.89665,1.06666,0.621495,25.0,target below the codec's smallest output,-0.120548,-0.200856,-0.229016,-0.133206,False,6.17311,3.10767,4.98645,1.72029,7.31889,2.45982,10.5068,2.47492,10.5328,7.46828,0,1.12239,1.2035,1.24134,1.1495,1.38244,1.44583,1.48749,1.39187,2592,,,,,,,294.165,676.674,608.584,318.522,10,2.12575,,442.09,276.306,1.1495,3.90631,0.447135,6.81802,12.1054,12.1117,7.06476,0.726727,0.202373,1.29846,4608
imx708_cool_s-1_air,imx708,cool,-1,air,D-j,D-j,raw,T1,597197,593377,0.397442,True,1.11237,0.20125,0.964213,0.559823,1.64585,0.42444,0.222134,0.98835,0.986734,0.1376,0.19391,82,,-0.0493125,-0.065907,-0.0716588,-0.0660171,False,2.46829,1.43119,2.18072,0.989041,2.65374,1.24048,3.34396,1.2438,3.33452,2.46196,0,0.887698,0.937483,0.923065,0.898742,1.11315,1.16193,1.17169,1.11237,2592,,,,,,,138.792,273.593,350.159,144.907,10,0.949127,,40.2575,25.1609,0.898742,2.12773,0.220709,2.6168,4.40978,4.41323,2.88239,0.300606,0.103706,0.758356,4608
imx708_cool_s-1_air,imx708,cool,-1,air,D-j,D-j,raw,T2,1.19439e+06,1093632,0.73251,False,0.976278,0.132511,0.501337,0.308656,1.10072,0.236036,0.157888,0.992271,0.991647,0.140047,0.169041,92,bracketed (integer knob): metrics interpolated,-0.0183676,-0.0363543,-0.0364919,-0.0374982,False,1.92939,0.975574,1.65432,0.560456,1.69181,0.641426,1.79253,0.643014,1.79392,1.36976,0,0.879122,0.881502,0.885592,0.863669,1.00157,1.04018,1.05845,0.976278,2592,,,,,,,78.9066,175.591,152.194,87.7916,10,0.672961,,21.8427,13.6517,0.863669,1.79596,0.139256,2.00235,3.34627,3.35665,2.23708,0.200487,0.0684507,0.432704,4608
imx708_cool_s-1_air,imx708,cool,-1,air,D-j,D-j,raw,T2,1.19439e+06,1260625,0.844362,False,0.964845,0.127321,0.401295,0.256081,1.03607,0.198147,0.155904,0.992914,0.992313,0.151097,0.171995,93,bracketed (integer knob): metrics interpolated,-0.0161439,-0.0343589,-0.0356159,-0.0370183,False,1.86445,0.917438,1.58116,0.459275,1.56903,0.502875,1.52858,0.497102,1.5164,1.20149,0,0.873467,0.88269,0.891012,0.87594,0.97301,1.00974,1.01767,0.964845,2592,,,,,,,67.4468,148.336,165.822,83.6279,10,1.14369,,18.9492,11.8433,0.87594,1.80689,0.131924,1.90669,3.18898,3.19786,2.13581,0.316157,0.0663708,0.730749,4608
imx708_cool_s-1_air,imx708,cool,-1,air,D-j,D-j,raw,T3,2.38879e+06,2214677,1.48338,False,0.814485,0.116122,0.320632,0.21499,0.985251,0.16725,0.135883,0.995936,0.995984,0.184365,0.195553,97,bracketed (integer knob): metrics interpolated,-0.0085894,-0.0236321,-0.0247193,-0.0277186,False,1.80516,0.869296,1.53091,0.384034,1.47313,0.394928,1.2766,0.397538,1.28523,1.03284,0,0.880237,0.874394,0.892288,0.876084,0.822592,0.821217,0.834955,0.814485,2592,,,,,,,34.1511,51.3966,67.9527,37.7778,10,0.904486,,10.7862,6.74135,0.876084,2.00011,0.126579,1.4351,2.28893,2.28903,1.61783,0.255429,0.0599803,0.580664,4608
imx708_cool_s-1_air,imx708,cool,-1,air,D-j,D-j,raw,T3,2.38879e+06,2632401,1.76317,False,0.701925,0.115733,0.317779,0.214258,0.973172,0.166545,0.139453,0.99706,0.997486,0.203346,0.205463,98,bracketed (integer knob): metrics interpolated,-0.00621327,-0.0193403,-0.0211478,-0.0242659,False,1.79425,0.859927,1.5277,0.384623,1.47577,0.395151,1.26931,0.393243,1.2824,1.02373,0,0.891894,0.882605,0.881579,0.891421,0.727403,0.676516,0.680204,0.701925,2592,,,,,,,23.6858,29.8216,31.5985,22.0884,10,0.87482,,9.07456,5.6716,0.891421,1.9068,0.112291,1.2106,1.8622,1.86247,1.3704,0.247023,0.0610088,0.561771,4608
imx708_cool_s-1_air,imx708,cool,-1,air,D-j,D-j,raw,50kB,50000,51179,0.0342795,True,4.63081,7.24895,20.371,10.8226,22.7903,9.01042,7.17187,0.930687,0.849069,0.106596,0.162119,6,,0.344812,0.239816,0.191884,0.79132,False,25.8606,22.5966,32.6917,20.1501,41.0451,24.4021,49.7037,24.3945,49.559,41.6787,0,4.81639,4.35464,4.27113,4.57348,4.89845,4.44708,4.35431,4.63081,2592,,,,,,,349.777,809.898,640.92,358.82,10,22.6423,,466.751,291.72,4.57348,33.4587,10.8491,12.1428,18.9307,18.8603,12.924,9.76223,3.61694,23.5885,4608
imx708_cool_s-1_air,imx708,cool,-1,air,L,L,raw,T1,597197,597773,0.400386,True,0.902345,0.0689018,0.359917,0.282418,0.810842,0.210815,0.08493,0.992537,0.98588,1.35738,0.226786,0.2967,,-0.0109991,0.0290212,-0.0379608,-0.00339178,False,1.2426,0.709882,1.12312,0.549823,1.59623,0.71386,7.46333,0.70902,7.45637,1.05375,6.70474e-07,0.888974,0.838303,0.824597,0.800551,1.07859,0.992717,0.985898,0.902345,2592,,,,,,,107.469,349.032,348.968,46.1811,10,0.224417,,39.9614,24.9759,0.800551,0.568775,0.0893326,2.29423,6.47739,6.46147,1.89815,0.0992364,0.038992,0.139365,4608
imx708_cool_s-1_air,imx708,cool,-1,air,L,L,raw,T2,1.19439e+06,1170523,0.784012,True,0.649952,0.0527462,0.207081,0.16952,0.523241,0.126484,0.0643234,0.994279,0.987565,1.72715,0.2224,0.1536,,-0.0132738,0.0313646,-0.0356052,0.000950437,False,0.835519,0.459324,0.739292,0.334022,0.971346,0.562238,7.44061,0.560496,7.45061,0.587924,0,0.872124,0.831901,0.817005,0.815613,1.00806,0.876354,0.864495,0.649952,2592,,,,,,,67.1622,349.032,348.968,36.245,10,0.433284,,20.4079,12.7549,0.815613,0.397602,0.069017,1.87458,6.33155,6.32202,1.36131,0.14721,0.0297328,0.298328,4608
imx708_cool_s-1_air,imx708,cool,-1,air,L,L,raw,T3,2.38879e+06,2421869,1.62216,True,0.34062,0.0406776,0.115514,0.0961107,0.350965,0.0720074,0.0497032,0.995367,0.988496,1.8374,0.253306,0.0597,,-0.0127212,0.0306249,-0.0363292,0.00211603,False,0.567267,0.302972,0.473988,0.186738,0.566023,0.495944,7.40337,0.490825,7.47075,0.339336,0,0.89152,0.820566,0.815566,0.83149,0.709956,0.806177,0.798457,0.34062,2592,,,,,,,47.6327,349.032,348.968,16.9537,10,0.423129,,9.8634,6.16463,0.83149,0.252032,0.0261668,1.25518,6.24072,6.23794,0.699653,0.134188,0.0224554,0.292719,4608
imx708_cool_s-1_air,imx708,cool,-1,air,L,L,raw,50kB,50000,51343,0.0343893,True,1.5226,0.620305,2.16394,1.4401,3.86921,1.08286,0.752731,0.979049,0.969838,1.71155,0.270238,4.3467,,0.0496056,-0.0419811,-0.110028,-0.0634819,False,5.7139,3.35405,5.04817,3.35391,8.69635,2.5709,10.1612,2.60654,10.2306,6.09738,3.68761e-06,1.50255,1.25184,1.24206,1.2732,1.70044,1.48802,1.5,1.5226,2592,,,,,,,303.684,469.846,565.572,188.082,10,3.08179,,465.261,290.788,1.2732,5.51754,0.508608,4.88655,8.45595,8.13032,4.35498,0.890156,0.321396,2.06535,4608
imx708_cool_s-1_air,imx708,cool,-1,air,D2,D2/vardct,raw,T1,597197,594286,0.39805,True,1.01704,0.0660522,0.517483,0.298082,0.791399,0.225932,0.0823446,0.991919,0.991744,5.44307,0.36351,1.3192,,-0.0195964,-0.033499,-0.0334125,-0.0262935,False,1.13644,0.66557,1.02345,0.515316,1.46311,0.66498,1.85396,0.665783,1.8515,1.45363,0,0.787568,0.816774,0.813304,0.783071,1.02245,1.08004,1.09117,1.01704,2592,,,,,,,71.4487,68.2529,87.0015,46.463,10,0.310825,,40.1959,25.1224,0.783071,0.644169,0.095863,1.9102,3.27446,3.2807,2.16142,0.127409,0.0385318,0.227911,4608
imx708_cool_s-1_air,imx708,cool,-1,air,D2,D2/vardct,raw,T2,1.19439e+06,1193060,0.799107,True,0.829389,0.0442593,0.308586,0.179148,0.470034,0.134584,0.0532577,0.995445,0.995139,5.04853,0.358782,0.6648,,-0.00966959,-0.0174823,-0.0166135,-0.012772,False,0.662009,0.397247,0.605766,0.307372,0.829386,0.40041,1.08992,0.400344,1.08667,0.837278,0,0.841605,0.864448,0.868405,0.835917,0.827975,0.823838,0.834317,0.829389,2592,,,,,,,22.9261,39.3147,49.4721,25.0643,10,0.170993,,20.0224,12.514,0.835917,0.406913,0.0741939,1.47313,2.46705,2.46169,1.66164,0.0601848,0.0235879,0.119419,4608
imx708_cool_s-1_air,imx708,cool,-1,air,D2,D2/vardct_np,raw,T1,597197,607695,0.407032,True,3.41936,0.229039,1.01142,0.618265,2.30969,0.480205,0.261063,0.959076,0.904483,4.49714,0.332606,1.4251,,0.122991,0.193159,0.190846,0.135056,False,3.44083,1.79,2.69422,0.939134,4.50491,1.37823,6.42267,1.35859,6.46214,4.67515,0.000116998,3.47262,3.49479,3.45174,3.36838,3.5151,3.55308,3.44792,3.41936,2592,,,,,,,196.159,315.102,273.36,314.056,10,1.02403,,39.309,24.5681,3.36838,4.76012,0.369711,6.28063,10.168,10.1028,6.6591,0.547664,0.133582,0.808108,4608
imx708_cool_s-1_air,imx708,cool,-1,air,D2,D2/vardct_np,raw,T2,1.19439e+06,1176678,0.788134,True,2.48386,0.132603,0.743107,0.427621,1.30634,0.329167,0.145602,0.975943,0.956468,4.63728,0.422313,0.5645,,0.0776925,0.115333,0.116353,0.0913065,False,1.91906,1.04485,1.55392,0.703484,2.5112,0.907349,3.50052,0.921118,3.50237,2.60806,3.01713e-05,2.50021,2.37731,2.44212,2.5221,2.47145,2.33185,2.38191,2.48386,2592,,,,,,,175.454,255.02,219.931,194.652,10,0.863098,,20.3011,12.6882,2.5221,1.13551,0.255445,4.13953,6.62151,6.61362,4.58362,0.29472,0.0788072,0.602192,4608
imx708_cool_s-1_air,imx708,cool,-1,air,D2,D2/modular_np,raw,T1,597197,590218,0.395326,True,1.11718,0.0936627,0.715005,0.432137,1.85114,0.34119,0.108863,0.987337,0.991984,1.77624,0.494577,0.8155,,-0.0141548,-0.0195388,-0.0164348,-0.00260918,False,3.3569,1.70588,3.21207,0.838932,3.14249,0.746441,3.03076,0.747738,3.01611,2.62489,0.000140129,0.951682,0.951888,0.961196,0.948506,1.15402,1.12308,1.11336,1.11718,2592,,,,,,,41.0256,60.0483,59.9849,36.9448,10,0.393305,,40.473,25.2956,0.948506,0.72225,0.128313,2.19674,3.28223,3.28076,2.50934,0.173777,0.0523521,0.3108,4608
imx708_cool_s-1_air,imx708,cool,-1,air,D2,D2/modular_np,raw,T2,1.19439e+06,1184831,0.793595,True,1.00299,0.0647818,0.498365,0.30807,1.36294,0.242096,0.0787376,0.991634,0.996683,2.07227,0.512778,0.3672,,-0.00123722,-0.00472235,-0.000757216,0.00709688,False,2.46743,1.24796,2.42743,0.594622,2.26929,0.520665,2.14124,0.517419,2.14964,1.84158,0.000128731,1.08815,1.09051,1.12838,1.07198,1.02872,0.954328,0.932926,1.00299,2592,,,,,,,18.0939,23.0173,20.0243,19.1011,10,0.327462,,20.1614,12.6009,1.07198,0.812671,0.0694854,1.6844,2.19076,2.19057,1.92581,0.109814,0.0346939,0.224037,4608
imx708_cool_s-1_air_field,imx708,cool,-1,air,M1,field-1000x562,processed,50kB,50000,49151,0.273061,True,1.1995,0.500156,1.38803,1.03645,2.69726,0.614077,0.658162,0.982118,nan,0.0138545,0.123657,83,,-0.208503,-0.997027,-1.2349,0.0751754,False,3.51223,1.65819,2.34825,1.48225,4.45091,1.44712,5.4981,1.57595,6.08058,4.4321,0,1.05201,0.959281,0.965509,0.946716,1.3016,1.20005,1.21451,1.1995,900,,,,,,,110.047,163.202,144.5,107.422,10,2.64912,,58.5949,36.6218,0.946716,2.75651,0.555998,7.35153,12.3369,12.1738,6.74319,0.630762,0.236216,1.49982,1600
imx708_cool_s-1_air_field,imx708,cool,-1,air,D,D,raw,50kB,50000,49989,0.277717,True,1.54796,0.781596,3.28194,1.93968,4.45448,1.13024,0.989676,0.96272,nan,0.0477078,0.0598939,31,,0.209072,0.293796,0.310866,0.190952,False,5.8043,3.00731,4.49873,3.1434,7.32208,3.42385,7.94911,3.45524,8.09347,7.37521,2.77778e-05,1.33008,1.40939,1.40547,1.30521,1.54278,1.62476,1.61237,1.54796,900,,,,,,,134.488,244.178,286.806,151.972,10,3.57541,,57.6127,36.0079,1.30521,5.65423,0.913495,9.69236,15.6393,15.5529,9.46134,1.10964,0.40501,2.40343,1600
imx708_cool_s-1_air_field,imx708,cool,-1,air,D2,D2/modular,raw,50kB,50000,48629,0.270161,True,1.16346,0.114375,0.645832,0.382475,1.37513,0.223397,0.13453,0.979045,nan,0.494807,0.13479,4.8543,,-0.0290925,-0.0107694,0.0110743,-0.0592712,False,2.64392,0.902978,1.82602,0.633393,2.10184,0.729766,2.50352,0.705041,2.57855,2.19746,5.55556e-06,0.817176,0.911443,0.900599,0.847402,1.11814,1.21232,1.23566,1.16346,900,,,,,,,126.682,176.718,177.852,143.291,10,0.353812,,59.2239,37.0149,0.847402,0.825618,0.182853,8.09512,12.3706,12.465,7.97931,0.142358,0.0631185,0.2635,1600
imx708_cool_s-1_air_field,imx708,cool,-1,air,D2,D2/modular/bin2,raw,50kB,50000,49779,0.27655,True,1.08888,0.0940487,0.713885,0.331512,1.16915,0.208125,0.106194,0.952402,nan,0.191779,0.0997095,0.7561,,-0.433536,-0.886106,-0.894635,-0.384469,False,1.8894,1.051,2.02924,0.713996,6.03385,0.853243,8.49166,0.853987,8.90361,6.32217,0,0.805784,0.863291,0.87565,0.774292,1.08869,1.16055,1.16374,1.08888,900,,,,,,,149.729,232.285,245.969,136.947,10,0.358196,,57.8557,36.1598,0.774292,0.8859,0.210596,11.872,21.8252,21.6495,11.3138,0.126198,0.0536042,0.318392,1600
imx708_cool_s-1_uw,imx708,cool,-1,uw,W,W,raw,T1,597197,589575,0.394895,True,0.999751,0.0797456,0.677596,0.498062,2.63343,0.357296,0.0908434,0.978969,0.983588,0.340388,0.500328,179.9599,,0.0100705,0.0184856,0.019831,-0.0120257,False,5.37421,4.53043,13.3758,0.49909,1.54005,0.645187,2.02777,0.643464,2.04192,2.20966,4.87872e-06,0.754426,0.818028,0.83154,0.651157,1.02301,1.10374,1.11778,0.999751,2592,,,,,,,49.0459,75.9985,79.0212,19.9815,10,0.28074,,40.5171,25.3232,0.651157,1.00685,0.147962,2.04862,3.86793,3.85987,0.915504,0.150813,0.0455818,0.272271,4608
imx708_cool_s-1_uw,imx708,cool,-1,uw,W,W,raw,T2,1.19439e+06,1204953,0.807073,True,0.944346,0.0604163,0.386883,0.300184,0.935025,0.219304,0.0732112,0.98745,0.989589,0.489638,0.542959,78.1834,,-0.00547903,-0.00617148,-0.00530737,-0.0121086,False,1.38776,0.874072,2.32939,0.283657,0.832455,0.364232,1.09164,0.362942,1.081,1.14527,0,0.779813,0.833651,0.862851,0.70511,0.928226,1.01555,1.02665,0.944346,2592,,,,,,,20.5812,38.9418,40.701,9.5241,10,0.404873,,19.8247,12.3905,0.70511,1.11775,0.073275,1.52051,2.8848,2.87508,0.764374,0.192649,0.0330185,0.295016,4608
imx708_cool_s-1_uw,imx708,cool,-1,uw,W,W,raw,T3,2.38879e+06,2419387,1.6205,True,0.699873,0.0422614,0.222733,0.179242,0.510975,0.131726,0.04735,0.994354,0.995709,0.399126,0.592227,34.8694,,0.0120559,0.0185237,0.0199947,0.00437959,False,0.710218,0.439239,0.898259,0.171525,0.501519,0.218307,0.645131,0.22126,0.645289,0.683264,0,0.883968,0.923043,0.924293,0.874445,0.71792,0.667965,0.675061,0.699873,2592,,,,,,,13.1024,19.5934,19.5614,5.52902,10,0.184467,,9.87352,6.17095,0.874445,0.525142,0.0884213,1.08712,1.78539,1.78418,0.54555,0.0740338,0.02393,0.144164,4608
imx708_cool_s-1_uw,imx708,cool,-1,uw,W,W,raw,50kB,50000,48547,0.0325166,True,1.42179,1.69901,1.98879,1.58337,9.16023,1.25314,1.67999,0.941957,0.849602,0.301612,0.487374,7130.4927,,-0.059485,-0.138662,-0.146079,-0.0250306,False,14.2661,11.1059,22.7093,2.08662,16.1406,3.37101,24.5596,3.37515,24.7598,13.9572,0.000192897,1.79787,1.85376,1.86507,1.18232,1.96391,2.05165,2.00844,1.42179,2592,,,,,,,318.057,731.479,673.932,54.2718,10,5.62226,,492.057,307.535,1.18232,11.9338,5.90767,7.2618,15.7842,15.6907,1.77628,2.31796,0.88505,6.01747,4608
imx708_cool_s-1_uw_field,imx708,cool,-1,uw,W,W,raw,50kB,50000,49567,0.275372,True,1.03952,0.156459,1.3789,0.941409,3.80843,0.558157,0.171786,0.957215,nan,0.0862235,0.108361,743.8631,,-0.130486,-0.164644,-0.187634,-0.0214561,False,5.88026,2.59459,4.71033,1.21841,5.33442,1.41215,5.8792,1.38255,6.3484,6.37228,6.77559e-05,0.788391,0.885262,0.908183,0.662692,1.09381,1.19528,1.21767,1.03952,900,,,,,,,118.505,230.838,229.332,23.5362,10,0.614884,,58.1032,36.3145,0.662692,1.8915,0.292084,9.01706,16.9823,16.8791,2.16469,0.318231,0.0867035,0.683391,1600
imx708_cool_s-1_uw,imx708,cool,-1,uw,M0-r1,repeat,floor,floor,,,,,1.41259,0.199085,0.948952,0.81215,2.47444,0.593593,0.247096,0.96912,0.980523,,,,,-0.00836401,0.0582616,0.0581582,0.00759494,False,4.26337,2.4357,9.01329,0.93821,2.80989,0.92309,2.89564,0.917658,2.91854,2.77561,1.46362e-05,0.82096,0.830838,0.833872,0.817533,1.4166,1.42853,1.43804,1.41259,2592,,,,,,,137,209,213,23,10,0.926078,,,,0.817533,2.50648,0.43778,2.23197,3.98849,4.00075,1.1243,0.341075,0.109188,0.543447,4608
imx708_cool_s-1_uw,imx708,cool,-1,uw,M1-q∞,isp-floor,floor,floor,,,,,0.0671401,0.108447,0.202784,0.206683,0.618262,0.161865,0.127135,0.999637,0.99968,,,,,0.0223361,0.00653514,0.0064179,0.0076424,False,0.900356,0.530746,0.942041,0.194348,0.567459,0.318155,1.23216,0.319095,1.22436,0.574433,0,0.83752,0.871084,0.868473,0.809322,0.17484,0.243146,0.244637,0.0671401,2592,,,,,,,1.80636,4.02172,4.02369,0.269777,10,0.604534,,,,0.809322,0.800017,0.260433,0.285248,0.738336,0.738509,0.0580157,0.20185,0.058587,0.426231,4608
imx708_cool_s-1_uw,imx708,cool,-1,uw,M1,,processed,T1,597197,581967,0.389799,True,0.916886,0.468926,0.692602,1.12434,2.9237,0.862044,0.572046,0.987065,0.986781,0.0729604,1.17858,75,,0.0428248,-0.0385204,-0.212727,-0.0104782,False,3.97217,2.85775,4.99768,1.6599,4.60443,1.64289,4.88305,1.65229,4.89825,1.90163,0,1.09818,1.1842,1.17908,0.618188,1.29015,1.32046,1.32929,0.916886,2592,0,0,0,0.000217098,0,0.000249499,126.717,261.319,341.552,19.4171,10,1.80597,,41.0468,25.6542,0.618188,1.57139,0.529511,2.49746,4.70793,4.57337,0.746191,0.636428,0.22854,1.6668,4608
imx708_cool_s-1_uw,imx708,cool,-1,uw,M1,,processed,T2,1.19439e+06,1173226,0.785822,True,0.823639,0.281781,0.395034,0.613875,1.88109,0.468192,0.340014,0.99182,0.991239,0.129193,1.06556,88,,0.0828409,-0.0127586,-0.204243,-0.00712285,False,2.7033,1.83892,3.70287,0.913075,3.21381,0.918267,2.97958,0.936632,3.00949,1.12725,0,1.07961,1.15672,1.16639,0.608283,1.22895,1.2046,1.21761,0.823639,2592,0,0,0,0.000217098,0,0.000249499,126.251,233.668,238.894,18.0954,10,1.05988,,20.3608,12.7255,0.608283,1.99135,0.234081,2.33735,4.18006,4.09701,0.668702,0.44336,0.146205,0.767071,4608
imx708_cool_s-1_uw,imx708,cool,-1,uw,M1,,processed,T3,2.38879e+06,2237810,1.49888,False,0.74334,0.193609,0.298972,0.396923,1.22088,0.298881,0.256213,0.994585,0.994282,0.102397,0.96546,95,bracketed (integer knob): metrics interpolated,-0.06333,0.111048,-0.0875392,-0.0140017,False,1.84509,1.2167,2.36134,0.593059,1.77909,0.662294,2.06716,0.660614,2.02376,0.832638,0,1.00361,1.09703,1.10261,0.586271,1.10302,1.0853,1.0971,0.74334,2592,0,0,0,0.000217098,0,0.000249499,101.726,176.66,187.145,17.5261,10,1.07386,,10.6747,6.67167,0.586271,1.66955,0.241541,2.21325,3.54392,3.51497,0.605831,0.355363,0.0990319,0.749061,4608
imx708_cool_s-1_uw,imx708,cool,-1,uw,M1,,processed,T3,2.38879e+06,2584870,1.73134,False,0.71702,0.202313,0.273687,0.345407,1.13249,0.261811,0.263254,0.995048,0.994968,0.139028,1.0701,96,bracketed (integer knob): metrics interpolated,-0.0623446,0.114895,-0.0888756,-0.0136511,False,1.72674,1.17021,2.39425,0.530493,1.63946,0.606933,1.89629,0.613791,1.85592,0.772482,0,0.992278,1.07577,1.07385,0.600597,1.07268,1.05117,1.04882,0.71702,2592,0,0,0,0.000217098,0,0.000249499,105.814,161.587,149.292,15.0961,10,1.03406,,9.24142,5.77589,0.600597,1.52474,0.260982,2.16838,3.39516,3.36245,0.582452,0.342534,0.101476,0.721006,4608
imx708_cool_s-1_uw,imx708,cool,-1,uw,M1,,processed,50kB,50000,73106,0.0489661,False,6.5082,18.9858,44.2384,17.2299,25.0661,17.7983,19.9878,0.784202,0.739556,0.0674164,1.00283,1,target below the codec's smallest output,21.3018,30.7767,30.648,1.21375,False,27.3901,27.7997,31.9816,71.6998,312.243,148.169,397.793,147.059,397.385,93.5291,7.88102e-06,18.414,21.5831,21.1607,6.44831,18.4244,21.65,21.2372,6.5082,2592,0,0,0,0.000217098,0,0.000249499,327.353,745.99,744.99,50.4024,10,38.6744,,326.757,204.223,6.44831,202.173,45.8979,46.4024,96.335,96.2913,6.74297,29.5986,14.3841,35.2028,4608
imx708_cool_s-1_uw,imx708,cool,-1,uw,M1-444,,processed,T1,597197,594558,0.398233,True,0.943627,0.577291,0.575313,1.01791,2.58689,0.785856,0.66832,0.983481,0.984502,0.109418,0.870561,65,,0.306121,-0.356344,-0.446364,0.0377184,False,3.2783,2.05872,2.91655,1.39153,4.24415,1.56211,4.61953,1.59993,4.68314,1.76992,0,1.10519,1.20837,1.2011,0.687922,1.27123,1.3622,1.35998,0.943627,2592,0,0,0,0.000217098,0,0.000249499,102.62,274.894,327.944,20.8047,10,1.68217,,40.1775,25.111,0.687922,2.92845,0.501274,2.49436,4.77755,4.72784,0.756019,0.603633,0.272233,1.86393,4608
imx708_cool_s-1_uw,imx708,cool,-1,uw,M1-444,,processed,T2,1.19439e+06,1166418,0.781262,True,0.798504,0.273176,0.320223,0.48866,1.32936,0.375756,0.328983,0.988534,0.988972,0.141256,1.0145,81,,0.0142017,-0.00747077,-0.0938751,0.00385593,False,1.83185,1.16474,2.07487,0.802485,2.50515,0.852746,2.62994,0.85501,2.64405,0.953681,0,1.07998,1.15325,1.165,0.692381,1.18654,1.2331,1.22857,0.798504,2592,0,0,0,0.000217098,0,0.000249499,90.361,204.986,201.986,13.4774,10,1.16407,,20.4797,12.7998,0.692381,0.783781,0.233959,2.2465,4.1659,4.11449,0.642062,0.303539,0.129522,0.863468,4608
imx708_cool_s-1_uw,imx708,cool,-1,uw,M1-444,,processed,T3,2.38879e+06,2288288,1.53269,True,0.641671,0.161901,0.259198,0.321121,1.02348,0.239908,0.204546,0.99244,0.99295,0.161207,1.04114,91,,-0.0788061,0.0669015,-0.0112063,0.000517167,False,1.62837,1.03084,2.81806,0.485042,1.5462,0.593735,1.87697,0.607658,1.89039,0.741314,0,1.03259,1.05985,1.08975,0.690134,1.01257,1.0441,1.06659,0.641671,2592,0,0,0,0.000217098,0,0.000249499,76.707,131.562,126.062,8.56293,10,0.928536,,10.4392,6.52449,0.690134,0.991505,0.197828,1.87009,3.45421,3.46579,0.521026,0.297343,0.0802761,0.640741,4608
imx708_cool_s-1_uw,imx708,cool,-1,uw,M1-444,,processed,50kB,50000,142562,0.0954875,False,6.5082,18.9858,44.2384,17.2299,25.0661,17.7983,19.9878,0.784202,0.739556,0.118986,1.05653,1,target below the codec's smallest output,21.3018,30.7767,30.648,1.21375,False,27.3901,27.7997,31.9816,71.6998,312.243,148.169,397.793,147.059,397.385,93.5291,7.88102e-06,18.414,21.5831,21.1607,6.44831,18.4244,21.65,21.2372,6.5082,2592,0,0,0,0.000217098,0,0.000249499,327.353,745.99,744.99,50.4024,10,38.6744,,167.561,104.726,6.44831,202.173,45.8979,46.4024,96.335,96.2913,6.74297,29.5986,14.3841,35.2028,4608
imx708_cool_s-1_uw,imx708,cool,-1,uw,M1j,,processed,T1,597197,592955,0.397159,True,0.93518,0.130788,0.30732,0.372707,1.12444,0.278108,0.163788,0.985697,0.986582,0.146802,0.979942,86,,0.0190675,0.0282812,-0.0690437,-0.00685676,False,2.06702,1.32826,3.503,0.5228,1.47242,0.671838,2.17327,0.672933,2.22199,0.881831,0,0.840466,0.94386,0.9575,0.609437,1.10548,1.17482,1.1847,0.93518,2592,0,0,0,0.000217098,0,0.000249499,126.717,277.577,323.1,20.3451,10,0.394526,,40.2861,25.1788,0.609437,0.880687,0.195974,2.29147,4.35739,4.29817,0.750161,0.150907,0.0650067,0.320556,4608
imx708_cool_s-1_uw,imx708,cool,-1,uw,M1j,,processed,T2,1.19439e+06,1194048,0.799769,True,0.808211,0.103107,0.248538,0.276947,0.934025,0.205032,0.131091,0.991145,0.990841,0.206003,0.977736,93,,0.0118763,0.0366921,-0.0567337,-0.00401538,False,1.74877,1.11092,2.9363,0.365833,1.06009,0.520974,1.71668,0.520516,1.74798,0.725543,0,0.865544,0.91677,0.939705,0.596507,1.08603,1.05461,1.05842,0.808211,2592,0,0,0,0.000217098,0,0.000249499,123.361,212.488,245.619,17.046,10,0.510022,,20.0058,12.5036,0.596507,1.13219,0.152503,2.13248,3.67745,3.60678,0.641736,0.186948,0.0547016,0.358484,4608
imx708_cool_s-1_uw,imx708,cool,-1,uw,M1j,,processed,T3,2.38879e+06,2304505,1.54355,True,0.648684,0.0763223,0.211105,0.210773,0.80288,0.154674,0.0970675,0.995044,0.994477,0.224788,0.998344,97,,0.0162121,0.0345329,-0.0467563,-0.00172274,False,1.6117,1.01479,2.64276,0.251964,0.840532,0.43993,1.45656,0.439179,1.47558,0.642037,0,0.848385,0.847447,0.852211,0.575829,0.995717,0.873533,0.894161,0.648684,2592,0,0,0,0.000217098,0,0.000249499,111.618,169.133,201.986,15.588,10,0.550098,,10.3657,6.47858,0.575829,0.830061,0.127207,1.99018,3.00915,2.92682,0.526092,0.200581,0.0422116,0.386113,4608
imx708_cool_s-1_uw,imx708,cool,-1,uw,M1j,,processed,50kB,50000,79209,0.0530539,False,1.22978,3.01584,3.36331,6.44323,10.7204,4.77651,3.49777,0.952895,0.939146,0.14476,1.0464,1,target below the codec's smallest output,1.19206,-0.226019,-0.313373,-0.00606731,False,13.0224,12.9084,15.8847,9.40735,24.4326,9.54497,25.8738,9.55112,25.8152,9.10587,2.62701e-06,2.22028,2.41214,2.41583,0.935894,2.31832,2.53424,2.55618,1.22978,2592,0,0,0,0.000217098,0,0.000249499,232.355,646.219,524.369,33.1475,10,9.69928,,301.58,188.488,0.935894,11.31,4.11423,5.57256,10.6198,10.577,1.14883,3.29249,1.58883,8.0865,4608
imx708_cool_s-1_uw,imx708,cool,-1,uw,M1-fix,,processed,T1,597197,587450,0.393472,True,1.00518,2.35056,1.02032,0.915843,6.08365,0.645422,2.30964,0.983275,0.987121,0.0649231,1.07851,80,,0.0184502,0.0463579,-0.122499,0.0441592,False,19.003,7.27645,26.8655,0.800577,2.93492,1.07503,3.44064,1.09288,3.51444,4.18266,5.6293e-06,0.979481,1.01223,1.03817,0.768188,1.19516,1.15081,1.1556,1.00518,2592,0.0163233,0,0.0537083,0.000154137,0.000324181,0,153.115,377.676,433.349,20.3989,10,19.5057,,40.6637,25.4148,0.768188,146.929,0.826409,2.55919,4.66186,4.40381,0.879031,12.9687,1.38275,19.3253,4608
imx708_cool_s-1_uw,imx708,cool,-1,uw,M1-fix,,processed,T2,1.19439e+06,1211175,0.81124,True,0.896794,2.18234,0.525477,0.451317,5.80468,0.319503,2.11782,0.987917,0.992163,0.0777491,0.982749,91,,0.00378095,0.0605781,-0.0961263,0.0212252,False,18.8959,6.7359,26.9233,0.424973,1.63192,0.614419,2.25516,0.628641,2.3543,3.2107,1.12586e-06,0.938606,0.966829,0.979911,0.736238,1.11441,1.00967,1.00666,0.896794,2592,0.0163233,0,0.0537083,0.000154137,0.000324181,0,148.375,364.508,395.292,21.1861,10,19.5303,,19.7229,12.3268,0.736238,146.95,0.45038,2.48611,3.87835,3.71945,0.755785,12.9748,1.31047,19.33,4608
imx708_cool_s-1_uw,imx708,cool,-1,uw,M1-fix,,processed,T3,2.38879e+06,2229911,1.49359,False,0.806369,2.16578,0.401395,0.322731,5.90689,0.227712,2.08548,0.990417,0.994963,0.116779,1.03166,96,bracketed (integer knob): metrics interpolated,0.0126208,0.0603913,-0.0960081,0.0190309,False,18.7834,6.75366,26.927,0.316701,1.25505,0.478069,1.94714,0.490351,2.0434,3.07424,0,0.898372,0.92711,0.927054,0.723156,1.04318,0.883627,0.877906,0.806369,2592,0.0163233,0,0.0537083,0.000154137,0.000324181,0,155.18,361.249,372.337,14.1498,10,19.4595,,10.7125,6.6953,0.723156,146.376,0.340459,2.39152,3.31323,3.12043,0.666505,12.9428,1.29788,19.287,4608
imx708_cool_s-1_uw,imx708,cool,-1,uw,M1-fix,,processed,T3,2.38879e+06,2618542,1.75389,False,0.77829,2.16307,0.390994,0.316622,5.94044,0.223675,2.08272,0.990982,0.995617,0.105375,1.03399,97,bracketed (integer knob): metrics interpolated,0.0153286,0.0588061,-0.0920291,0.0193267,False,18.775,6.80686,26.8901,0.305368,1.23184,0.458251,1.85316,0.469731,1.9516,3.06076,0,0.896982,0.925257,0.905832,0.719515,1.02361,0.83407,0.841696,0.77829,2592,0.0163233,0,0.0537083,0.000154137,0.000324181,0,150.697,354.257,384.047,13.8359,10,19.4468,,9.12259,5.70162,0.719515,146.132,0.407703,2.35222,3.15297,2.9539,0.636185,12.933,1.29689,19.2782,4608
imx708_cool_s-1_uw,imx708,cool,-1,uw,M1-fix,,processed,50kB,50000,72218,0.0483713,False,8.38526,31.1432,30.4051,39.022,49.9006,33.7706,32.7506,0.797335,0.785501,0.0512555,1.05697,1,target below the codec's smallest output,-3.15778,-26.5117,-26.6569,11.2587,False,55.1962,40.842,44.0515,62.5937,217.026,137.829,232.682,136.903,233.399,725.338,2.21419e-05,18.3708,21.5853,21.9036,8.34877,18.3803,21.6589,21.9901,8.38526,2592,0.0163233,0,0.0537083,0.000154137,0.000324181,0,320.834,744.023,744.023,361.069,10,79.309,,330.774,206.734,8.34877,1049.63,59.4361,36.1834,67.9281,67.8601,33.9687,33.5908,19.0595,64.7758,4608
imx708_cool_s-1_uw,imx708,cool,-1,uw,M2,,processed,T1,597197,610547,0.408942,True,1.04532,0.904317,2.63783,1.20063,2.71295,1.16139,0.810214,0.985192,0.986913,0.638775,1.06713,12.5289,,-1.12039,-2.65737,-2.77785,-0.282386,False,3.49725,2.66808,4.11322,4.1537,7.66304,7.03605,12.0172,7.2016,12.1799,4.22816,0,1.31615,1.42046,1.47567,0.752447,1.50099,1.59927,1.64351,1.04532,2592,0,0,0,0.000217098,0,0.000249499,107.637,161.562,172.133,16.8114,10,1.4993,,39.1254,24.4534,0.752447,7.45547,3.467,2.73435,5.24744,5.33215,0.832919,0.909106,0.651768,1.73096,4608
imx708_cool_s-1_uw,imx708,cool,-1,uw,M2,,processed,T2,1.19439e+06,1191432,0.798016,True,0.914751,0.836893,2.62036,1.01443,2.21726,1.02459,0.751159,0.989366,0.990338,0.833847,1.12094,8.1002,,-1.0327,-2.55223,-2.61723,-0.277828,False,2.89642,2.26168,3.69657,3.84614,6.63641,6.75729,10.7753,6.80276,10.7273,3.82683,0,1.32295,1.50158,1.48409,0.759144,1.4652,1.53183,1.5642,0.914751,2592,0,0,0,0.000217098,0,0.000249499,104.454,154.157,132.986,17.0961,10,1.51285,,20.0497,12.5311,0.759144,7.24021,3.35129,2.60311,4.88943,4.94436,0.732508,0.860553,0.624081,1.61707,4608
imx708_cool_s-1_uw,imx708,cool,-1,uw,M2,,processed,T3,2.38879e+06,2255122,1.51047,False,0.761457,0.76404,2.63013,0.885674,1.80481,0.935989,0.652925,0.991956,0.992863,1.05375,1.26535,4.0998,did not converge within ±5 %,-0.948641,-2.58336,-2.63161,-0.277259,False,2.4329,1.95469,3.58556,3.59701,5.74548,6.83278,10.0637,6.85925,10.0264,3.6185,0,1.26561,1.49013,1.52004,0.763792,1.34366,1.46238,1.49286,0.761457,2592,0,0,0,0.000217098,0,0.000249499,98.979,146.66,162.157,18.0769,10,1.17637,,10.5927,6.62045,0.763792,7.09933,3.30314,2.4507,4.60159,4.66031,0.624648,0.846473,0.611471,1.24523,4608
imx708_cool_s-1_uw,imx708,cool,-1,uw,M2,,processed,50kB,50000,50563,0.0338669,True,1.12043,1.41038,1.98365,2.9073,6.73377,2.2742,1.7342,0.969271,0.971046,0.52074,1.22755,28.7154,,-0.264659,-3.59212,-3.69664,-0.19468,False,8.25253,5.47985,9.70636,3.25102,9.95213,9.18125,18.3035,9.25934,18.4164,5.66887,1.12586e-06,1.36507,1.80304,1.77617,0.755479,1.60967,1.95512,1.92915,1.12043,2592,0,0,0,0.000217098,0,0.000249499,166.148,359.1,315.619,23.8329,10,6.11314,,472.438,295.274,0.755479,6.86053,2.22624,3.51452,8.3232,8.33899,0.967462,1.919,0.879356,4.18432,4608
imx708_cool_s-1_uw,imx708,cool,-1,uw,M2h,,processed,T1,597197,548469,0.367362,False,0.932374,0.298468,0.432062,0.705141,1.95495,0.537479,0.365361,0.988687,0.987054,2.89612,1.33962,50,bracketed (integer knob): metrics interpolated,-0.0878794,-0.0463678,-0.13928,-0.00438291,False,2.74144,1.69305,2.85364,1.142,3.43937,1.01269,3.21206,1.02552,3.28331,1.37466,0,0.964753,1.03739,1.04422,0.61143,1.19794,1.21508,1.22206,0.932374,2592,0,0,0,0.000217098,0,0.000249499,98.361,183.657,146.592,18.9487,10,1.06495,,43.5537,27.2211,0.61143,1.70282,0.314474,2.35711,4.21033,4.11074,0.735144,0.361874,0.155598,0.744985,4608
imx708_cool_s-1_uw,imx708,cool,-1,uw,M2h,,processed,T1,597197,672402,0.450372,False,0.885156,0.231464,0.398387,0.643426,1.77136,0.493703,0.297234,0.989634,0.987784,3.16568,1.43179,51,bracketed (integer knob): metrics interpolated,-0.0744268,-0.0446647,-0.134673,-0.00337284,False,2.49027,1.5504,2.60129,1.04243,3.17709,0.913186,2.92793,0.935703,2.98549,1.25788,0,0.987841,1.04641,1.06523,0.60933,1.19969,1.18691,1.21266,0.885156,2592,0,0,0,0.000217098,0,0.000249499,102.255,169.133,151.343,15.588,10,1.09298,,35.5262,22.2039,0.60933,0.855907,0.245777,2.33273,4.06759,3.98275,0.711205,0.34841,0.12125,0.756059,4608
imx708_cool_s-1_uw,imx708,cool,-1,uw,M2h,,processed,T2,1.19439e+06,1193677,0.79952,True,0.785022,0.242409,0.318627,0.494876,1.40798,0.376769,0.28149,0.991938,0.990749,4.02169,1.80964,58,,-0.0711015,-0.012628,-0.101048,0.00046905,False,2.03599,1.28077,2.30634,0.815102,2.51106,0.729439,2.34537,0.760723,2.4168,0.989311,0,0.985829,1.05206,1.05615,0.625108,1.15644,1.12655,1.14042,0.785022,2592,0,0,0,0.000217098,0,0.000249499,102.255,146.66,147.657,15.6026,10,1.05289,,20.012,12.5075,0.625108,1.3147,0.280477,2.24396,3.66222,3.60801,0.615615,0.3408,0.12093,0.723407,4608
imx708_cool_s-1_uw,imx708,cool,-1,uw,M2h,,processed,T3,2.38879e+06,2189694,1.46665,False,0.60402,0.190897,0.263421,0.383695,1.13795,0.291992,0.237535,0.993875,0.99353,3.49464,1.72637,66,bracketed (integer knob): metrics interpolated,-0.0553954,0.000211791,-0.0706935,0.00397512,False,1.65748,1.04892,1.87288,0.656263,1.97897,0.597294,1.8846,0.626417,1.97073,0.793051,0,0.979157,1.01778,1.03019,0.638016,1.0342,0.984342,0.965605,0.60402,2592,0,0,0,0.000217098,0,0.000249499,89.5812,138.592,140.343,15.6026,10,0.800306,,10.9092,6.81827,0.638016,0.855476,0.211185,2.09944,3.14308,3.10872,0.49334,0.243183,0.0938554,0.474849,4608
imx708_cool_s-1_uw,imx708,cool,-1,uw,M2h,,processed,T3,2.38879e+06,2513186,1.68332,False,0.571898,0.171457,0.257564,0.368561,1.09276,0.278239,0.217202,0.994246,0.9942,4.20299,1.60119,67,bracketed (integer knob): metrics interpolated,-0.0530449,0.00263964,-0.0649748,0.0041157,False,1.61536,1.01836,1.83603,0.631087,1.89712,0.577308,1.79468,0.603146,1.86378,0.760391,0,0.983984,0.994368,1.0161,0.640608,1.0104,0.933665,0.948925,0.571898,2592,0,0,0,0.000217098,0,0.000249499,84.9777,138.592,147.657,15.0988,10,0.768113,,9.50502,5.94063,0.640608,0.740957,0.234531,2.05945,3.02195,2.99458,0.469859,0.23098,0.0855341,0.455784,4608
imx708_cool_s-1_uw,imx708,cool,-1,uw,M2h,,processed,50kB,50000,48337,0.0323759,True,1.05533,0.838418,1.09549,1.4499,4.05224,1.08986,1.09391,0.974141,0.973296,0.672221,0.971236,26,,0.0784093,-0.0912201,-0.194452,-0.0227117,False,6.04694,3.84154,8.17745,2.21455,7.04032,2.30403,7.17929,2.3204,7.18625,3.35822,3.75286e-07,1.0981,1.09452,1.09278,0.675073,1.35734,1.37438,1.3557,1.05533,2592,0,0,0,0.000217098,0,0.000249499,189.516,369.365,365.588,26.9372,10,4.57965,,494.194,308.871,0.675073,4.38275,0.930305,3.07014,5.97224,5.87388,0.898022,1.45434,0.401977,3.0853,4608
imx708_cool_s-1_uw,imx708,cool,-1,uw,C,C,lossless,lossless,,4650521,3.1149,,0,0,0,0,0,0,0,1,1,0.752494,0.299171,,,0,0,0,0,True,0,0,0,0,0,0,0,0,0,0,0,0.823274,0.834556,0.830105,0.818907,0,0,0,0,2592,,,,,,,0,0,0,0,10,0,True,5.1366,3.21038,0.818907,0,0,0,0,0,0,0,0,0,4608
imx708_cool_s-1_uw,imx708,cool,-1,uw,C-jls,C-jls,lossless,lossless,,4441816,2.97511,,0,0,0,0,0,0,0,1,1,0.211231,0.237057,,,0,0,0,0,True,0,0,0,0,0,0,0,0,0,0,0,0.823274,0.834556,0.830105,0.818907,0,0,0,0,2592,,,,,,,0,0,0,0,10,0,,5.37795,3.36122,0.818907,0,0,0,0,0,0,0,0,0,4608
imx708_cool_s-1_uw,imx708,cool,-1,uw,C-png,C-png,lossless,lossless,,6231794,4.17403,,0,0,0,0,0,0,0,1,1,32.4584,0.183739,,,0,0,0,0,True,0,0,0,0,0,0,0,0,0,0,0,0.823274,0.834556,0.830105,0.818907,0,0,0,0,2592,,,,,,,0,0,0,0,10,0,,3.83323,2.39577,0.818907,0,0,0,0,0,0,0,0,0,4608
imx708_cool_s-1_uw,imx708,cool,-1,uw,C2,C2/e3,lossless,lossless,,4211992,2.82118,,0,0,0,0,0,0,0,1,1,0.647573,0.521161,,,0,0,0,0,True,0,0,0,0,0,0,0,0,0,0,0,0.823274,0.834556,0.830105,0.818907,0,0,0,0,2592,,,,,,,0,0,0,0,10,0,,5.6714,3.54462,0.818907,0,0,0,0,0,0,0,0,0,4608
imx708_cool_s-1_uw,imx708,cool,-1,uw,C2,C2/e7,lossless,lossless,,4058112,2.71811,,0,0,0,0,0,0,0,1,1,4.73142,0.821774,,,0,0,0,0,True,0,0,0,0,0,0,0,0,0,0,0,0.823274,0.834556,0.830105,0.818907,0,0,0,0,2592,,,,,,,0,0,0,0,10,0,,5.88645,3.67903,0.818907,0,0,0,0,0,0,0,0,0,4608
imx708_cool_s-1_uw,imx708,cool,-1,uw,C2,C2/e7/tiled,lossless,lossless,,4058502,2.71837,,0,0,0,0,0,0,0,1,1,4.74338,0.787354,,,0,0,0,0,True,0,0,0,0,0,0,0,0,0,0,0,0.823274,0.834556,0.830105,0.818907,0,0,0,0,2592,,,,,,,0,0,0,0,10,0,,5.88588,3.67868,0.818907,0,0,0,0,0,0,0,0,0,4608
imx708_cool_s-1_uw,imx708,cool,-1,uw,N,N/b7,near-lossless,near-lossless,,2971352,1.9902,,0.490526,0.503465,1.02424,0.825823,2.02036,0.616764,0.563037,0.99776,0.997901,0.224369,0.234793,,,0.0354107,0.0932544,0.0934845,0.00315746,False,2.65107,1.59008,2.51901,0.701403,1.82702,0.582604,1.92897,0.58681,1.94186,2.33059,0,0.989461,0.982591,0.977704,0.948686,0.564232,0.488673,0.489306,0.490526,2592,,,,,,,4.60698,7.0429,7.0429,1.88511,10,2.1595,,8.03939,5.02462,0.948686,4.32995,1.26049,0.881986,1.4705,1.47013,0.365996,0.736826,0.263063,1.64026,4608
imx708_cool_s-1_uw,imx708,cool,-1,uw,N,N/b8,near-lossless,near-lossless,,4200852,2.81371,,0.248988,0.436613,0.643963,0.528956,1.83985,0.420103,0.460486,0.999373,0.999483,0.22253,0.273067,,,0.0111377,-0.00675036,-0.00751522,-0.0478031,False,2.15898,1.45578,1.95225,0.375694,1.60038,0.317142,1.08176,0.316825,1.07785,2.59251,0,0.872925,0.862567,0.866611,0.888208,0.278033,0.243925,0.244517,0.248988,2592,,,,,,,2.40068,3.59848,3.50682,0.877955,10,2.12516,,5.68644,3.55402,0.888208,5.07883,0.589153,0.436217,0.728816,0.728225,0.204782,0.82891,0.235909,1.99631,4608
imx708_cool_s-1_uw,imx708,cool,-1,uw,N,N/b9,near-lossless,near-lossless,,5614769,3.76075,,0.124753,0.113767,0.32318,0.248204,0.827584,0.190044,0.1408,0.999813,0.999866,0.209693,0.285909,,,0.0185324,0.0201168,0.019615,0.0160627,False,1.2273,0.888853,1.24169,0.153698,0.647134,0.154953,0.768477,0.155108,0.768163,1.00342,0,0.832344,0.841964,0.838817,0.814991,0.140583,0.122661,0.122046,0.124753,2592,,,,,,,1.11589,1.79235,1.79771,0.436828,10,0.743338,,4.25447,2.65904,0.814991,1.54096,0.234498,0.214605,0.355183,0.355052,0.107564,0.242704,0.0642212,0.479614,4608
imx708_cool_s-1_uw,imx708,cool,-1,uw,N,N/b10,near-lossless,near-lossless,,7092979,4.75085,,0.0545293,0.0668947,0.132157,0.116762,0.329097,0.0876769,0.075315,0.999967,0.999972,0.222889,0.373431,,,-0.0066575,-0.0133471,-0.0133652,-0.00913268,False,0.393953,0.241069,0.297999,0.106751,0.333759,0.0914187,0.541339,0.0903011,0.538843,0.527966,0,0.826123,0.836798,0.827902,0.832398,0.0686734,0.0619214,0.0616146,0.0545293,2592,,,,,,,0.587239,0.803792,0.84322,0.217516,10,0.298958,,3.36782,2.10489,0.832398,0.586302,0.130204,0.109666,0.183089,0.183025,0.0499448,0.146343,0.0353445,0.240484,4608
imx708_cool_s-1_uw,imx708,cool,-1,uw,D,D,raw,T1,597197,575054,0.385169,True,1.07445,0.453489,1.54684,1.14654,3.7511,0.821445,0.507779,0.979265,0.982123,0.0884291,0.120533,82,,0.0216465,0.0222416,0.0157523,-0.054813,False,5.92661,4.75528,12.4258,1.04018,2.80389,1.21711,3.1274,1.21615,3.11019,4.20993,3.37758e-06,0.919222,0.972261,0.97151,0.79506,1.10122,1.1634,1.18157,1.07445,2592,,,,,,,89.7769,139.688,131.532,26.1296,10,2.21821,,41.5402,25.9626,0.79506,4.74476,0.926741,2.22794,4.24347,4.24343,0.930182,0.914062,0.246961,1.97504,4608
imx708_cool_s-1_uw,imx708,cool,-1,uw,D,D,raw,T2,1.19439e+06,1145474,0.767234,True,0.993458,0.464359,1.01037,0.766609,2.45601,0.561894,0.497368,0.985392,0.98821,0.0953832,0.136482,92,,-0.00121649,-0.0167671,-0.0169601,-0.0642469,False,3.24777,2.30784,5.63541,0.601078,1.86455,0.639124,1.75015,0.63361,1.75203,3.17996,1.12586e-06,0.91356,0.962633,0.97651,0.871688,0.990314,1.04912,1.05694,0.993458,2592,,,,,,,39.2878,72.7993,73.2278,13.9943,10,2.47606,,20.8541,13.0338,0.871688,6.29195,0.593559,1.75659,3.27312,3.27285,0.813787,0.849668,0.254422,2.03484,4608
imx708_cool_s-1_uw,imx708,cool,-1,uw,D,D,raw,T3,2.38879e+06,2488509,1.66679,True,0.842215,0.449465,0.707353,0.569909,1.95874,0.442692,0.465436,0.992305,0.993377,0.118968,0.147218,97,,0.00288076,-0.0124448,-0.0128141,-0.0518988,False,2.33497,1.54856,2.16575,0.429755,1.67324,0.394856,1.26933,0.392473,1.27936,2.74043,0,1.00898,1.03356,1.05099,0.99526,0.839931,0.861795,0.862077,0.842215,2592,,,,,,,19.6341,30.9576,28.1606,8.38677,10,2.26602,,9.59927,5.99954,0.99526,5.4966,0.545655,1.32914,2.34228,2.34197,0.661172,0.904781,0.24237,2.03231,4608
imx708_cool_s-1_uw,imx708,cool,-1,uw,D,D,raw,50kB,50000,49243,0.0329828,True,9.24639,42.1285,73.961,42.8347,51.4119,39.3473,35.5736,0.834589,0.727722,0.0765761,0.121596,1,,-3.9365,3.58495,3.40038,2.92737,False,56.1496,64.3881,81.9915,52.2708,121.223,167.898,412.172,166.774,411.989,202.092,0,19.4336,22.8924,22.7396,9.21492,19.4119,22.9084,22.7906,9.24639,2592,,,,,,,595.412,806.437,752.806,213.634,10,66.2898,,485.102,303.189,9.21492,383.689,56.574,31.9327,93.7397,93.5766,9.81486,64.8561,34.2186,82.5099,4608
imx708_cool_s-1_uw,imx708,cool,-1,uw,D2,D2/modular,raw,T1,597197,581493,0.389482,True,0.996095,0.0980025,0.320669,0.233408,1.81047,0.166075,0.115031,0.981225,0.985552,4.55492,0.678727,1.2912,,-0.0179308,-0.0209499,-0.0190497,-0.018124,False,4.22245,3.04043,10.5835,0.212466,0.634929,0.259527,0.789447,0.261592,0.788371,1.22809,7.50573e-06,0.78121,0.879383,0.880861,0.690057,1.00381,1.1071,1.11686,0.996095,2592,,,,,,,37.9643,110.847,85.7155,12.0484,10,0.349331,,41.0802,25.6752,0.690057,0.959133,0.210414,1.89757,3.67829,3.68232,0.856768,0.175389,0.051141,0.245303,4608
imx708_cool_s-1_uw,imx708,cool,-1,uw,D2,D2/modular,raw,T2,1.19439e+06,1183032,0.79239,True,0.917756,0.0575953,0.204371,0.155545,0.515437,0.112019,0.0721008,0.989586,0.990704,5.87005,0.672305,0.6157,,-0.0111551,-0.0123705,-0.0104599,-0.00242021,False,0.991372,0.517319,1.87426,0.148039,0.414137,0.180947,0.506973,0.182886,0.50374,0.57325,7.50573e-07,0.889398,1.01429,1.02221,0.867134,0.918027,0.98455,0.975794,0.917756,2592,,,,,,,29.2425,43.864,43.5567,9.36,10,0.211547,,20.1921,12.62,0.867134,1.27453,0.158049,1.51604,2.8187,2.81682,0.732767,0.175985,0.0339296,0.24559,4608
imx708_cool_s-1_uw,imx708,cool,-1,uw,D2,D2/modular,raw,T3,2.38879e+06,2406451,1.61183,True,0.592777,0.0505359,0.162769,0.119326,0.530197,0.0842202,0.0583713,0.995711,0.996692,4.98793,0.79905,0.2897,,-0.0039089,-0.00783595,-0.00628808,0.00488216,False,0.883686,0.588269,1.68183,0.10421,0.294955,0.123603,0.358841,0.122873,0.351451,0.473054,0,1.00224,1.00821,1.01433,0.998615,0.620879,0.581775,0.592794,0.592777,2592,,,,,,,14.5047,26.7799,27.0052,4.33333,10,0.356148,,9.9266,6.20412,0.998615,0.911729,0.0969757,0.994747,1.69078,1.69521,0.474882,0.131065,0.0272274,0.23456,4608
imx708_cool_s-1_uw,imx708,cool,-1,uw,D2,D2/modular,raw,50kB,50000,49776,0.0333398,True,1.16656,0.725426,1.76192,1.4456,7.36693,1.07931,0.79286,0.953064,0.892291,1.21252,0.464283,24.2289,,-0.109353,-0.20343,-0.202351,-0.0574825,False,11.1076,9.93982,25.8029,1.70374,7.2459,2.39526,10.1525,2.41409,10.1948,7.61454,0.000157996,1.02622,1.21708,1.12968,0.832715,1.30507,1.48772,1.39507,1.16656,2592,,,,,,,261.506,672.959,590.284,51.269,10,3.33691,,479.907,299.942,0.832715,8.27734,1.782,5.61457,12.016,11.8715,1.47984,1.33486,0.399366,2.4825,4608
imx708_cool_s-1_uw,imx708,cool,-1,uw,D,D/red+1.5,raw,T1,597197,586815,0.393046,True,1.04696,0.534031,1.22716,0.976183,3.12271,0.719395,0.5416,0.979775,0.981493,0.0797351,0.127101,"{""R"": 87, ""GB"": 80}",R share 0.27 (eq 0.18),0.0333558,0.0369773,0.0304939,-0.060728,False,5.10086,3.83329,10.4921,1.06145,2.93179,1.23463,3.2846,1.232,3.25232,3.48328,3.00229e-06,0.927259,0.971544,0.991419,0.828308,1.12797,1.19087,1.20114,1.04696,2592,,,,,,,100.834,231.813,164.472,23.1209,10,2.4494,,40.7077,25.4423,0.828308,6.02914,0.993315,2.30427,4.39316,4.39982,0.881454,1.19027,0.287104,2.57558,4608
imx708_cool_s-1_uw,imx708,cool,-1,uw,D,D/red+1.5,raw,T2,1.19439e+06,1211146,0.811221,True,0.926852,0.456505,0.834354,0.681164,2.16796,0.520955,0.48531,0.986833,0.988168,0.0920323,0.129579,"{""R"": 95, ""GB"": 90}",R share 0.35 (eq 0.22),-0.00199931,-0.0170127,-0.0174777,-0.05906,False,2.71773,1.83262,2.85977,0.604228,1.8777,0.639547,1.77846,0.638028,1.77843,2.93399,0,0.912348,0.947756,0.966391,0.883001,1.01312,1.07933,1.08065,0.926852,2592,,,,,,,47.8182,87.7609,89.2226,10.3384,10,2.21024,,19.7234,12.3271,0.883001,5.56834,0.533946,1.85613,3.48752,3.48775,0.745636,0.88905,0.246168,1.92412,4608
imx708_cool_s-1_uw,imx708,cool,-1,uw,D,D/red+1.5,raw,T3,2.38879e+06,2579112,1.72748,False,0.513311,0.447594,0.700101,0.566913,1.91473,0.435279,0.46749,0.994742,0.994301,0.141939,0.147569,"{""R"": 99, ""GB"": 96}",R share 0.40 (eq 0.26),0.000331861,-0.0132051,-0.014851,-0.0483859,False,2.28478,1.51403,1.9798,0.428918,1.68057,0.396346,1.28339,0.394384,1.27869,2.6587,0,0.962509,1.00632,1.01987,1.0022,0.892295,0.933223,0.946721,0.513311,2592,,,,,,,23.1267,43.3309,33.4815,3.91682,10,2.13899,,9.26205,5.78878,1.0022,5.34053,0.705822,1.44105,2.61121,2.61075,0.402034,0.833935,0.241176,2.11933,4608
imx708_cool_s-1_uw,imx708,cool,-1,uw,D,D/red+1.5,raw,50kB,50000,55049,0.0368716,False,1.93225,36.9596,9.35614,38.6621,49.0051,35.7205,32.9457,0.831781,0.757621,0.0709497,0.136575,"{""R"": 16, ""GB"": 1}",R share 0.32 (eq 0.24),-3.9365,3.58495,3.40038,0.146088,False,53.7834,60.5012,63.8657,52.2708,121.223,167.898,412.172,166.774,411.989,19.4391,0.000394426,19.4336,22.8924,22.7396,1.75855,19.4119,22.9084,22.7906,1.93225,2592,,,,,,,595.412,806.437,752.806,46.9585,10,64.9452,,433.938,271.211,1.75855,53.9494,9.49252,31.9327,93.7397,93.5766,1.84064,84.1286,30.8883,76.2536,4608
imx708_cool_s-1_uw,imx708,cool,-1,uw,D,D/red+2,raw,T1,597197,579967,0.38846,True,1.01746,0.498801,1.06043,0.963152,2.83597,0.724721,0.53533,0.98,0.979496,0.0936074,0.132604,"{""R"": 90, ""GB"": 76}",R share 0.37 (eq 0.18),-0.00475656,-0.0209099,-0.0204314,-0.0666058,False,4.08307,2.97242,7.65201,1.25934,2.9675,1.53893,3.37698,1.54216,3.37291,3.20092,1.12586e-06,0.911855,0.970332,1.01132,0.852239,1.12935,1.22277,1.2229,1.01746,2592,,,,,,,116.907,254.938,219.151,16.9168,10,2.59209,,41.1883,25.7427,0.852239,6.32427,0.556333,2.44256,4.6802,4.68557,0.840048,0.866507,0.274967,2.03438,4608
imx708_cool_s-1_uw,imx708,cool,-1,uw,D,D/red+2,raw,T2,1.19439e+06,1191970,0.798377,True,0.893853,0.44862,0.726649,0.677969,2.08957,0.531231,0.46107,0.987247,0.987597,0.0968152,0.129696,"{""R"": 96, ""GB"": 88}",R share 0.43 (eq 0.22),0.00463788,-0.004958,-0.00563357,-0.0550313,False,2.58338,1.7253,2.55157,0.728331,2.11943,0.814659,2.13111,0.80985,2.13171,2.78243,0,0.895136,0.964178,0.970989,0.938427,1.04874,1.10598,1.12047,0.893853,2592,,,,,,,56.3822,134.593,94.8419,8.79286,10,2.23791,,20.0407,12.5254,0.938427,5.77959,0.524579,1.95977,3.70205,3.70584,0.711576,0.899774,0.242824,2.32404,4608
imx708_cool_s-1_uw,imx708,cool,-1,uw,D,D/red+2,raw,T3,2.38879e+06,2271189,1.52123,True,0.383176,0.438729,0.684594,0.578662,1.91687,0.455776,0.465847,0.994385,0.993599,0.122818,0.140552,"{""R"": 100, ""GB"": 94}",R share 0.49 (eq 0.26),-0.00162614,-0.016769,-0.0173244,-0.0492608,False,2.30073,1.51761,2.00118,0.499108,1.74063,0.490688,1.48176,0.490847,1.47856,2.64678,0,0.918519,0.973128,0.965195,0.963412,0.953624,1.01014,1.00204,0.383176,2592,,,,,,,38.3067,54.4119,62.3142,2.69198,10,2.13853,,10.5178,6.57361,0.963412,5.25382,0.593174,1.61196,2.98238,2.9794,0.301864,0.799379,0.239335,2.08922,4608
imx708_cool_s-1_uw,imx708,cool,-1,uw,D,D/red+2,raw,50kB,50000,61482,0.0411804,False,1.51874,36.6594,5.06254,38.6014,48.5405,35.6308,32.8608,0.834801,0.765308,0.0762442,0.121311,"{""R"": 29, ""GB"": 1}",R share 0.39 (eq 0.24),-3.9365,3.58495,3.40038,0.0775767,False,54.2777,61.1004,62.9839,52.2708,121.223,167.898,412.172,166.774,411.989,11.762,0.000116339,19.4336,22.8924,22.7396,1.2824,19.4119,22.9084,22.7906,1.51874,2592,,,,,,,595.412,806.437,752.806,43.8864,10,64.7496,,388.534,242.834,1.2824,17.336,4.84655,31.9327,93.7397,93.5766,1.38677,83.5897,30.5018,75.5212,4608
imx708_cool_s-1_uw,imx708,cool,-1,uw,D,D/3pl,raw,T1,597197,601109,0.40262,True,1.04396,0.534382,1.21488,0.99742,3.40417,0.723989,0.518634,0.979693,0.976553,0.0650833,0.109413,88,,0.00463788,0.277961,0.211067,-0.0639134,False,5.49481,4.24933,10.3768,0.728331,2.11943,1.27726,7.54387,1.31812,7.6215,3.44069,3.00229e-06,0.895136,0.954859,0.971392,0.845333,1.04874,1.16069,1.17327,1.04396,2592,,,,,,,56.3822,388.201,333.187,23.1209,10,2.4869,,39.7397,24.8373,0.845333,6.42989,0.741983,1.95977,6.93386,6.91464,0.867702,1.16401,0.285592,2.56511,4608
imx708_cool_s-1_uw,imx708,cool,-1,uw,D,D/3pl,raw,T2,1.19439e+06,1087301,0.72827,False,0.949052,0.47613,0.854251,0.792112,2.54121,0.610681,0.488351,0.98453,0.980558,0.0716908,0.134531,94,bracketed (integer knob): metrics interpolated,-0.00162614,0.264085,0.197329,-0.0609657,False,3.3758,2.32106,4.14118,0.499108,1.74063,1.04718,7.56793,1.1006,7.57299,2.94692,7.50573e-07,0.918519,0.917644,0.942013,0.879176,0.953624,1.07489,1.09098,0.949052,2592,,,,,,,38.3067,347.159,350.841,12.3868,10,2.49446,,21.9699,13.7312,0.879176,5.44435,0.514032,1.61196,6.6598,6.65138,0.770295,0.958288,0.255193,2.15169,4608
imx708_cool_s-1_uw,imx708,cool,-1,uw,D,D/3pl,raw,T2,1.19439e+06,1273233,0.852806,False,0.926852,0.47562,0.834354,0.777644,2.50305,0.603926,0.496262,0.985702,0.981295,0.0761207,0.128126,95,bracketed (integer knob): metrics interpolated,-0.00115396,0.263327,0.196564,-0.05906,False,3.19063,2.15381,3.34021,0.494707,1.73372,1.04406,7.56487,1.09251,7.58656,2.93399,0,0.936126,0.906064,0.933829,0.883001,0.934478,1.05763,1.07079,0.926852,2592,,,,,,,27.4882,341.216,356.784,10.3384,10,2.50141,,18.7616,11.726,0.883001,5.56834,0.533946,1.53409,6.60441,6.60638,0.745636,0.937493,0.25749,2.05497,4608
imx708_cool_s-1_uw,imx708,cool,-1,uw,D,D/3pl,raw,T3,2.38879e+06,2200186,1.47368,False,0.72315,0.451859,0.699417,0.666167,2.26662,0.517847,0.469026,0.990747,0.985013,0.101405,0.12812,98,bracketed (integer knob): metrics interpolated,0.00520287,0.265411,0.198624,-0.0476748,False,2.77372,1.82953,2.49875,0.430018,1.65846,0.988176,7.5356,1.05323,7.50566,2.67466,0,1.06301,0.95874,0.98209,1.06792,0.760316,0.982025,0.995069,0.72315,2592,,,,,,,13.9495,347.159,350.841,5.61286,10,2.51485,,10.8572,6.78575,1.06792,5.27747,0.566525,1.16413,6.44148,6.43774,0.572637,0.873684,0.246956,2.21967,4608
imx708_cool_s-1_uw,imx708,cool,-1,uw,D,D/3pl,raw,T3,2.38879e+06,2871339,1.92321,False,0.513311,0.466713,0.700101,0.672265,2.27045,0.520629,0.478291,0.993049,0.98683,0.115038,0.15276,99,bracketed (integer knob): metrics interpolated,0.00752978,0.26718,0.200416,-0.0483859,False,2.84686,1.8499,2.52174,0.421285,1.65023,0.984408,7.51935,1.0512,7.51885,2.6587,0,1.03123,0.965979,0.987147,1.0022,0.555883,0.927211,0.939648,0.513311,2592,,,,,,,9.86422,347.159,350.841,3.91682,10,2.4643,,8.31942,5.19964,1.0022,5.34053,0.705822,0.855876,6.35721,6.35334,0.402034,0.881252,0.251482,2.2562,4608
imx708_cool_s-1_uw,imx708,cool,-1,uw,D,D/3pl,raw,50kB,50000,49778,0.0333411,True,3.34739,12.5532,28.481,16.2302,24.904,12.4315,10.724,0.921002,0.862313,0.0596813,0.126593,6,,0.0353622,0.838346,0.77263,0.224516,False,31.6504,39.6728,41.9841,19.5199,41.8229,24.4664,50.6806,24.4137,50.7566,57.0114,0.00107219,3.99357,4.43087,4.35711,3.24905,4.0833,4.51953,4.42405,3.34739,2592,,,,,,,289.239,809.898,614.727,69.0775,10,35.183,,479.888,299.93,3.24905,82.9741,22.3924,9.87735,18.5328,18.4123,4.16541,22.1933,6.49482,45.3098,4608
imx708_cool_s-1_uw,imx708,cool,-1,uw,D,D/tiled,raw,T1,597197,578877,0.387729,True,1.07445,0.453489,1.54684,1.14654,3.7511,0.821445,0.507779,0.979265,0.982123,0.0550034,0.108476,82,,0.0216465,0.0222416,0.0157523,-0.054813,False,5.92661,4.75528,12.4258,1.04018,2.80389,1.21711,3.1274,1.21615,3.11019,4.20993,3.37758e-06,0.919222,0.972261,0.97151,0.79506,1.10122,1.1634,1.18157,1.07445,2592,,,,,,,89.7769,139.688,131.532,26.1296,10,2.21821,,41.2659,25.7912,0.79506,4.74476,0.926741,2.22794,4.24347,4.24343,0.930182,0.914062,0.246961,1.97504,4608
imx708_cool_s-1_uw,imx708,cool,-1,uw,D,D/tiled,raw,T2,1.19439e+06,1148011,0.768933,True,0.993458,0.464359,1.01037,0.766609,2.45601,0.561894,0.497368,0.985392,0.98821,0.0654071,0.101924,92,,-0.00121649,-0.0167671,-0.0169601,-0.0642469,False,3.24777,2.30784,5.63541,0.601078,1.86455,0.639124,1.75015,0.63361,1.75203,3.17996,1.12586e-06,0.91356,0.962633,0.97651,0.871688,0.990314,1.04912,1.05694,0.993458,2592,,,,,,,39.2878,72.7993,73.2278,13.9943,10,2.47606,,20.8081,13.005,0.871688,6.29195,0.593559,1.75659,3.27312,3.27285,0.813787,0.849668,0.254422,2.03484,4608
imx708_cool_s-1_uw,imx708,cool,-1,uw,D,D/tiled,raw,T3,2.38879e+06,2493680,1.67026,True,0.842215,0.449465,0.707353,0.569909,1.95874,0.442692,0.465436,0.992305,0.993377,0.086517,0.119325,97,,0.00288076,-0.0124448,-0.0128141,-0.0518988,False,2.33497,1.54856,2.16575,0.429755,1.67324,0.394856,1.26933,0.392473,1.27936,2.74043,0,1.00898,1.03356,1.05099,0.99526,0.839931,0.861795,0.862077,0.842215,2592,,,,,,,19.6341,30.9576,28.1606,8.38677,10,2.26602,,9.57937,5.9871,0.99526,5.4966,0.545655,1.32914,2.34228,2.34197,0.661172,0.904781,0.24237,2.03231,4608
imx708_cool_s-1_uw,imx708,cool,-1,uw,D,D/tiled,raw,50kB,50000,48560,0.0325253,True,9.24639,42.1285,73.961,42.8347,51.4119,39.3473,35.5736,0.834589,0.727722,0.038426,0.0776325,1,,-3.9365,3.58495,3.40038,2.92737,False,56.1496,64.3881,81.9915,52.2708,121.223,167.898,412.172,166.774,411.989,202.092,0,19.4336,22.8924,22.7396,9.21492,19.4119,22.9084,22.7906,9.24639,2592,,,,,,,595.412,806.437,752.806,213.634,10,66.2898,,491.925,307.453,9.21492,383.689,56.574,31.9327,93.7397,93.5766,9.81486,64.8561,34.2186,82.5099,4608
imx708_cool_s-1_uw,imx708,cool,-1,uw,D2,D2/modular/red+1.5,raw,T1,597197,592285,0.39671,True,0.978505,0.0873256,0.278269,0.228297,3.25948,0.165236,0.0994429,0.983178,0.985636,4.70332,0.62565,"{""R"": 0.9676, ""GB"": 1.4903}",R share 0.31 (eq 0.20),-0.0174234,-0.0215916,-0.0178535,0.00143009,False,7.0481,5.10589,13.1917,0.266106,0.784613,0.330676,0.995201,0.329801,0.984486,1.9608,1.50115e-06,0.779692,0.875615,0.861291,0.730224,1.01784,1.13059,1.13215,0.978505,2592,,,,,,,60.931,90.3855,90.3508,10.358,10,0.288172,,40.3317,25.2073,0.730224,0.732809,0.187708,1.98992,3.86738,3.87107,0.81603,0.157613,0.0483577,0.271851,4608
imx708_cool_s-1_uw,imx708,cool,-1,uw,D2,D2/modular/red+1.5,raw,T2,1.19439e+06,1180089,0.790419,True,0.790795,0.0635884,0.197649,0.159874,0.917787,0.114826,0.078304,0.990257,0.990957,5.36231,0.672291,"{""R"": 0.4376, ""GB"": 0.7363}",R share 0.36 (eq 0.24),-0.011552,-0.0132589,-0.0122866,-0.00026229,False,1.94248,1.444,4.54729,0.175016,0.53347,0.215898,0.668252,0.2143,0.668475,0.646184,0,0.891995,1.01118,0.975694,0.982103,0.954874,1.03264,1.03172,0.790795,2592,,,,,,,29.3592,53.4026,57.7279,9.59243,10,0.264148,,20.2424,12.6515,0.982103,0.622607,0.134937,1.61331,3.04044,3.04261,0.637334,0.0923082,0.0354743,0.215707,4608
imx708_cool_s-1_uw,imx708,cool,-1,uw,D2,D2/modular/red+1.5,raw,T3,2.38879e+06,2416081,1.61828,True,0.304715,0.0542938,0.116363,0.105461,0.325839,0.0764932,0.0582656,0.99703,0.996878,5.14318,0.708414,"{""R"": 0.1485, ""GB"": 0.3575}",R share 0.40 (eq 0.27),-0.00417991,-0.00703455,-0.00713825,0.00256117,False,0.530334,0.367646,0.869175,0.132588,0.375479,0.159218,0.45367,0.158191,0.450522,0.317932,0,1.01804,1.04687,1.06095,0.895233,0.732349,0.70295,0.708763,0.304715,2592,,,,,,,17.8316,33.569,34.9436,2.26438,10,0.198424,,9.88703,6.1794,0.895233,0.427656,0.117966,1.16353,2.01975,2.02219,0.228545,0.064151,0.0274295,0.132136,4608
imx708_cool_s-1_uw,imx708,cool,-1,uw,D2,D2/modular/red+1.5,raw,50kB,50000,52387,0.0350886,True,1.07729,0.369297,1.50359,1.3111,6.68586,0.990801,0.431321,0.953159,0.892715,1.85189,0.430529,"{""R"": 16.4255, ""GB"": 25.0}",R share 0.20 (eq 0.14),-0.11148,-0.203991,-0.203397,-0.0487085,False,10.5189,9.42811,25.2055,1.71148,7.40014,2.44176,10.4409,2.44725,10.4157,5.69419,0.000182765,0.958258,1.2035,1.25811,0.702227,1.23703,1.44583,1.53134,1.07729,2592,,,,,,,264.31,676.674,608.584,46.2997,10,1.12726,,455.989,284.993,0.702227,4.52993,0.569322,5.66739,12.1014,11.9873,1.39495,0.549288,0.216289,0.928311,4608
imx708_cool_s-1_uw,imx708,cool,-1,uw,D2,D2/modular/red+2,raw,T1,597197,582721,0.390304,True,0.955928,0.0723045,0.261564,0.231991,1.97625,0.168624,0.0969747,0.983927,0.985502,4.45159,0.628947,"{""R"": 0.75, ""GB"": 1.8024}",R share 0.40 (eq 0.20),-0.0191005,-0.0253814,-0.0230125,0.00094237,False,4.38717,3.40545,8.33354,0.290493,0.847931,0.363684,1.0746,0.362674,1.07487,1.24366,2.62701e-06,0.761038,0.862048,0.873803,0.832283,1.04599,1.13713,1.15271,0.955928,2592,,,,,,,50.5829,102.958,86.1031,11.0022,10,0.305425,,40.9937,25.621,0.832283,0.65923,0.165416,2.1087,4.11151,4.12019,0.77185,0.0948341,0.040545,0.183598,4608
imx708_cool_s-1_uw,imx708,cool,-1,uw,D2,D2/modular/red+2,raw,T2,1.19439e+06,1200326,0.803973,True,0.637971,0.0731118,0.15568,0.144738,0.477747,0.106688,0.0850706,0.991256,0.99104,4.57658,0.674289,"{""R"": 0.3201, ""GB"": 0.9378}",R share 0.49 (eq 0.24),-0.0146445,-0.0152197,-0.0152454,0.00536214,False,0.733805,0.450794,0.913727,0.181409,0.550853,0.220633,0.684033,0.218269,0.680929,0.475542,0,0.829915,0.91792,0.910469,0.999925,0.994924,1.07158,1.07012,0.637971,2592,,,,,,,38.124,82.2585,86.8548,5.00224,10,0.415739,,19.9012,12.4382,0.999925,1.17003,0.116574,1.73356,3.31407,3.31509,0.511517,0.162459,0.0404091,0.275857,4608
imx708_cool_s-1_uw,imx708,cool,-1,uw,D2,D2/modular/red+2,raw,T3,2.38879e+06,2418482,1.61989,True,0.116663,0.0433096,0.0825377,0.0888663,0.246704,0.0654662,0.0491591,0.99637,0.995808,4.92934,0.698903,"{""R"": 0.0649, ""GB"": 0.4851}",R share 0.54 (eq 0.27),-0.0082718,-0.0104261,-0.0090858,0.00176355,False,0.358308,0.256755,0.601915,0.130162,0.37216,0.158604,0.458099,0.157589,0.454488,0.224012,0,0.952997,1.07658,1.05469,0.83376,0.851777,0.873677,0.871783,0.116663,2592,,,,,,,24.6073,44.9484,42.0846,1.17195,10,0.185892,,9.87722,6.17326,0.83376,0.435055,0.0830919,1.3683,2.47286,2.4744,0.098426,0.063308,0.0230456,0.13574,4608
imx708_cool_s-1_uw,imx708,cool,-1,uw,D2,D2/modular/red+2,raw,50kB,50000,55461,0.0371476,False,1.06575,0.368468,1.32067,1.22261,6.07479,0.927773,0.44993,0.953544,0.894017,1.82401,0.415858,"{""R"": 11.5993, ""GB"": 25.0}",R share 0.24 (eq 0.14),-0.11148,-0.203991,-0.203397,-0.0438429,False,9.80803,8.98345,24.5436,1.71148,7.40014,2.44176,10.4409,2.44725,10.4157,4.62159,6.98033e-05,0.958258,1.2035,1.25811,0.693424,1.23703,1.44583,1.53134,1.06575,2592,,,,,,,264.31,676.674,608.584,49.6242,10,1.42883,,430.715,269.197,0.693424,3.59441,0.650167,5.66739,12.1014,11.9873,1.30587,0.502288,0.21788,0.902736,4608
imx708_cool_s-1_uw,imx708,cool,-1,uw,D2,D2/modular/3pl,raw,T1,597197,601301,0.402749,True,0.977304,0.171186,0.264657,0.318784,1.55641,0.246595,0.204887,0.983164,0.979402,3.62828,0.497235,0.8629,,-0.0139295,0.264011,0.19724,-0.0011459,False,3.81271,2.55877,8.60514,0.17698,0.540433,0.964859,7.51821,1.0578,7.49275,1.20419,1.87643e-06,0.855648,0.876229,0.867124,0.770676,0.980406,1.10064,1.10628,0.977304,2592,,,,,,,38.4124,357.753,340.247,10.2501,10,0.835198,,39.727,24.8294,0.770676,0.632582,0.196586,1.69028,6.74713,6.75366,0.797058,0.284081,0.0848692,0.584849,4608
imx708_cool_s-1_uw,imx708,cool,-1,uw,D2,D2/modular/3pl,raw,T2,1.19439e+06,1208027,0.809132,True,0.772005,0.122292,0.196986,0.235519,1.72078,0.188268,0.155703,0.988747,0.983512,3.51659,0.526844,0.4235,,-0.00602851,0.268399,0.201617,0.000150904,False,2.95816,2.42443,5.97676,0.127446,0.367776,0.949821,7.49907,1.05238,7.5112,0.690261,0,0.989922,0.902953,0.921112,0.987962,0.802584,1.00279,1.02069,0.772005,2592,,,,,,,17.7502,354.822,343.178,6.64115,10,0.463756,,19.7743,12.3589,0.987962,0.610431,0.138782,1.28367,6.51029,6.50727,0.623446,0.155228,0.0687269,0.332547,4608
imx708_cool_s-1_uw,imx708,cool,-1,uw,D2,D2/modular/3pl,raw,T3,2.38879e+06,2407209,1.61234,True,0.368762,0.119099,0.148505,0.211653,1.30309,0.174023,0.150577,0.994115,0.987616,3.8913,0.606448,0.1828,,-0.00343336,0.271007,0.204226,0.00267902,False,2.09444,1.71827,3.56803,0.0969939,0.27256,0.95208,7.52995,1.03855,7.53368,0.470715,0,0.924511,0.905078,0.916159,0.931056,0.415493,0.854605,0.867361,0.368762,2592,,,,,,,8.79172,351.516,346.484,4.12468,10,0.469161,,9.92347,6.20217,0.931056,0.646268,0.118335,0.65249,6.30821,6.30126,0.288894,0.154942,0.0658196,0.33217,4608
imx708_cool_s-1_uw,imx708,cool,-1,uw,D2,D2/modular/3pl,raw,50kB,50000,49842,0.033384,True,1.08708,0.394555,1.52541,1.29699,6.47185,0.965926,0.403088,0.956075,0.908839,3.15578,0.41331,17.0819,,-0.0661922,0.1451,0.078623,-0.0493054,False,10.777,9.91749,25.7419,1.37723,5.00144,2.09855,9.41189,2.13495,9.10213,5.83957,0.000180513,0.933256,1.06267,1.08671,0.720175,1.22508,1.33892,1.34155,1.08708,2592,,,,,,,238.72,647.533,492.773,46.2416,10,1.30205,,479.272,299.545,0.720175,2.98329,0.757464,5.1228,11.6652,11.533,1.4068,0.506449,0.219861,1.15179,4608
imx708_cool_s-1_uw,imx708,cool,-1,uw,D2,D2/modular/tiled,raw,T1,597197,581190,0.389279,True,0.996095,0.0978511,0.320703,0.233831,1.77909,0.16624,0.114917,0.981176,0.985535,4.17309,0.648102,1.2932,,-0.0179442,-0.0209631,-0.0193115,-0.0179752,False,4.19878,2.97138,10.5203,0.212563,0.635934,0.259612,0.79064,0.261878,0.790352,1.22499,7.50573e-06,0.78121,0.879776,0.877195,0.690057,1.00381,1.1071,1.11519,0.996095,2592,,,,,,,49.0745,110.847,86.0863,12.4336,10,0.349331,,41.1017,25.6885,0.690057,0.959133,0.210414,1.89953,3.68246,3.68791,0.857558,0.175383,0.0510425,0.245435,4608
imx708_cool_s-1_uw,imx708,cool,-1,uw,D2,D2/modular/tiled,raw,T2,1.19439e+06,1186681,0.794834,True,0.917756,0.0575953,0.204456,0.15554,0.515437,0.112015,0.0721008,0.989574,0.990704,4.79759,0.683598,0.6197,,-0.0111489,-0.0124193,-0.0105056,-0.00235732,False,0.991372,0.516336,1.87524,0.148143,0.413869,0.180981,0.50701,0.18313,0.504444,0.57267,7.50573e-07,0.889398,1.01429,1.02221,0.867134,0.918027,0.98455,0.975794,0.917756,2592,,,,,,,29.2425,43.864,43.5567,9.36,10,0.211547,,20.13,12.5812,0.867134,1.27453,0.158049,1.51627,2.81895,2.81777,0.73305,0.175985,0.0339296,0.24559,4608
imx708_cool_s-1_uw,imx708,cool,-1,uw,D2,D2/modular/tiled,raw,T3,2.38879e+06,2375511,1.59111,True,0.59745,0.0537399,0.157353,0.117337,0.496139,0.0831502,0.061113,0.995593,0.996607,5.53486,0.774177,0.2915,,-0.00445112,-0.00837286,-0.00628651,0.00372995,False,0.795096,0.507333,1.39159,0.105424,0.295581,0.124246,0.360378,0.123521,0.352436,0.458481,0,0.998155,0.999553,1.01448,0.983261,0.62557,0.590353,0.597951,0.59745,2592,,,,,,,14.318,26.7881,28.0444,4.33333,10,0.36699,,10.0559,6.28493,0.983261,0.934837,0.118796,1.00273,1.70614,1.71146,0.479587,0.134576,0.0291524,0.241655,4608
imx708_cool_s-1_uw,imx708,cool,-1,uw,D2,D2/modular/tiled,raw,50kB,50000,49311,0.0330283,True,1.15841,0.717746,1.78465,1.47682,7.52858,1.09754,0.783211,0.952056,0.893567,1.19158,0.415619,23.4829,,-0.103477,-0.196848,-0.23185,-0.0460683,False,11.6842,10.3246,25.657,1.70274,7.25308,2.40205,10.0229,2.43002,10.1795,7.86141,0.000153492,0.973137,1.21067,1.15727,0.822522,1.25817,1.45743,1.40968,1.15841,2592,,,,,,,234.195,661.912,599.353,58.262,10,3.05894,,484.433,302.771,0.822522,8.03647,1.60264,5.58754,11.9376,12.0005,1.5487,1.30077,0.391241,2.39625,4608
imx708_cool_s-1_uw,imx708,cool,-1,uw,D-j,D-j,raw,T1,597197,570759,0.382292,True,1.05735,0.564626,1.5823,1.12268,4.35113,0.804567,0.562161,0.978841,0.982461,0.117598,0.160976,83,,-0.010572,-0.0319607,-0.0353585,-0.0718205,False,7.70773,7.08093,18.087,0.927915,2.73029,1.06487,3.0041,1.07083,2.99947,4.2403,7.50573e-07,0.857609,0.919748,0.922637,0.73351,1.09268,1.1466,1.1585,1.05735,2592,,,,,,,120.232,271.972,332.24,31.7929,10,2.88685,,41.8528,26.158,0.73351,6.22334,1.25768,2.23486,4.30651,4.30673,0.921034,1.15966,0.29026,2.69422,4608
imx708_cool_s-1_uw,imx708,cool,-1,uw,D-j,D-j,raw,T2,1.19439e+06,1189801,0.796924,True,0.961344,0.459344,1.06359,0.744874,3.31511,0.544273,0.473773,0.985339,0.988858,0.147539,0.178399,93,,-0.0138708,-0.034412,-0.0355756,-0.078503,False,6.24378,5.76494,14.104,0.507088,1.77148,0.502875,1.52858,0.497102,1.5164,3.13366,0,0.830543,0.88269,0.891012,0.752476,0.955143,1.00974,1.01767,0.961344,2592,,,,,,,60.56,148.336,165.822,23.0202,10,2.24991,,20.0772,12.5482,0.752476,5.54233,0.518484,1.70642,3.1892,3.19755,0.790283,0.926227,0.247017,2.09664,4608
imx708_cool_s-1_uw,imx708,cool,-1,uw,D-j,D-j,raw,T3,2.38879e+06,2195596,1.4706,False,0.824913,0.451529,0.911746,0.662408,2.39621,0.491282,0.46646,0.991719,0.993611,0.190016,0.20144,97,bracketed (integer knob): metrics interpolated,-0.00628956,-0.0236647,-0.0246988,-0.0691074,False,4.01852,3.46452,7.62086,0.428664,1.7064,0.394928,1.2766,0.397538,1.28523,2.86762,0,0.855502,0.874394,0.892288,0.79996,0.813014,0.821217,0.834955,0.824913,2592,,,,,,,28.9989,51.3966,67.9527,10.7497,10,2.34358,,10.8799,6.79994,0.79996,5.52183,0.575056,1.30774,2.28892,2.28893,0.651552,0.902709,0.243102,2.15907,4608
imx708_cool_s-1_uw,imx708,cool,-1,uw,D-j,D-j,raw,T3,2.38879e+06,2661203,1.78246,False,0.707074,0.449461,0.851108,0.642248,2.1998,0.480744,0.464998,0.994301,0.995909,0.217591,0.241449,98,bracketed (integer knob): metrics interpolated,-0.00352437,-0.0193525,-0.0211511,-0.0640937,False,3.18497,2.51737,5.20361,0.424769,1.70037,0.395151,1.26931,0.393243,1.2824,2.83422,0,0.869511,0.882605,0.881579,0.845603,0.708975,0.676516,0.680204,0.707074,2592,,,,,,,18.9554,29.8216,31.5985,6.74973,10,2.28992,,8.97634,5.61021,0.845603,5.84501,0.506798,1.11279,1.8622,1.86246,0.557159,0.909437,0.24178,2.10856,4608
imx708_cool_s-1_uw,imx708,cool,-1,uw,D-j,D-j,raw,50kB,50000,50846,0.0340564,True,3.01811,9.86452,24.1012,14.9303,24.2003,14.8119,9.61055,0.920016,0.856666,0.103827,0.25158,7,,0.0501144,0.241854,0.258997,-0.137034,False,27.146,40.5335,44.795,18.3523,36.4432,23.1465,44.7555,23.207,44.8676,45.9004,0.000462353,3.17451,4.1342,4.12634,2.91775,3.27829,4.1702,4.16108,3.01811,2592,,,,,,,276.359,836.444,649.415,61.7279,10,29.4851,,469.808,293.63,2.91775,54.2565,20.9223,9.47735,17.5529,17.424,3.62272,12.2835,5.11753,33.8976,4608
imx708_cool_s-1_uw,imx708,cool,-1,uw,L,L,raw,T1,597197,607968,0.407215,True,0.759171,0.125563,0.318768,0.404573,1.20786,0.301222,0.146321,0.985929,0.983154,1.31827,0.200566,0.3678,,0.00485652,0.0314297,-0.0354385,-0.0138631,False,1.9456,1.20322,3.131,0.663142,1.94893,0.834569,7.57662,0.828736,7.47288,0.940815,7.50573e-07,0.944444,1.07497,1.10258,0.672085,1.16256,1.19103,1.21193,0.759171,2592,,,,,,,93.5801,352.625,345.375,11.0616,10,0.787225,,39.2913,24.5571,0.672085,0.70331,0.157272,2.24505,6.74111,6.72309,0.639533,0.254406,0.0626933,0.54896,4608
imx708_cool_s-1_uw,imx708,cool,-1,uw,L,L,raw,T2,1.19439e+06,1229630,0.823601,True,0.44995,0.0979076,0.218203,0.269206,0.810964,0.201191,0.102779,0.991473,0.986067,1.50914,0.230486,0.2045,,0.00366872,0.0252621,-0.0415009,-0.0118738,False,1.28042,0.796398,1.85978,0.436248,1.28592,0.650093,7.44967,0.651215,7.48033,0.629238,0,0.908657,0.95903,0.961865,0.737379,1.06753,1.03866,1.02362,0.44995,2592,,,,,,,71.4617,346.079,351.921,4.97403,10,0.350311,,19.4269,12.1418,0.737379,0.780429,0.135686,1.86749,6.52053,6.51179,0.431576,0.147143,0.0522781,0.325575,4608
imx708_cool_s-1_uw,imx708,cool,-1,uw,L,L,raw,T3,2.38879e+06,2370634,1.58784,True,0.204129,0.084998,0.167993,0.172713,0.514756,0.130212,0.0910657,0.994722,0.988058,1.7077,0.270194,0.096,,0.00162049,0.0166572,-0.0501475,-0.0104266,False,0.840443,0.509755,0.987587,0.25132,0.748066,0.521965,7.45304,0.510993,7.44153,0.432105,0,0.881134,0.875,0.860198,0.793107,0.85738,0.838194,0.846261,0.204129,2592,,,,,,,47.6827,352.625,345.375,3.50108,10,0.51902,,10.0766,6.29786,0.793107,0.747839,0.122511,1.4189,6.29122,6.29389,0.18026,0.186054,0.045745,0.365308,4608
imx708_cool_s-1_uw,imx708,cool,-1,uw,L,L,raw,50kB,50000,49984,0.0334791,True,1.11207,0.790123,1.20162,1.61778,4.60159,1.22119,0.962886,0.967441,0.965581,1.78144,0.253632,4.0548,,-0.0197842,-0.0825992,-0.150244,-0.00865529,False,7.11566,4.59518,9.70673,3.34646,8.90208,2.71639,10.8571,2.7031,10.8475,3.52937,6.19223e-05,1.44277,1.26554,1.29059,0.766947,1.67037,1.48804,1.50415,1.11207,2592,,,,,,,241.93,465.606,461.434,29.2853,10,3.11587,,477.91,298.694,0.766947,5.87756,0.784305,3.99773,8.5642,8.27131,0.965947,1.15699,0.402765,2.85138,4608
imx708_cool_s-1_uw_field,imx708,cool,-1,uw,M1,field-1000x562,processed,50kB,50000,48823,0.271239,True,0.979815,0.501416,0.793216,1.02277,2.67154,0.588954,0.677898,0.978202,nan,0.0132125,0.179657,81,,-0.133017,-0.830803,-1.07145,-0.0231685,False,3.54768,1.73503,2.51792,1.45855,4.43265,1.41986,5.52911,1.4965,6.01362,2.57219,0,1.02049,1.0768,1.07859,0.637994,1.27809,1.2973,1.31575,0.979815,900,,,,,,,95.7278,161.783,146.598,16.6601,10,2.44037,,58.9886,36.8679,0.637994,2.46886,0.532666,6.08841,12.5446,12.3865,1.38709,0.610955,0.229593,1.44614,1600
imx708_cool_s-1_uw_field,imx708,cool,-1,uw,D,D,raw,50kB,50000,49971,0.277617,True,1.22917,1.15916,4.20981,2.69383,6.30967,1.46286,1.4037,0.961539,nan,0.0558455,0.0480127,38,,0.0563331,0.214335,0.18185,-0.00155927,False,8.71642,4.42291,8.3446,2.75952,6.22926,2.82307,6.70036,2.82581,6.66104,9.36119,0.0001797,1.12795,1.2047,1.24288,0.946753,1.3637,1.45489,1.4842,1.22917,900,,,,,,,105.044,212.394,203.288,29.2161,10,4.79286,,57.6334,36.0209,0.946753,16.1104,2.82399,7.56447,14.3732,14.1836,2.18446,2.25738,0.643801,3.14994,1600
imx708_cool_s-1_uw_field,imx708,cool,-1,uw,D2,D2/modular,raw,50kB,50000,50073,0.278183,True,1.0382,0.181625,0.730728,0.511773,1.91935,0.28222,0.196183,0.975902,nan,0.522136,0.246869,3.8393,,-0.0389637,-0.00588825,0.00608916,-0.049562,False,3.61699,1.29548,2.71549,0.536574,1.83275,0.573296,1.9697,0.573978,1.97295,2.29146,9.13231e-05,0.762813,0.879929,0.915828,0.65494,1.08231,1.19621,1.19222,1.0382,900,,,,,,,94.2685,136.762,138.215,24.7621,10,1.44393,,57.516,35.9475,0.65494,2.65309,0.302664,6.05147,10.7275,10.6754,1.86382,0.706426,0.101693,1.05291,1600
imx708_cool_s-1_uw_field,imx708,cool,-1,uw,D2,D2/modular/bin2,raw,50kB,50000,50722,0.281789,True,1.03417,0.477111,0.943708,0.556228,2.02623,0.342288,0.507077,0.947945,nan,0.203621,0.0807923,0.6385,,-0.311412,-0.883408,-0.882801,0.0302382,False,3.32912,1.6853,2.89815,0.668951,5.85501,0.76538,8.35496,0.750254,8.9631,3.89917,0,0.754719,0.832103,0.848363,0.68203,1.06182,1.159,1.16455,1.03417,900,,,,,,,113.505,235.752,237.553,22.2342,10,2.82468,,56.7801,35.4876,0.68203,5.97134,1.14501,9.54501,21.7938,21.5698,1.93744,1.35714,0.254059,2.0831,1600
imx708_warm_s+0_air,imx708,warm,0,air,M0-r1,repeat,floor,floor,,,,,1.42316,0.182504,0.769287,0.462914,1.33051,0.510842,0.16471,0.980439,0.97573,,,,,0.0222134,0.0682715,0.071185,0.125543,False,2.06241,1.51303,2.23631,0.822976,3.20302,0.66762,4.28584,0.679084,4.28623,3.86254,0,0.787204,0.802648,0.794405,0.786707,1.39855,1.43141,1.40579,1.42316,2592,,,,,,,162,457,521,421,10,1.05288,,,,0.786707,5.11891,0.168645,4.17761,11.9498,11.4216,8.69403,0.683127,0.136491,1.06769,4608
imx708_warm_s+0_air,imx708,warm,0,air,M1-q∞,isp-floor,floor,floor,,,,,0.221072,0.063603,0.119334,0.0941148,0.346686,0.102034,0.0682971,0.999638,0.999692,,,,,0.00101256,0.03523,0.0357868,0.0172289,False,0.504314,0.446386,0.635663,0.154185,0.51469,0.129148,0.590319,0.131317,0.600751,0.556981,0,0.848364,0.871361,0.872173,0.866845,0.196809,0.233878,0.234744,0.221072,2592,,,,,,,1.35323,4.13411,4.13411,2.95375,10,0.361779,,,,0.866845,1.02871,0.0439746,0.278976,0.947468,0.947649,0.685094,0.197346,0.0385442,0.254622,4608
imx708_warm_s+0_air,imx708,warm,0,air,M1,,processed,T1,597197,595277,0.398714,True,1.17162,0.580918,0.993346,0.792049,2.04382,0.864395,0.561025,0.991183,0.989292,0.0572585,0.885846,80,,0.283936,0.0254174,-0.354744,0.197719,False,2.6299,2.37559,3.18933,1.12864,3.43605,0.865183,2.80572,0.90364,2.79534,3.10801,0,1.00559,1.0035,1.01674,1.02209,1.21925,1.16616,1.1654,1.17162,2592,0,0,0,0.0364558,0,0.0456223,102.395,280.535,220.657,199.024,10,1.59367,,40.129,25.0806,1.02209,1.86951,0.454576,2.5376,6.02362,5.82881,4.83677,1.40279,0.452979,1.84749,4608
imx708_warm_s+0_air,imx708,warm,0,air,M1,,processed,T2,1.19439e+06,1137869,0.76214,True,1.04822,0.320383,0.584824,0.436225,1.31722,0.488673,0.284384,0.994328,0.992882,0.076149,0.86856,91,,0.104625,0.120021,-0.236783,0.0800285,False,1.81345,1.58446,2.16593,0.545839,1.93476,0.594851,1.96354,0.592594,1.95403,2.10599,0,0.99597,0.956365,0.953035,0.98116,1.10731,1.00157,0.993442,1.04822,2592,0,0,0,0.0364558,0,0.0456223,108.739,218.319,175.133,181.587,10,0.859935,,20.9935,13.1209,0.98116,0.867733,0.32143,2.35746,4.95348,4.86121,4.35685,0.797601,0.237917,1.46562,4608
imx708_warm_s+0_air,imx708,warm,0,air,M1,,processed,T3,2.38879e+06,2380505,1.59445,True,0.924911,0.252268,0.390352,0.282016,0.755338,0.31871,0.240643,0.996489,0.995888,0.104561,0.92163,97,,0.0883763,0.153873,-0.158732,0.0146016,False,1.06534,0.913004,1.23703,0.387415,1.11667,0.408513,1.28104,0.410036,1.2473,1.19656,0,0.96574,0.895111,0.90232,0.960172,0.988801,0.828549,0.838387,0.924911,2592,0,0,0,0.0364558,0,0.0456223,93.6135,143.928,128.062,139.798,10,0.762635,,10.0348,6.27174,0.960172,1.26004,0.128018,2.20006,3.88463,3.78352,3.93711,0.719592,0.196484,0.978156,4608
imx708_warm_s+0_air,imx708,warm,0,air,M1,,processed,50kB,50000,73288,0.049088,False,19.1093,20.0342,47.676,14.2277,20.4235,13.325,19.2598,0.851816,0.784651,0.0461601,0.869549,1,target below the codec's smallest output,21.9989,25.3282,25.0273,11.1235,False,23.6722,21.7933,25.4984,53.395,185.773,57.7792,187.221,58.9283,190.458,122.542,0,15.995,24.5437,24.0773,19.0641,15.7647,24.5745,24.0909,19.1093,2592,0,0,0,0.0364558,0,0.0456223,271.993,758.976,752.467,530.657,10,29.2147,,325.945,203.716,19.0641,152.347,41.5127,38.9213,85.9397,85.8009,59.721,77.7036,22.0544,38.4722,4608
imx708_warm_s+0_air,imx708,warm,0,air,M1-fix,,processed,T1,597197,598581,0.400927,True,1.31839,0.140778,0.920608,0.361917,0.796565,0.375,0.140634,0.990496,0.989607,0.059976,0.892048,77,,0.0460999,0.13664,-0.171223,-0.0174833,False,1.06373,0.948111,1.23359,0.469941,1.37043,0.517411,1.65463,0.540553,1.69441,2.56382,0,1.0171,1.02879,1.0455,1.12743,1.18258,1.11485,1.12538,1.31839,2592,0.0024677,3.34898e-07,1.00469e-06,0.0366282,0.0108307,0.0475872,111.303,278.507,222.163,248.267,10,0.429394,,39.9075,24.9422,1.12743,1.3991,0.263754,2.32118,5.26511,5.21982,5.47138,0.868849,0.12981,0.379757,4608
imx708_warm_s+0_air,imx708,warm,0,air,M1-fix,,processed,T2,1.19439e+06,1227483,0.822163,True,1.24046,0.093531,0.509998,0.204569,0.593526,0.214326,0.0959394,0.994205,0.993717,0.0862145,0.905675,90,,0.0493618,0.0793438,-0.19316,0.0500516,False,0.899583,0.670568,1.01528,0.253449,0.788197,0.327061,1.05721,0.331821,1.10167,1.97284,0,0.977242,0.947092,0.943961,1.09598,1.08601,0.870664,0.874827,1.24046,2592,0.0024677,3.34898e-07,1.00469e-06,0.0366282,0.0108307,0.0475872,110.241,260.087,227.266,250.569,10,0.401964,,19.4609,12.163,1.09598,1.49473,0.120207,2.27321,4.04214,4.07105,5.25277,0.75293,0.086714,0.273997,4608
imx708_warm_s+0_air,imx708,warm,0,air,M1-fix,,processed,T3,2.38879e+06,2375075,1.59082,True,1.13794,0.077075,0.337529,0.141209,0.367317,0.146301,0.0829061,0.996428,0.99661,0.108686,0.949684,96,,0.0638304,0.0293476,-0.160442,-0.0255888,False,0.699538,0.414902,0.699396,0.196942,0.61266,0.25775,0.799663,0.261563,0.832369,1.06439,0,0.939544,0.88429,0.922483,1.0704,1.01335,0.667606,0.690032,1.13794,2592,0.0024677,3.34898e-07,1.00469e-06,0.0366282,0.0108307,0.0475872,107.117,233.751,176.082,203.582,10,0.393814,,10.0577,6.28608,1.0704,1.44402,0.136307,2.14328,2.97666,2.99697,4.93863,0.735814,0.0816744,0.261191,4608
imx708_warm_s+0_air,imx708,warm,0,air,M1-fix,,processed,50kB,50000,73331,0.0491168,False,20.5874,18.7038,47.8507,14.2116,20.2675,13.3062,17.6037,0.850433,0.786015,0.0491682,0.896541,1,target below the codec's smallest output,21.4078,23.9009,23.5878,10.3181,False,23.6476,21.835,25.6461,52.1408,182.246,57.3695,183.509,58.5237,186.178,122.455,1.33959e-06,15.477,24.0064,23.8923,20.5473,15.4888,24.0382,23.9263,20.5874,2592,0.0024677,3.34898e-07,1.00469e-06,0.0366282,0.0108307,0.0475872,271.993,758.976,748.99,530.657,10,27.9986,,325.754,203.596,20.5473,159.265,50.946,38.2287,85.0564,84.9339,60.5517,51.4307,19.2398,42.0268,4608
imx708_warm_s+0_air,imx708,warm,0,air,D,D,raw,T1,597197,587755,0.393676,True,1.20268,0.193644,0.769321,0.486968,1.23397,0.52673,0.158055,0.984061,0.981954,0.0812426,0.128033,75,,0.00074867,-0.00924275,-0.0173633,-0.0154009,False,1.80057,1.49894,2.08194,0.919899,2.10705,0.815325,1.95572,0.823258,1.96719,1.75389,0,0.989561,1.03452,1.06205,1.01948,1.20334,1.21957,1.23755,1.20268,2592,,,,,,,93.8486,228.316,261.909,161.827,10,0.564597,,40.6426,25.4016,1.01948,0.580709,0.160653,2.59141,6.49358,6.54007,5.46478,0.341975,0.116203,0.87954,4608
imx708_warm_s+0_air,imx708,warm,0,air,D,D,raw,T2,1.19439e+06,1239120,0.829958,True,1.03952,0.104578,0.311985,0.216131,0.644652,0.237785,0.101956,0.990317,0.99046,0.0960878,0.162781,90,,0.00148059,-0.0075677,-0.0127116,-0.00541756,False,1.05028,0.808079,1.20378,0.394077,1.14485,0.322788,0.959101,0.32521,0.961572,0.877446,0,0.986852,1.00562,1.00328,0.975402,1.04082,1.10979,1.10744,1.03952,2592,,,,,,,61.3721,113.194,99.591,87.6882,10,0.450291,,19.2781,12.0488,0.975402,0.71365,0.0650206,1.90276,4.85147,4.85757,4.09945,0.247706,0.066628,0.365831,4608
imx708_warm_s+0_air,imx708,warm,0,air,D,D,raw,T3,2.38879e+06,2376560,1.59181,True,0.895844,0.0992459,0.170512,0.142563,0.511371,0.157598,0.0905846,0.994565,0.994774,0.12069,0.143542,96,,0.00369477,-0.00230339,-0.00313962,-0.000546397,False,0.887858,0.656249,1.03205,0.270824,0.883555,0.17686,0.652317,0.180829,0.657263,0.627482,0,0.993663,1.05936,1.05069,1.00471,0.908169,0.933642,0.93235,0.895844,2592,,,,,,,26.2084,39.3547,43.4113,38.4074,10,0.392544,,10.0514,6.28216,1.00471,0.51384,0.040108,1.46982,3.60811,3.60374,3.03856,0.160836,0.0512046,0.509696,4608
imx708_warm_s+0_air,imx708,warm,0,air,D,D,raw,50kB,50000,51013,0.0341683,True,22.2082,42.2087,94.8681,33.9818,42.1343,39.687,35.1436,0.832943,0.74598,0.0689612,0.115803,1,,-12.3472,29.6904,29.37,41.0557,False,54.8755,63.4999,70.7821,65.9788,98.614,80.8037,191.37,82.1086,189.966,217.935,8.80782e-05,27.5619,24.416,24.5981,22.1681,27.4903,24.3508,24.594,22.2082,2592,,,,,,,708.412,856,828.403,752.806,10,74.2722,,468.27,292.669,22.1681,150.01,40.5736,46.1843,94.1354,94.0713,104.152,113.112,35.8151,84.5986,4608
imx708_warm_s+0_air,imx708,warm,0,air,D2,D2/modular,raw,T1,597197,593898,0.39779,True,1.10166,0.0487818,0.183844,0.120517,0.325851,0.131386,0.0522299,0.986229,0.986745,3.95492,0.617687,1.7028,,-0.016219,-0.0243912,-0.0201247,-0.0176415,False,0.49346,0.384065,0.54816,0.208168,0.619792,0.198111,0.617219,0.199563,0.624021,0.549729,0,0.867609,0.961118,0.98403,0.911093,1.07335,1.16904,1.16456,1.10166,2592,,,,,,,72.2479,115.761,127.644,118.08,10,0.138051,,40.2222,25.1389,0.911093,0.207416,0.0523345,2.28123,5.99894,6.01447,4.97077,0.224647,0.0468402,0.120635,4608
imx708_warm_s+0_air,imx708,warm,0,air,D2,D2/modular,raw,T2,1.19439e+06,1168195,0.782452,True,0.997274,0.032392,0.108616,0.0748006,0.203095,0.0814818,0.0330914,0.992163,0.991886,4.98477,0.653485,0.7753,,-0.0100205,-0.011066,-0.00559411,-0.00378501,False,0.296409,0.241767,0.339331,0.127153,0.403399,0.116947,0.39513,0.118607,0.395678,0.349307,0,0.919726,1.00006,1.00798,0.955394,0.967577,1.04059,1.05581,0.997274,2592,,,,,,,38.1704,91.5252,92.53,57.5407,10,0.10056,,20.4485,12.7803,0.955394,0.194532,0.0392613,1.72381,4.45233,4.45733,3.68584,0.0500079,0.0234678,0.0799926,4608
imx708_warm_s+0_air,imx708,warm,0,air,D2,D2/modular,raw,T3,2.38879e+06,2389331,1.60036,True,0.676804,0.0264615,0.0801615,0.0541527,0.145452,0.058583,0.0263477,0.997226,0.997361,4.98983,0.707148,0.3405,,-0.00296172,-0.000726546,-0.000799578,0.003466,False,0.21433,0.173823,0.240381,0.0958858,0.279737,0.0861475,0.265212,0.0872336,0.267232,0.235016,0,1.03849,1.05015,1.0712,1.01536,0.747708,0.651886,0.65689,0.676804,2592,,,,,,,19.4593,39.9779,52.7621,39.5557,10,0.0618875,,9.99772,6.24858,1.01536,0.0810546,0.0288889,1.18174,2.57046,2.57005,2.17507,0.0490114,0.0199112,0.0871287,4608
imx708_warm_s+0_air,imx708,warm,0,air,D2,D2/modular,raw,50kB,50000,67419,0.045157,False,1.44734,0.529948,1.38205,0.758788,3.17601,0.833013,0.472923,0.954143,0.895319,1.15041,0.455541,25.0,target below the codec's smallest output,-0.0362889,-0.140739,-0.134287,-0.156124,False,5.15117,3.66239,5.79693,1.41205,5.73208,1.51234,6.26758,1.54388,6.28715,5.51678,0,1.13966,1.29626,1.32246,1.26189,1.39364,1.50635,1.52755,1.44734,2592,,,,,,,261.683,619.292,586.188,441.198,10,1.44607,,354.32,221.45,1.26189,3.14819,0.500243,6.66886,17.8024,17.4218,13.3048,1.80945,0.424447,2.34539,4608
imx708_warm_s+0_uw,imx708,warm,0,uw,M0-r1,repeat,floor,floor,,,,,1.41288,0.220787,0.875884,0.624586,1.69,0.671653,0.211713,0.970603,0.970534,,,,,0.0186081,0.0699608,0.074146,0.018391,False,2.4966,1.97487,2.94446,0.824914,3.14794,0.667688,4.24025,0.679182,4.26751,3.047,6.26502e-05,0.794935,0.802648,0.794405,0.807334,1.39509,1.43141,1.4023,1.41288,2592,,,,,,,129,457,521,49,10,1.00668,,,,0.807334,4.43686,0.326419,3.46016,11.8728,11.2131,2.02633,0.642408,0.207969,0.969643,4608
imx708_warm_s+0_uw,imx708,warm,0,uw,M1-q∞,isp-floor,floor,floor,,,,,0.078034,0.0920447,0.111248,0.103209,0.410268,0.111383,0.0863169,0.999638,0.999694,,,,,-0.0151999,0.0352619,0.0357914,0.0113348,False,0.848229,0.483781,0.831881,0.133583,0.489882,0.129634,0.591218,0.131875,0.601507,0.33582,0,0.837939,0.871361,0.87026,0.824794,0.168098,0.233878,0.234744,0.078034,2592,,,,,,,1.17718,4.13411,4.13411,0.396806,10,0.37288,,,,0.824794,0.390804,0.045327,0.233311,0.943814,0.94401,0.104318,0.170948,0.0544069,0.409528,4608
imx708_warm_s+0_uw,imx708,warm,0,uw,M1,,processed,T1,597197,595472,0.398845,True,0.92955,0.372474,0.588701,0.693577,1.71097,0.775473,0.362387,0.987602,0.986971,0.060528,0.881145,76,,0.0643515,0.201971,-0.212267,-0.00758119,False,2.22414,2.117,2.72377,0.915474,2.39476,0.90074,2.73774,0.908202,2.71892,1.56762,0,0.985321,1.17627,1.16641,0.633962,1.19916,1.29889,1.28174,0.92955,2592,0,0,0,0.0363368,0,0.0458381,84.8562,278.099,226.928,29.4731,10,1.82839,,40.1159,25.0724,0.633962,1.88732,0.241779,2.1709,6.52991,6.33269,1.21453,1.10124,0.259591,1.38048,4608
imx708_warm_s+0_uw,imx708,warm,0,uw,M1,,processed,T2,1.19439e+06,1185797,0.794242,True,0.827315,0.301702,0.365954,0.452267,1.41571,0.515618,0.282141,0.992192,0.991324,0.0748568,0.813592,89,,0.16678,0.0864337,-0.328961,0.00433538,False,1.95458,1.66642,2.29586,0.59941,2.31686,0.564012,1.82837,0.576498,1.85747,1.08795,0,1.01218,1.14452,1.1395,0.63678,1.14911,1.16851,1.16471,0.827315,2592,0,0,0,0.0363368,0,0.0458381,82.4101,229.127,206.283,28.1124,10,0.872876,,20.145,12.5906,0.63678,1.21747,0.242695,2.06931,5.61724,5.54623,1.08907,0.762695,0.21865,0.930047,4608
imx708_warm_s+0_uw,imx708,warm,0,uw,M1,,processed,T3,2.38879e+06,2457909,1.6463,True,0.720887,0.200485,0.242295,0.252756,0.702626,0.282335,0.197552,0.995079,0.994927,0.123701,0.865678,96,,0.0663669,0.252249,-0.187267,-0.0114832,False,1.06102,0.871629,1.24993,0.349726,1.01397,0.383698,1.20409,0.369019,1.15334,0.67321,0,0.944691,1.06085,1.08072,0.612967,1.0194,1.00721,1.02881,0.720887,2592,0,0,0,0.0363368,0,0.0458381,75.4733,165.488,132.944,21.155,10,0.668286,,9.71878,6.07424,0.612967,1.23954,0.186127,1.91732,4.59332,4.53565,0.968029,0.834503,0.163108,0.519691,4608
imx708_warm_s+0_uw,imx708,warm,0,uw,M1,,processed,50kB,50000,73320,0.0491094,False,6.43265,19.9801,28.3074,14.2551,20.425,13.2855,19.2312,0.846682,0.778328,0.0507345,0.830072,1,target below the codec's smallest output,17.6112,25.4973,25.1856,1.58761,False,23.5946,21.756,25.3909,51.2864,177.619,58.0083,186.299,59.1331,189.351,70.5375,1.432e-06,14.7583,24.5437,24.0773,6.39298,14.7868,24.5745,24.0909,6.43265,2592,0,0,0,0.0363368,0,0.0458381,217.761,758.976,752.467,73.5027,10,29.2186,,325.803,203.627,6.39298,153.044,41.8371,31.1056,85.6918,85.5417,8.4152,77.6233,22.0189,38.6237,4608
imx708_warm_s+0_uw,imx708,warm,0,uw,M1-fix,,processed,T1,597197,581484,0.389476,True,1.15782,2.26615,1.48781,0.820164,8.72985,0.90052,1.68029,0.982626,0.971522,0.0665552,0.987405,77,,-0.715326,-4.46994,-4.87864,0.184921,False,23.7132,9.78388,15.3834,0.4447,4.84066,0.664341,2.84964,0.682593,3.02805,7.1215,5.54901e-05,0.904557,1.02708,1.03069,0.914186,1.09385,1.16463,1.15708,1.15782,2592,0.0297994,0,0.0394938,0.000496068,0.0902448,0,99.407,365.763,331.018,55.084,10,16.7641,,41.0809,25.6755,0.914186,107.984,0.624854,5.06502,28.8454,28.8477,1.97696,17.4426,1.84527,17.6023,4608
imx708_warm_s+0_uw,imx708,warm,0,uw,M1-fix,,processed,T2,1.19439e+06,1193562,0.799443,True,1.07014,2.22024,0.818924,0.453741,8.87857,0.496999,1.63493,0.987637,0.97505,0.0793544,1.01762,90,,-0.71302,-4.55002,-4.91287,0.194146,False,23.6491,9.81899,15.4073,0.263354,4.88373,0.430832,2.51756,0.450054,2.69666,7.0082,8.23402e-06,0.886083,0.952465,0.978454,0.933771,1.01837,0.97122,0.980069,1.07014,2592,0.0297994,0,0.0394938,0.000496068,0.0902448,0,99.3329,383.754,364.04,44.069,10,17.0812,,20.0139,12.5087,0.933771,109.598,0.473182,5.04577,28.6553,28.6909,1.71724,17.7772,1.7767,17.7877,4608
imx708_warm_s+0_uw,imx708,warm,0,uw,M1-fix,,processed,T3,2.38879e+06,2359443,1.58035,True,0.979498,2.18242,0.533882,0.290209,8.8623,0.319844,1.58925,0.99059,0.978101,0.10675,0.985069,96,,-0.696283,-4.54877,-4.87881,0.17554,False,23.7022,9.8157,15.3495,0.195827,4.87996,0.337275,2.3918,0.348976,2.551,6.72744,3.58001e-07,0.850718,0.890578,0.921903,0.870217,0.930749,0.836414,0.832873,0.979498,2592,0.0297994,0,0.0394938,0.000496068,0.0902448,0,99.5947,375.052,366.693,31.5361,10,16.7241,,10.1244,6.32773,0.870217,108.956,0.407099,4.99985,28.488,28.5185,1.51584,17.6769,1.76765,17.7271,4608
imx708_warm_s+0_uw,imx708,warm,0,uw,M1-fix,,processed,50kB,50000,73530,0.0492501,False,22.031,62.3159,438.771,53.0954,60.2555,83.8623,34.2316,0.832997,0.779062,0.0487155,1.06411,1,target below the codec's smallest output,22.4429,3.97237,3.63412,70.6936,False,63.5884,94.0509,98.0221,64.278,183.462,52.2535,130.893,53.0757,129.671,854.517,0.00178929,15.1953,20.6106,20.6966,22.0262,15.088,20.6471,20.725,22.031,2592,0.0297994,0,0.0394938,0.000496068,0.0902448,0,241.429,746.99,744.99,528.076,10,80.5678,,324.872,203.045,22.0262,1048.72,87.9212,36.0953,69.884,69.8533,96.631,119.849,65.55,104.922,4608
imx708_warm_s+0_uw,imx708,warm,0,uw,D,D,raw,T1,597197,588746,0.39434,True,1.06557,0.350273,1.24998,0.800087,2.23652,0.841305,0.334837,0.979668,0.980082,0.0916823,0.129816,78,,0.0165902,0.0166571,0.00740228,0.0409426,False,3.30312,2.86525,5.23154,0.921728,2.51003,0.736188,2.06528,0.73967,2.06988,3.48301,8.23402e-06,0.950719,1.03569,1.03289,0.785003,1.17477,1.2122,1.21897,1.06557,2592,,,,,,,77.9369,198.593,255.523,39.122,10,1.39861,,40.5742,25.3588,0.785003,4.78471,0.566359,2.16153,6.18583,6.2283,1.52593,1.16176,0.361404,1.13071,4608
imx708_warm_s+0_uw,imx708,warm,0,uw,D,D,raw,T2,1.19439e+06,1143033,0.765599,True,0.989675,0.267603,0.639413,0.39832,1.41974,0.419122,0.249424,0.985578,0.987462,0.102079,0.137784,90,,-0.00307466,-0.00742838,-0.012808,0.0167577,False,2.15991,1.89767,3.10202,0.428585,1.25735,0.323691,0.960467,0.325994,0.962556,1.91037,2.50601e-06,0.955171,1.00562,1.00328,0.848071,1.05451,1.10979,1.10744,0.989675,2592,,,,,,,52.0934,113.194,99.591,22.8044,10,1.52753,,20.8987,13.0617,0.848071,5.59399,0.248904,1.69042,4.83232,4.837,1.31439,1.26033,0.227223,1.24313,4608
imx708_warm_s+0_uw,imx708,warm,0,uw,D,D,raw,T3,2.38879e+06,2292160,1.53528,True,0.86148,0.252372,0.488778,0.296821,1.05162,0.318604,0.241538,0.99137,0.992837,0.13097,0.187964,96,,-0.000804231,-0.00236676,-0.00333441,0.0280785,False,1.6947,1.27414,1.90828,0.283626,0.998507,0.177528,0.652995,0.181271,0.657758,1.51751,0,0.986452,1.05936,1.05069,0.951923,0.92222,0.933642,0.93235,0.86148,2592,,,,,,,24.8489,39.3547,43.4113,17.3883,10,1.38695,,10.4216,6.51347,0.951923,5.10828,0.245106,1.33356,3.59445,3.58933,1.09358,1.14913,0.230026,1.10605,4608
imx708_warm_s+0_uw,imx708,warm,0,uw,D,D,raw,50kB,50000,49994,0.0334858,True,10.0922,60.8132,33.9716,33.9956,54.4969,53.6762,39.4947,0.857575,0.745443,0.0809513,0.128264,1,,-9.93154,29.9255,29.5916,-6.04949,False,59.5148,71.281,78.0936,58.6279,90.4208,81.0653,191.394,82.2985,190.25,182.581,0,24.7521,24.416,24.5981,10.0952,24.8502,24.3508,24.594,10.0922,2592,,,,,,,647.669,856,828.403,230.634,10,81.2569,,477.815,298.634,10.0952,156.453,61.7001,38.038,93.9736,93.9081,18.3456,104.099,59.0395,101.79,4608
imx708_warm_s+0_uw,imx708,warm,0,uw,D2,D2/modular,raw,T1,597197,598880,0.401127,True,1.00656,0.089719,0.288634,0.184177,0.629643,0.197101,0.0762636,0.981855,0.984798,4.74814,0.655458,1.4729,,-0.0162865,-0.0200753,-0.0172403,-0.0213689,False,1.33473,0.81634,2.35048,0.208552,0.62135,0.181008,0.583583,0.184036,0.58876,0.946041,3.93801e-06,0.814271,0.962551,0.983572,0.716832,1.03626,1.16236,1.15841,1.00656,2592,,,,,,,41.52,120.276,122.09,22.4957,10,0.343467,,39.8876,24.9297,0.716832,0.407907,0.118726,1.90292,5.68538,5.69723,1.42383,0.251691,0.0690698,0.257273,4608
imx708_warm_s+0_uw,imx708,warm,0,uw,D2,D2/modular,raw,T2,1.19439e+06,1179138,0.789782,True,0.914821,0.0600795,0.184082,0.121725,0.397524,0.12967,0.057685,0.989063,0.98991,4.94861,0.664335,0.7248,,-0.0117013,-0.00917363,-0.00546143,-0.00698218,False,0.912101,0.494152,1.56089,0.136387,0.426918,0.116738,0.392561,0.11796,0.395066,0.631192,0,0.873404,1.01925,1.00985,0.870694,0.948878,1.02045,1.02996,0.914821,2592,,,,,,,32.5321,104.734,95.078,16.9435,10,0.184174,,20.2588,12.6617,0.870694,0.347157,0.0668597,1.50169,4.28643,4.29033,1.2078,0.195681,0.0515621,0.263806,4608
imx708_warm_s+0_uw,imx708,warm,0,uw,D2,D2/modular,raw,T3,2.38879e+06,2384321,1.59701,True,0.62351,0.0411866,0.140722,0.0901936,0.288147,0.0946716,0.0396932,0.995758,0.996359,4.80401,0.766304,0.3393,,-0.0039837,-0.000477286,-0.000736518,0.00392396,False,0.565339,0.3572,0.732952,0.102799,0.298759,0.0862444,0.265508,0.0873692,0.26749,0.423426,0,1.01921,1.05015,1.0712,1.01569,0.740916,0.651886,0.65689,0.62351,2592,,,,,,,17.0038,39.9779,52.7621,8.41848,10,0.102411,,10.0187,6.26171,1.01569,0.413624,0.0733661,1.07323,2.55895,2.55888,0.7776,0.189553,0.0494689,0.100483,4608
imx708_warm_s+0_uw,imx708,warm,0,uw,D2,D2/modular,raw,50kB,50000,58498,0.0391817,False,1.11867,0.626152,1.61182,1.11068,4.80939,1.20755,0.609575,0.948158,0.892624,1.1478,0.480308,25.0,target below the codec's smallest output,-0.0267495,-0.126772,-0.123467,-0.0390904,False,7.46285,5.80982,9.48257,1.43251,5.99123,1.51206,6.2645,1.54351,6.2809,6.74039,4.11701e-05,1.08243,1.29626,1.32246,0.818834,1.34918,1.50635,1.52755,1.11867,2592,,,,,,,191.51,619.292,586.188,77.6196,10,2.70927,,408.354,255.221,0.818834,6.46799,0.681904,5.53254,17.6466,17.2472,2.65861,2.139,0.601323,2.3536,4608
imx708_warm_s-1_air,imx708,warm,-1,air,W,W,raw,T1,597197,590928,0.395801,True,1.07471,0.0837237,0.427462,0.302192,0.817155,0.316044,0.0655098,0.987941,0.987562,0.300277,0.506896,197.3299,,0.0179276,0.0329526,0.033311,0.025365,False,1.23889,0.943217,1.35274,0.421016,1.30146,0.468708,1.56306,0.465458,1.53832,1.38663,0,0.74519,0.824012,0.835213,0.800209,0.999923,1.09627,1.12515,1.07471,2592,,,,,,,58.841,89.116,101.316,85.1372,10,0.227052,,40.4243,25.2652,0.800209,0.446073,0.0577818,1.77555,4.10898,4.11598,3.47344,0.140888,0.0446381,0.426001,4608
imx708_warm_s-1_air,imx708,warm,-1,air,W,W,raw,T2,1.19439e+06,1198818,0.802963,True,0.983437,0.0465251,0.239648,0.171713,0.453259,0.178382,0.0449169,0.993197,0.992809,0.308929,0.548396,79.9006,,0.0122225,0.022126,0.0224005,0.0213487,False,0.656538,0.531379,0.734307,0.228546,0.688782,0.253146,0.810826,0.254226,0.804798,0.741608,0,0.779381,0.824939,0.829686,0.81108,0.900315,1.00947,1.03572,0.983437,2592,,,,,,,19.9121,39.3147,50.2202,33.2297,10,0.188473,,19.9262,12.4539,0.81108,0.184879,0.0446261,1.23012,3.00025,2.99575,2.53692,0.152982,0.0282266,0.32623,4608
imx708_warm_s-1_air,imx708,warm,-1,air,W,W,raw,T3,2.38879e+06,2443758,1.63682,True,0.665735,0.0420314,0.128093,0.097227,0.256689,0.101001,0.0375735,0.9972,0.99787,0.371855,0.692559,32.4866,,0.00256154,-0.00355901,-0.00362775,-0.00195736,False,0.379454,0.300791,0.423706,0.126347,0.378943,0.13828,0.447095,0.13772,0.443406,0.395197,0,0.85682,0.905717,0.910563,0.90059,0.694991,0.600605,0.623595,0.665735,2592,,,,,,,11.483,18.7725,20.9226,15.7732,10,0.129893,,9.77506,6.10941,0.90059,0.188217,0.0281741,0.865886,1.69569,1.69618,1.51347,0.0746785,0.0242385,0.242081,4608
imx708_warm_s-1_air,imx708,warm,-1,air,W,W,raw,50kB,50000,49263,0.0329962,True,2.14897,1.64602,2.00618,1.07196,5.66018,1.17295,1.36154,0.950633,0.84234,0.301908,0.463118,8437.8738,,-0.0855633,-0.226192,-0.243855,-0.183096,False,10.7852,5.92298,11.0755,1.76581,13.0587,2.41875,17.8991,2.46176,18.3038,15.4518,6.69983e-07,2.10329,2.05285,2.11401,2.00817,2.22177,2.21407,2.24309,2.14897,2592,,,,,,,248.558,709.43,699.647,518.172,10,4.97882,,484.905,303.066,2.00817,8.64401,2.11734,6.2092,16.5767,16.5252,12.3041,2.86889,0.928303,6.75936,4608
imx708_warm_s-1_air_field,imx708,warm,-1,air,W,W,raw,50kB,50000,49863,0.277017,True,1.17537,0.180486,0.770458,0.676014,2.3463,0.547343,0.171257,0.958853,nan,0.0731687,0.0983347,887.1848,,-0.118025,-0.267939,-0.288603,-0.223359,False,3.66107,2.1316,3.38668,0.831402,3.45876,0.680873,3.03622,0.702949,3.30706,3.24447,2.77778e-06,0.838645,0.903104,0.913916,0.88066,1.12358,1.20105,1.21026,1.17537,900,,,,,,,105.389,224.833,222.622,233.98,10,0.547041,,57.7583,36.0989,0.88066,0.987545,0.28181,7.55722,18.685,18.488,14.1455,0.339082,0.0900336,0.433752,1600
imx708_warm_s-1_air,imx708,warm,-1,air,M0-r1,repeat,floor,floor,,,,,1.40416,0.204696,0.738142,0.578021,1.60612,0.604658,0.203478,0.988826,0.987974,,,,,-0.00731018,0.065093,0.0646774,0.0598363,False,2.4719,1.87337,2.71026,0.791201,2.3871,0.62957,2.06968,0.635504,2.07314,2.26836,0,0.806656,0.804186,0.818257,0.81829,1.39068,1.39736,1.42995,1.40416,2592,,,,,,,92,184,218,401,10,0.805898,,,,0.81829,0.978306,0.175503,1.78955,4.0629,4.07649,3.52272,0.333737,0.113914,0.79492,4608
imx708_warm_s-1_air,imx708,warm,-1,air,M1-q∞,isp-floor,floor,floor,,,,,0.227569,0.165867,0.152494,0.166692,0.517038,0.182583,0.168744,0.99962,0.999681,,,,,-0.00395646,0.01168,0.010073,-0.0345028,False,0.793434,0.620981,0.908513,0.23205,0.638611,0.213241,0.938406,0.210945,0.959506,0.620294,0,0.823784,0.855451,0.868761,0.844991,0.197631,0.230893,0.24225,0.227569,2592,,,,,,,1.3956,4.13411,3.84857,2.79367,10,0.822766,,,,0.844991,0.834495,0.0563297,0.249519,0.745938,0.746826,0.530026,0.33233,0.0732677,0.632266,4608
imx708_warm_s-1_air,imx708,warm,-1,air,M1,,processed,T1,597197,601217,0.402693,True,1.12275,0.782184,1.01517,0.959724,2.67298,1.02961,0.765661,0.993371,0.99072,0.0765418,1.15533,83,,0.102276,-0.0939579,-0.272793,0.231244,False,3.45138,3.10859,4.07715,0.908508,2.81511,1.06835,3.545,1.07083,3.53128,3.47714,0,0.981424,0.960278,0.962027,0.991872,1.15489,1.09727,1.10913,1.12275,2592,0,0,0,0.000195832,0,0.000219191,97.9371,249.488,301.597,191.938,10,2.71135,,39.7325,24.8328,0.991872,2.33365,0.582669,1.78374,4.17497,4.04513,3.29749,1.75335,0.549794,2.53096,4608
imx708_warm_s-1_air,imx708,warm,-1,air,M1,,processed,T2,1.19439e+06,1240958,0.831189,True,0.990831,0.360302,0.545885,0.480691,1.46033,0.52365,0.351805,0.995748,0.993917,0.102778,0.935184,93,,0.0241704,0.00886325,-0.153873,0.045345,False,2.10939,1.69316,2.43292,0.47285,1.5638,0.611495,2.1067,0.602044,2.05596,2.08826,0,0.960331,0.891774,0.893304,0.936375,1.04982,0.936057,0.939826,0.990831,2592,0,0,0,0.000195832,0,0.000219191,90.3931,182.365,166.587,177.727,10,1.21845,,19.2495,12.031,0.936375,1.79712,0.353403,1.67838,3.38789,3.30569,3.00209,0.912036,0.23419,1.78552,4608
imx708_warm_s-1_air,imx708,warm,-1,air,M1,,processed,T3,2.38879e+06,2208211,1.47905,False,0.899604,0.315162,0.438416,0.377563,1.00379,0.409361,0.312473,0.996963,0.996068,0.112495,1.0157,97,bracketed (integer knob): metrics interpolated,0.00751156,0.0627533,-0.0813277,-0.0228447,False,1.44522,1.19512,1.63434,0.402605,1.21504,0.479613,1.5203,0.471286,1.48192,1.37234,0,0.950588,0.84486,0.851485,0.892851,0.960591,0.799368,0.810866,0.899604,2592,0,0,0,0.000195832,0,0.000219191,87.9616,142.592,142.66,163.727,10,1.30155,,10.8177,6.76109,0.892851,1.53927,0.271053,1.57546,2.80917,2.71306,2.77048,0.573267,0.184716,0.976102,4608
imx708_warm_s-1_air,imx708,warm,-1,air,M1,,processed,T3,2.38879e+06,2540489,1.70161,False,0.884597,0.310947,0.429112,0.365623,0.964418,0.399229,0.309855,0.99721,0.996475,0.121098,0.974695,98,bracketed (integer knob): metrics interpolated,0.012614,0.0489617,-0.0733394,-0.0311996,False,1.38767,1.15446,1.58005,0.393111,1.17508,0.455053,1.4389,0.444765,1.39371,1.30778,0,0.938531,0.857871,0.863177,0.899,0.927135,0.763028,0.766159,0.884597,2592,0,0,0,0.000195832,0,0.000219191,87.9616,134.849,160.344,152.061,10,1.46976,,9.40286,5.87679,0.899,1.50923,0.248477,1.54378,2.62879,2.54352,2.71068,0.612148,0.185403,1.12538,4608
imx708_warm_s-1_air,imx708,warm,-1,air,M1,,processed,50kB,50000,73041,0.0489226,False,21.8196,21.3389,80.8347,18.0178,24.3957,17.9562,20.3596,0.793602,0.733543,0.0615177,1.02764,1,target below the codec's smallest output,16.6344,26.6435,26.4739,16.4497,False,27.223,26.4557,27.9121,54.6269,204.702,101.543,268.79,99.9035,277.629,230.73,1.07197e-05,18.042,19.5352,20.116,21.8325,18.0941,19.6003,20.1824,21.8196,2592,0,0,0,0.000195832,0,0.000219191,260.864,746.99,745.99,525.277,10,38.319,,327.047,204.405,21.8325,236.958,48.5832,38.3204,94.9058,94.8613,68.9872,78.4378,20.2285,40.9529,4608
imx708_warm_s-1_air,imx708,warm,-1,air,M1-444,,processed,T1,597197,583216,0.390636,True,1.11971,0.382582,0.67873,0.54277,1.40194,0.589027,0.365121,0.991996,0.989309,0.0995252,0.90084,77,,-0.00115439,0.108237,-0.0238855,0.0261378,False,1.92111,1.68129,2.2646,0.587815,1.80911,0.791303,2.51593,0.779618,2.48939,2.16562,0,0.937478,0.984888,0.962068,0.959076,1.07884,1.13881,1.1232,1.11971,2592,0,0,0,0.000195832,0,0.000219191,76.9797,206.577,259.469,158.931,10,1.47438,,40.9589,25.5993,0.959076,1.68371,0.445834,1.71498,4.16514,4.10378,3.28729,0.853888,0.255725,1.17222,4608
imx708_warm_s-1_air,imx708,warm,-1,air,M1-444,,processed,T2,1.19439e+06,1159520,0.776642,True,1.00201,0.489202,0.547595,0.489369,1.35851,0.528946,0.414853,0.994542,0.99293,0.127659,0.901738,89,,0.0637275,-0.157388,-0.284859,0.214628,False,1.84273,1.58795,2.13036,0.462702,1.40776,0.631621,2.06796,0.638808,2.00896,1.88422,0,1.00126,0.941256,0.956697,0.975201,0.993451,1.00598,1.01018,1.00201,2592,0,0,0,0.000195832,0,0.000219191,76.695,149.587,151.66,87.85,10,1.04027,,20.6015,12.8759,0.975201,1.11796,0.370784,1.47919,3.51022,3.50628,2.84303,1.06143,0.310864,1.84681,4608
imx708_warm_s-1_air,imx708,warm,-1,air,M1-444,,processed,T3,2.38879e+06,2353714,1.57651,True,0.84865,0.264879,0.383247,0.325789,0.86478,0.360068,0.262834,0.996348,0.995688,0.161897,0.998343,95,,-0.0220998,0.0433377,-0.0550042,-0.024667,False,1.30386,1.02557,1.38899,0.359844,1.08373,0.448298,1.38791,0.43542,1.35252,1.1596,0,0.972384,0.884294,0.89582,0.931238,0.855294,0.843426,0.83408,0.84865,2592,0,0,0,0.000195832,0,0.000219191,38.9797,77.3384,67.6433,55.3832,10,1.33098,,10.149,6.34313,0.931238,1.56306,0.225464,1.20027,2.80182,2.78519,2.30065,0.548921,0.144666,0.998238,4608
imx708_warm_s-1_air,imx708,warm,-1,air,M1-444,,processed,50kB,50000,142470,0.0954258,False,21.8196,21.3389,80.8347,18.0178,24.3957,17.9562,20.3596,0.793602,0.733543,0.0880532,1.01013,1,target below the codec's smallest output,16.6344,26.6435,26.4739,16.4497,False,27.223,26.4557,27.9121,54.6269,204.702,101.543,268.79,99.9035,277.629,230.73,1.07197e-05,18.042,19.5352,20.116,21.8325,18.0941,19.6003,20.1824,21.8196,2592,0,0,0,0.000195832,0,0.000219191,260.864,746.99,745.99,525.277,10,38.319,,167.669,104.793,21.8325,236.958,48.5832,38.3204,94.9058,94.8613,68.9872,78.4378,20.2285,40.9529,4608
imx708_warm_s-1_air,imx708,warm,-1,air,M1j,,processed,T1,597197,585232,0.391986,True,1.04057,0.122764,0.306556,0.26516,0.691977,0.277396,0.116093,0.992831,0.990449,0.132057,1.09695,91,,-0.00520655,0.0499275,-0.0872517,-0.0262231,False,1.01509,0.81165,1.12189,0.309276,0.916001,0.39914,1.32151,0.401719,1.35194,0.932437,0,0.748668,0.846448,0.840238,0.800303,1.02582,1.05951,1.06686,1.04057,2592,0,0,0,0.000195832,0,0.000219191,100.393,222.332,259.469,173.231,10,0.547874,,40.8178,25.5111,0.800303,0.411644,0.10041,1.67712,3.95498,3.884,3.11022,0.219225,0.0684061,0.573964,4608
imx708_warm_s-1_air,imx708,warm,-1,air,M1j,,processed,T2,1.19439e+06,1052663,0.705069,False,0.898047,0.093847,0.197718,0.180991,0.510547,0.191599,0.103429,0.995205,0.993536,0.163378,1.0182,96,bracketed (integer knob): metrics interpolated,-0.00326093,0.051273,-0.074017,-0.0148708,False,0.789095,0.589863,0.84819,0.231277,0.712008,0.318813,1.07951,0.322483,1.08173,0.651164,0,0.764704,0.80309,0.801273,0.772905,0.940656,0.928832,0.942959,0.898047,2592,0,0,0,0.000195832,0,0.000219191,92.9797,176.133,195.643,154.106,10,0.73613,,22.6928,14.183,0.772905,0.271175,0.0505476,1.55162,3.27707,3.19643,2.70389,0.158997,0.0546248,0.491517,4608
imx708_warm_s-1_air,imx708,warm,-1,air,M1j,,processed,T2,1.19439e+06,1305920,0.8747,False,0.868966,0.0957865,0.193961,0.177285,0.512956,0.189547,0.101336,0.996059,0.994478,0.168543,1.03373,97,bracketed (integer knob): metrics interpolated,-0.0019743,0.0485003,-0.0701288,-0.0127629,False,0.790523,0.594939,0.846503,0.229051,0.700554,0.308474,1.03383,0.314474,1.04653,0.631663,0,0.752633,0.769339,0.779175,0.758536,0.914055,0.877767,0.879827,0.868966,2592,0,0,0,0.000195832,0,0.000219191,87.9616,167.562,195.643,149.251,10,0.71139,,18.292,11.4325,0.758536,0.286621,0.0507675,1.51564,3.07453,2.98621,2.60845,0.153088,0.0495988,0.473981,4608
imx708_warm_s-1_air,imx708,warm,-1,air,M1j,,processed,T3,2.38879e+06,2435048,1.63099,True,0.687326,0.0999456,0.185738,0.170587,0.498159,0.183332,0.106737,0.997662,0.996588,0.278,1.10049,99,,-0.000767189,0.0441878,-0.055064,-0.010142,False,0.797376,0.584249,0.844227,0.223066,0.683047,0.291413,0.951219,0.291748,0.961878,0.601373,0,0.740484,0.731571,0.733115,0.746984,0.792542,0.694551,0.699605,0.687326,2592,0,0,0,0.000195832,0,0.000219191,87.9616,150.292,160.344,144.366,10,0.710297,,9.81002,6.13126,0.746984,0.208235,0.0449907,1.40468,2.49665,2.3937,2.28853,0.159978,0.0518351,0.476812,4608
imx708_warm_s-1_air,imx708,warm,-1,air,M1j,,processed,50kB,50000,77534,0.051932,False,2.53752,4.37641,6.61921,8.59414,11.9928,8.86224,4.2156,0.962848,0.942215,0.145048,1.14801,1,target below the codec's smallest output,1.48143,-1.6439,-1.77661,1.23737,False,13.5609,15.1845,18.9562,7.52793,18.3236,6.83656,20.6462,6.91518,20.5107,18.7096,1.77546e-05,2.73239,2.52431,2.53348,2.44956,2.81447,2.56115,2.58063,2.53752,2592,0,0,0,0.000195832,0,0.000219191,217.908,523.052,542.482,377.613,10,9.83719,,308.095,192.56,2.44956,21.749,3.88546,5.18802,11.1964,11.2361,8.74893,19.1108,3.22448,14.1818,4608
imx708_warm_s-1_air,imx708,warm,-1,air,M1-fix,,processed,T1,597197,571879,0.383042,True,1.28605,0.241242,1.04925,0.48972,1.16309,0.483974,0.234789,0.992688,0.990726,0.0608296,1.00658,80,,0.0170482,0.0501279,-0.0987734,0.093767,False,1.57124,1.31088,1.74397,0.446643,1.38319,0.563766,1.846,0.578475,1.8946,3.28044,0,0.921514,0.961988,0.969348,1.08987,1.11184,1.04675,1.05568,1.28605,2592,0.00416755,3.60015e-06,1.17214e-06,0.0002212,3.12292e-05,0.000219526,109.067,256.087,295.316,241.118,10,0.837078,,41.7709,26.1068,1.08987,1.78496,0.43984,1.65679,3.70687,3.76534,3.78796,0.946198,0.214159,0.785015,4608
imx708_warm_s-1_air,imx708,warm,-1,air,M1-fix,,processed,T2,1.19439e+06,1150678,0.770719,True,1.18039,0.126415,0.534533,0.260761,0.727345,0.265486,0.138186,0.995441,0.994361,0.083909,1.0512,91,,-0.00216352,0.00148502,-0.122505,0.0213586,False,1.11119,0.791826,1.20242,0.25552,0.782222,0.349298,1.14229,0.358456,1.16777,1.9281,0,0.92027,0.893418,0.919765,1.05806,1.02053,0.838884,0.866453,1.18039,2592,0.00416755,3.60015e-06,1.17214e-06,0.0002212,3.12292e-05,0.000219526,113.427,252.181,274.448,257.575,10,0.509211,,20.7598,12.9749,1.05806,0.996834,0.192011,1.58806,2.95595,2.96916,3.63231,0.223201,0.0900812,0.357475,4608
imx708_warm_s-1_air,imx708,warm,-1,air,M1-fix,,processed,T3,2.38879e+06,2133160,1.42878,False,1.09008,0.111047,0.373489,0.187708,0.504508,0.191165,0.125994,0.997035,0.996652,0.107698,1.00864,96,bracketed (integer knob): metrics interpolated,0.00831449,-0.0210123,-0.117954,-0.00577831,False,0.911449,0.554146,0.862173,0.196543,0.609161,0.280077,0.883594,0.292647,0.922765,1.15357,0,0.890606,0.841633,0.858419,0.990303,0.946221,0.688307,0.709586,1.09008,2592,0.00416755,3.60015e-06,1.17214e-06,0.0002212,3.12292e-05,0.000219526,108.666,234.776,246.872,200.552,10,0.546848,,11.1983,6.99897,0.990303,1.00419,0.145652,1.48799,2.27153,2.28534,3.40645,0.219305,0.0802592,0.381793,4608
imx708_warm_s-1_air,imx708,warm,-1,air,M1-fix,,processed,T3,2.38879e+06,2509660,1.68096,False,1.07173,0.114175,0.363952,0.18523,0.50091,0.189298,0.127047,0.997397,0.997161,0.117017,1.12953,97,bracketed (integer knob): metrics interpolated,0.00990347,-0.0294214,-0.108325,-0.0057055,False,0.889612,0.551469,0.854984,0.19407,0.600443,0.263627,0.825676,0.278182,0.860752,1.12454,0,0.873037,0.837935,0.856364,0.998447,0.913593,0.641838,0.657855,1.07173,2592,0.00416755,3.60015e-06,1.17214e-06,0.0002212,3.12292e-05,0.000219526,116.812,225.929,246.87,213.92,10,0.494527,,9.51837,5.94898,0.998447,0.955309,0.169125,1.45204,2.07719,2.09125,3.34251,0.206942,0.0784157,0.372707,4608
imx708_warm_s-1_air,imx708,warm,-1,air,M1-fix,,processed,50kB,50000,73054,0.0489313,False,23.1022,20.6341,80.788,17.9905,24.3935,17.9388,19.7569,0.791646,0.739743,0.061639,1.25371,1,target below the codec's smallest output,16.3568,25.8941,25.7239,16.0528,False,26.0873,26.5421,28.3902,54.2168,198.111,101.379,267.664,99.6875,274,231.503,1.07197e-05,17.8328,19.5427,20.1971,23.0837,17.9137,19.5624,20.2198,23.1022,2592,0.00416755,3.60015e-06,1.17214e-06,0.0002212,3.12292e-05,0.000219526,260.865,747.003,746.003,525.31,10,31.5089,,326.989,204.368,23.0837,236.882,60.2103,38.0684,94.5877,94.5562,69.7416,52.2115,18.4862,39.8653,4608
imx708_warm_s-1_air,imx708,warm,-1,air,M2,,processed,T1,597197,585265,0.392008,True,1.80364,1.26381,4.87667,1.13775,2.51501,1.3644,0.974915,0.992639,0.992048,0.650246,1.01128,8.9451,,-0.915192,-2.52039,-2.62398,-2.65136,False,3.33213,3.48031,4.7457,2.88733,5.27836,4.47732,8.30577,4.53003,8.2599,8.08755,0,1.25981,1.25274,1.27767,1.68558,1.42062,1.38704,1.41673,1.80364,2592,0,0,0,0.000195832,0,0.000219191,87.5409,137.849,138.657,187.266,10,3.20786,,40.8155,25.5097,1.68558,8.34399,3.55526,2.11534,4.75788,4.82658,4.48044,1.98637,0.748571,4.51677,4608
imx708_warm_s-1_air,imx708,warm,-1,air,M2,,processed,T2,1.19439e+06,1312188,0.878898,False,1.65915,1.11376,4.94502,0.964806,1.9765,1.19239,0.849942,0.994746,0.994653,0.727146,1.10684,4.0991,did not converge within ±5 %,-0.925762,-2.57027,-2.64373,-2.66037,False,2.608,2.79161,3.82395,2.94235,4.64244,4.58699,7.76643,4.60734,7.71009,7.32157,0,1.28416,1.27871,1.2875,1.60689,1.37566,1.29704,1.3232,1.65915,2592,0,0,0,0.000195832,0,0.000219191,82.2779,134.849,142.66,182.617,10,2.18444,,18.2046,11.3779,1.60689,8.74819,3.34316,2.03115,4.40804,4.46471,4.28785,1.34744,0.633648,3.55612,4608
imx708_warm_s-1_air,imx708,warm,-1,air,M2,,processed,T3,2.38879e+06,2079103,1.39257,False,1.627,1.08119,5.04386,0.923263,1.81003,1.16317,0.821517,0.995652,0.995842,1.02652,1.24175,1.0,target above the codec's largest output,-0.939798,-2.54915,-2.60585,-2.69047,False,2.4517,2.57555,3.61084,3.00098,4.43913,4.565,7.45517,4.56862,7.37001,7.07014,0,1.29415,1.27918,1.26605,1.63619,1.31612,1.23568,1.24092,1.627,2592,0,0,0,0.000195832,0,0.000219191,82.3202,134.849,150.145,177.938,10,1.81622,,11.4895,7.18094,1.63619,9.08437,3.43083,1.97335,4.17994,4.21971,4.18371,1.19617,0.612148,3.48221,4608
imx708_warm_s-1_air,imx708,warm,-1,air,M2,,processed,50kB,50000,50442,0.0337858,True,1.89524,1.74991,3.60494,2.57236,6.88917,2.63576,1.60975,0.980268,0.972927,0.45744,0.963937,27.2136,,-0.132094,-3.23426,-3.38025,-1.88635,False,8.55927,6.99664,8.71973,2.34426,6.87088,5.73041,12.5673,5.81087,12.5499,10.572,2.34494e-06,1.29726,1.49661,1.49022,1.72426,1.52743,1.70051,1.70089,1.89524,2592,0,0,0,0.000195832,0,0.000219191,152.768,348.65,344.65,237.411,10,5.8949,,473.571,295.982,1.72426,13.9743,3.00301,2.83417,7.8765,7.90975,5.78103,4.37499,1.23578,6.68123,4608
imx708_warm_s-1_air,imx708,warm,-1,air,M2h,,processed,T1,597197,594210,0.397999,True,1.05879,0.494393,0.65952,0.572477,1.50848,0.615173,0.435672,0.994496,0.991508,2.60765,1.61059,58,,0.0328368,-0.00810189,-0.128831,0.0231691,False,2.11401,1.73664,2.35223,0.578153,1.76423,0.650885,2.07734,0.662874,2.0812,2.15992,0,0.898901,0.879876,0.870992,0.888154,1.05826,1.03451,1.03292,1.05879,2592,0,0,0,0.000195832,0,0.000219191,85.4297,151.65,135.133,154.106,10,1.39815,,40.2011,25.1257,0.888154,1.71348,0.448861,1.68512,3.53937,3.46754,3.149,1.33632,0.333898,2.07683,4608
imx708_warm_s-1_air,imx708,warm,-1,air,M2h,,processed,T2,1.19439e+06,1241205,0.831354,True,0.937309,0.379826,0.519016,0.45437,1.19847,0.490339,0.349445,0.996148,0.994309,2.48589,1.73436,65,,0.0355516,-0.0186654,-0.119799,0.0215868,False,1.78964,1.36389,1.89418,0.494993,1.44904,0.512543,1.59367,0.524093,1.60326,1.60047,0,0.92047,0.849432,0.856541,0.864884,0.956298,0.865688,0.894327,0.937309,2592,0,0,0,0.000195832,0,0.000219191,82.2779,129.062,135.133,196.476,10,0.767911,,19.2457,12.0286,0.864884,1.28576,0.310875,1.58367,2.97832,2.93269,2.86217,0.600926,0.242931,1.35281,4608
imx708_warm_s-1_air,imx708,warm,-1,air,M2h,,processed,T3,2.38879e+06,2263509,1.51609,False,0.834398,0.338843,0.450592,0.398194,1.07111,0.432369,0.314553,0.997082,0.995855,5.0716,1.6677,72,bracketed (integer knob): metrics interpolated,0.0361493,-0.0252185,-0.106219,0.010489,False,1.63636,1.21746,1.67544,0.455396,1.32238,0.448767,1.38439,0.454546,1.3751,1.34354,0,0.932507,0.851629,0.855114,0.895841,0.854866,0.739243,0.743929,0.834398,2592,0,0,0,0.000195832,0,0.000219191,76.4997,119.232,123.986,182.617,10,0.861655,,10.5535,6.59592,0.895841,1.1119,0.278978,1.50097,2.58948,2.55416,2.6508,0.65154,0.205534,1.17798,4608
imx708_warm_s-1_air,imx708,warm,-1,air,M2h,,processed,T3,2.38879e+06,2697687,1.8069,False,0.786379,0.30083,0.434314,0.38523,1.05038,0.420161,0.282549,0.997344,0.996242,3.23416,1.86349,73,bracketed (integer knob): metrics interpolated,0.0350401,-0.0242929,-0.101551,0.0062503,False,1.62317,1.20205,1.64161,0.445447,1.29581,0.430626,1.34192,0.443864,1.34637,1.29897,0,0.929525,0.854573,0.86258,0.902995,0.820284,0.69793,0.708433,0.786379,2592,0,0,0,0.000195832,0,0.000219191,74.5409,121.232,127.562,177.938,10,0.790283,,8.85495,5.53434,0.902995,1.25802,0.255046,1.47406,2.4816,2.44116,2.58247,0.571364,0.18763,1.03373,4608
imx708_warm_s-1_air,imx708,warm,-1,air,M2h,,processed,50kB,50000,52461,0.0351382,True,1.338,0.721745,1.4803,1.21261,3.55378,1.24859,0.743651,0.985066,0.9788,0.748676,0.915957,27,,0.0928209,-0.047902,-0.185829,-0.0178895,False,5.29274,3.91228,5.4711,1.39969,4.42662,1.44185,4.58038,1.45532,4.58295,4.8985,0,1.09105,1.06451,1.07566,1.0567,1.33591,1.36519,1.35916,1.338,2592,0,0,0,0.000195832,0,0.000219191,128.127,394.883,338.93,284.107,10,2.56583,,455.345,284.591,1.0567,2.78367,0.642791,2.29656,5.85446,5.75849,4.65448,1.56515,0.48333,2.17677,4608
imx708_warm_s-1_air,imx708,warm,-1,air,C,C,lossless,lossless,,5003700,3.35146,,0,0,0,0,0,0,0,1,1,0.277806,0.719897,,,0,0,0,0,True,0,0,0,0,0,0,0,0,0,0,0,0.805139,0.822558,0.831304,0.817769,0,0,0,0,2592,,,,,,,0,0,0,0,10,0,True,4.77404,2.98378,0.817769,0,0,0,0,0,0,0,0,0,4608
imx708_warm_s-1_air,imx708,warm,-1,air,C-jls,C-jls,lossless,lossless,,4880586,3.269,,0,0,0,0,0,0,0,1,1,0.372851,0.249762,,,0,0,0,0,True,0,0,0,0,0,0,0,0,0,0,0,0.805139,0.822558,0.831304,0.817769,0,0,0,0,2592,,,,,,,0,0,0,0,10,0,,4.89447,3.05904,0.817769,0,0,0,0,0,0,0,0,0,4608
imx708_warm_s-1_air,imx708,warm,-1,air,C-png,C-png,lossless,lossless,,6871117,4.60225,,0,0,0,0,0,0,0,1,1,28.1008,0.233258,,,0,0,0,0,True,0,0,0,0,0,0,0,0,0,0,0,0.805139,0.822558,0.831304,0.817769,0,0,0,0,2592,,,,,,,0,0,0,0,10,0,,3.47656,2.17285,0.817769,0,0,0,0,0,0,0,0,0,4608
imx708_warm_s-1_air,imx708,warm,-1,air,C2,C2/e3,lossless,lossless,,4588541,3.07339,,0,0,0,0,0,0,0,1,1,0.670042,0.533714,,,0,0,0,0,True,0,0,0,0,0,0,0,0,0,0,0,0.805139,0.822558,0.831304,0.817769,0,0,0,0,2592,,,,,,,0,0,0,0,10,0,,5.20598,3.25374,0.817769,0,0,0,0,0,0,0,0,0,4608
imx708_warm_s-1_air,imx708,warm,-1,air,C2,C2/e7,lossless,lossless,,4485086,3.00409,,0,0,0,0,0,0,0,1,1,6.40181,0.855875,,,0,0,0,0,True,0,0,0,0,0,0,0,0,0,0,0,0.805139,0.822558,0.831304,0.817769,0,0,0,0,2592,,,,,,,0,0,0,0,10,0,,5.32607,3.32879,0.817769,0,0,0,0,0,0,0,0,0,4608
imx708_warm_s-1_air,imx708,warm,-1,air,C2,C2/e7/tiled,lossless,lossless,,4485313,3.00424,,0,0,0,0,0,0,0,1,1,5.18149,0.785679,,,0,0,0,0,True,0,0,0,0,0,0,0,0,0,0,0,0.805139,0.822558,0.831304,0.817769,0,0,0,0,2592,,,,,,,0,0,0,0,10,0,,5.3258,3.32862,0.817769,0,0,0,0,0,0,0,0,0,4608
imx708_warm_s-1_air,imx708,warm,-1,air,N,N/b7,near-lossless,near-lossless,,2850385,1.90918,,0.533657,0.29072,0.369953,0.378175,1.29916,0.420152,0.299189,0.998145,0.998711,0.211838,0.224387,,,0.00603709,0.0998142,0.0973896,0.0938372,False,2.56053,1.53316,2.59742,0.580001,1.73118,0.39162,1.53686,0.392639,1.53082,1.16444,0,1.03743,0.951972,0.966349,0.973554,0.675044,0.481705,0.502069,0.533657,2592,,,,,,,4.23089,7.0429,7.0429,6.09901,10,1.73152,,8.38058,5.23786,0.973554,1.73333,0.145502,0.801566,1.48474,1.48508,1.26807,0.480215,0.121521,1.14758,4608
imx708_warm_s-1_air,imx708,warm,-1,air,N,N/b8,near-lossless,near-lossless,,3960292,2.65259,,0.260331,0.194632,0.201333,0.2381,1.25231,0.274225,0.20546,0.999559,0.999684,0.245203,0.26066,,,0.0111121,-0.00846396,-0.00798963,-0.00519282,False,1.9838,1.298,1.93442,0.36549,1.48477,0.205051,0.822275,0.20546,0.813092,0.814772,0,0.860506,0.858853,0.869171,0.861524,0.336703,0.240805,0.246021,0.260331,2592,,,,,,,2.24,3.49952,3.59848,3.0555,10,0.910208,,6.03185,3.7699,0.861524,0.460423,0.070153,0.398808,0.735052,0.735415,0.627754,0.265075,0.084564,0.695886,4608
imx708_warm_s-1_air,imx708,warm,-1,air,N,N/b9,near-lossless,near-lossless,,5365536,3.59381,,0.131331,0.0877727,0.0911371,0.0998979,0.462605,0.109109,0.0893904,0.999903,0.999921,0.202549,0.291293,,,0.0143505,0.0209671,0.0208351,0.0133293,False,0.633926,0.530251,0.706026,0.136539,0.601624,0.104025,0.613068,0.104066,0.628698,0.429433,0,0.814864,0.831426,0.833342,0.83612,0.157819,0.118464,0.123712,0.131331,2592,,,,,,,1.04174,1.76064,1.82615,1.48184,10,0.424054,,4.45209,2.78256,0.83612,0.222737,0.0439442,0.194592,0.358111,0.358389,0.305334,0.15164,0.044732,0.373282,4608
imx708_warm_s-1_air,imx708,warm,-1,air,N,N/b10,near-lossless,near-lossless,,6840337,4.58163,,0.0662734,0.0484695,0.0599038,0.066026,0.234595,0.0722236,0.0500844,0.999976,0.999981,0.22296,0.327219,,,-0.00875821,-0.0135126,-0.0136718,-0.0107266,False,0.30023,0.278287,0.369895,0.0936103,0.281283,0.060217,0.46054,0.0599711,0.45216,0.260085,0,0.810807,0.82456,0.834147,0.822574,0.0789479,0.0608821,0.0630251,0.0662734,2592,,,,,,,0.530951,0.882836,0.920757,0.73987,10,0.257397,,3.49221,2.18263,0.822574,0.174671,0.0267916,0.0986159,0.184516,0.1846,0.158013,0.0892329,0.0232767,0.253435,4608
imx708_warm_s-1_air,imx708,warm,-1,air,D,D,raw,T1,597197,579112,0.387887,True,1.14765,0.241038,0.731459,0.599646,1.80657,0.633067,0.241155,0.988205,0.984457,0.100214,0.183918,80,,0.0264795,0.0263779,0.0257199,0.00696206,False,2.769,2.07474,2.95524,0.853651,2.4659,0.818815,2.43339,0.807839,2.41684,1.97613,3.34992e-07,0.956684,0.965055,0.982789,0.976198,1.10889,1.19457,1.19888,1.14765,2592,,,,,,,86.7822,203.949,175.588,153.271,10,1.24797,,41.2491,25.7807,0.976198,0.792078,0.186105,1.90063,4.46744,4.47741,3.67489,0.401124,0.129793,1.36591,4608
imx708_warm_s-1_air,imx708,warm,-1,air,D,D,raw,T2,1.19439e+06,1192770,0.798913,True,1.00112,0.204619,0.387584,0.34822,1.34919,0.377154,0.216207,0.992621,0.99157,0.115435,0.174021,92,,0.000442897,-0.019171,-0.0172934,-0.0185788,False,2.20521,1.45292,2.22404,0.511796,1.70123,0.416443,1.32066,0.417535,1.31896,1.17689,0,0.962463,0.971742,0.977376,0.941331,0.993952,1.04839,1.07212,1.00112,2592,,,,,,,39.1251,66.3619,73.568,69.4815,10,0.873551,,20.0272,12.517,0.941331,0.760558,0.0961267,1.43192,3.35358,3.35968,2.77336,0.421206,0.105571,0.639253,4608
imx708_warm_s-1_air,imx708,warm,-1,air,D,D,raw,T3,2.38879e+06,2463181,1.64983,True,0.827313,0.193889,0.250174,0.264159,1.28308,0.295319,0.212551,0.996045,0.995871,0.123101,0.182661,97,,0.00286559,-0.0141274,-0.011871,-0.0117756,False,2.04962,1.32828,2.01511,0.396965,1.53417,0.255615,0.958342,0.257791,0.966286,0.910897,0,0.982531,1.05481,1.07037,1.01472,0.846293,0.843944,0.853471,0.827313,2592,,,,,,,18.3536,30.9576,27.3945,26.2226,10,0.955349,,9.69798,6.06124,1.01472,0.457638,0.089952,1.09185,2.386,2.39143,2.01481,0.293549,0.0883502,0.696237,4608
imx708_warm_s-1_air,imx708,warm,-1,air,D,D,raw,50kB,50000,49687,0.0332802,True,20.3536,47.1494,90.1326,40.0704,46.5926,38.2308,38.4828,0.7797,0.733841,0.075638,0.144713,1,,0.119508,5.69381,5.67498,-20.119,False,49.1773,66.3442,71.8775,44.5126,96.6946,114.988,299.665,113.357,299.722,133.86,0.000136677,20.7997,20.3519,20.8304,20.3617,20.745,20.3635,20.828,20.3536,2592,,,,,,,673.806,755.806,897.437,670.412,10,69.9052,,480.767,300.479,20.3617,140.083,65.0488,33.7106,95.2268,95.1318,63.8158,122.103,45.8717,82.3832,4608
imx708_warm_s-1_air,imx708,warm,-1,air,D2,D2/modular,raw,T1,597197,587374,0.393421,True,1.07338,0.0779279,0.192177,0.15341,0.436431,0.161334,0.0784398,0.99022,0.989087,4.32741,0.633045,1.3667,,-0.0120964,-0.0207428,-0.0174605,-0.0165974,False,0.673627,0.498459,0.721944,0.212615,0.633373,0.221841,0.710139,0.223777,0.701789,0.587666,0,0.818416,0.875712,0.894118,0.864063,1.00356,1.1073,1.12248,1.07338,2592,,,,,,,39.818,84.2292,78.8939,74.5079,10,0.363794,,40.6689,25.4181,0.864063,0.33604,0.0775224,1.58124,3.85676,3.87081,3.14544,0.23676,0.0543722,0.27388,4608
imx708_warm_s-1_air,imx708,warm,-1,air,D2,D2/modular,raw,T2,1.19439e+06,1191128,0.797813,True,0.932949,0.0356378,0.106643,0.0865956,0.234443,0.0906672,0.0375955,0.99439,0.993551,4.66137,0.696025,0.6292,,-0.0090176,-0.0116501,-0.0110932,-0.00730581,False,0.355074,0.271948,0.386609,0.12029,0.342274,0.121752,0.367261,0.121716,0.367808,0.306103,0,0.879696,1.0084,1.02488,0.965795,0.907656,0.963052,0.97193,0.932949,2592,,,,,,,20.6184,46.9727,47.2853,41.7847,10,0.153305,,20.0548,12.5343,0.965795,0.146756,0.0280358,1.22807,2.90579,2.90634,2.3789,0.0712892,0.0264099,0.12614,4608
imx708_warm_s-1_air,imx708,warm,-1,air,D2,D2/modular,raw,T3,2.38879e+06,2418855,1.62014,True,0.580613,0.0276387,0.0720619,0.0601259,0.170609,0.0628928,0.0279739,0.997863,0.998081,4.83931,0.750321,0.2797,,-0.00300899,-0.00669973,-0.00685157,-0.00174561,False,0.257804,0.199274,0.2882,0.081915,0.243405,0.0815259,0.257225,0.0824172,0.253249,0.212603,0,0.974907,0.983373,1.00595,0.989806,0.646716,0.545708,0.551023,0.580613,2592,,,,,,,11.5103,24.6175,20.0273,20.7499,10,0.0993914,,9.87569,6.17231,0.989806,0.107892,0.0211018,0.82188,1.6474,1.65043,1.40471,0.0616816,0.0176721,0.16415,4608
imx708_warm_s-1_air,imx708,warm,-1,air,D2,D2/modular,raw,50kB,50000,55620,0.0372541,False,1.39456,0.562046,1.44516,0.942975,4.14465,1.00822,0.555348,0.963905,0.900674,1.05751,0.45323,25.0,target below the codec's smallest output,-0.0895966,-0.209423,-0.206721,-0.16784,False,6.63528,4.63086,7.41154,1.38322,5.82471,1.65882,7.12991,1.6541,7.20525,5.94752,0,1.06466,1.16585,1.13053,1.11819,1.36308,1.43545,1.39222,1.39456,2592,,,,,,,216.218,593.182,638.937,488.617,10,2.17085,,429.483,268.427,1.11819,2.51105,0.537867,4.67377,12.1763,12.1472,9.14197,1.59927,0.339438,2.76172,4608
imx708_warm_s-1_air,imx708,warm,-1,air,D,D/red+1.5,raw,T1,597197,599330,0.401429,True,1.0541,0.292433,0.493585,0.635821,1.86311,0.686516,0.291335,0.98808,0.984011,0.0849585,0.128523,"{""R"": 88, ""GB"": 76}",R share 0.40 (eq 0.26),-0.00501543,-0.0258861,-0.0150892,-0.0165449,False,2.93676,2.14828,3.03406,1.01398,2.59007,1.01343,2.51742,1.01108,2.51137,1.37743,0,0.943049,0.965324,0.973405,0.953158,1.14146,1.22122,1.22815,1.0541,2592,,,,,,,82.0446,241.785,175.588,80.6453,10,0.911032,,39.8576,24.911,0.953158,0.800135,0.074015,2.02312,4.7572,4.76062,3.11934,0.485422,0.131961,1.19462,4608
imx708_warm_s-1_air,imx708,warm,-1,air,D,D/red+1.5,raw,T2,1.19439e+06,1174702,0.786811,True,0.935823,0.199224,0.305925,0.384887,1.43954,0.422674,0.212881,0.992027,0.990595,0.10869,0.162481,"{""R"": 95, ""GB"": 89}",R share 0.40 (eq 0.26),0.00571922,-0.00846323,-0.0117301,-0.0133144,False,2.39315,1.56139,2.40499,0.607558,1.87261,0.523715,1.58876,0.528066,1.57768,1.02857,0,0.954148,0.991235,0.982493,0.952289,1.03102,1.10298,1.09688,0.935823,2592,,,,,,,49.0446,88.7845,111.604,39.2874,10,1.07397,,20.3353,12.7095,0.952289,0.484042,0.0661342,1.57194,3.69044,3.69718,2.40128,0.355453,0.0884933,0.887461,4608
imx708_warm_s-1_air,imx708,warm,-1,air,D,D/red+1.5,raw,T3,2.38879e+06,2563189,1.71681,False,0.518148,0.192916,0.244194,0.26273,1.27978,0.295846,0.210647,0.995769,0.995185,0.130583,0.153039,"{""R"": 99, ""GB"": 96}",R share 0.40 (eq 0.26),0.00169196,-0.0161181,-0.0137954,-0.00833162,False,2.03861,1.33578,2.00432,0.396013,1.53516,0.25687,0.969678,0.260177,0.974417,0.899123,0,0.958567,1.00012,1.01262,0.986883,0.876435,0.914389,0.925074,0.518148,2592,,,,,,,19.5758,37.76,37.8535,12.2525,10,0.916816,,9.31959,5.82474,0.986883,0.492246,0.0799974,1.17583,2.67504,2.67824,1.21903,0.298884,0.0892499,0.6705,4608
imx708_warm_s-1_air,imx708,warm,-1,air,D,D/red+1.5,raw,50kB,50000,55928,0.0374603,False,3.68564,47.9773,13.6934,43.8803,58.152,51.8964,39.2884,0.84068,0.768778,0.0797574,0.141106,"{""R"": 6, ""GB"": 1}",R share 0.33 (eq 0.25),0.119508,5.69381,5.67498,0.554156,False,60.5109,63.2547,66.065,44.5126,96.6946,114.988,299.665,113.357,299.722,31.7127,0.000117247,20.7997,20.3519,20.8304,3.57332,20.745,20.3635,20.828,3.68564,2592,,,,,,,673.806,755.806,897.437,487.288,10,69.9072,,427.118,266.949,3.57332,30.7429,6.54691,33.7106,95.2268,95.1318,14.737,93.5491,49.8313,81.4106,4608
imx708_warm_s-1_air,imx708,warm,-1,air,D,D/red+2,raw,T1,597197,595039,0.398555,True,1.00112,0.41316,0.387584,0.887942,2.64765,0.97154,0.386832,0.986923,0.979936,0.0820415,0.12572,"{""R"": 92, ""GB"": 67}",R share 0.53 (eq 0.26),0.0317576,0.0488797,0.0502164,-0.0185788,False,4.10517,3.04046,4.34565,1.41724,3.74484,1.42902,3.9124,1.43402,3.91009,1.17689,0,1.00058,1.00917,1.05367,0.941331,1.20573,1.26694,1.33154,1.00112,2592,,,,,,,85.4514,273.593,267.606,69.4815,10,2.4789,,40.1451,25.0907,0.941331,0.760558,0.0961267,2.27483,5.3239,5.33425,2.77336,0.714872,0.183721,1.82809,4608
imx708_warm_s-1_air,imx708,warm,-1,air,D,D/red+2,raw,T2,1.19439e+06,1197542,0.802109,True,0.827313,0.242266,0.250174,0.44517,1.55105,0.488781,0.245015,0.991369,0.989276,0.0883533,0.131771,"{""R"": 97, ""GB"": 85}",R share 0.54 (eq 0.26),0.00486185,-0.0110949,-0.00997706,-0.0117756,False,2.46915,1.72847,2.53617,0.72784,2.15565,0.66621,1.98202,0.66634,1.96673,0.910897,0,0.948948,0.981512,0.999479,1.01472,1.07169,1.1376,1.14824,0.827313,2592,,,,,,,66.4531,114.047,135.591,26.2226,10,1.23402,,19.9474,12.4671,1.01472,0.457638,0.089952,1.73027,4.0681,4.08636,2.01481,0.3604,0.107018,0.914454,4608
imx708_warm_s-1_air,imx708,warm,-1,air,D,D/red+2,raw,T3,2.38879e+06,2275049,1.52382,True,0.386266,0.200665,0.227182,0.285124,1.29631,0.320162,0.208776,0.994811,0.993811,0.124825,0.135512,"{""R"": 100, ""GB"": 94}",R share 0.50 (eq 0.26),-0.000168941,-0.019793,-0.0197755,-0.0084122,False,2.08865,1.35691,2.044,0.442965,1.59739,0.319625,1.12142,0.319686,1.11304,0.867406,0,0.950203,0.967265,0.975126,0.922235,0.947894,0.995864,1.01271,0.386266,2592,,,,,,,26.1482,50.4074,66.1497,8.75749,10,1.03715,,10.4999,6.56246,0.922235,0.426492,0.0543825,1.31353,3.06573,3.06656,0.925276,0.32017,0.0920185,0.764876,4608
imx708_warm_s-1_air,imx708,warm,-1,air,D,D/red+2,raw,50kB,50000,61341,0.041086,False,2.80274,47.3756,9.27588,43.8703,57.5604,50.2795,39.129,0.84138,0.773404,0.071394,0.116529,"{""R"": 10, ""GB"": 1}",R share 0.39 (eq 0.25),0.119508,5.69381,5.67498,-0.163473,False,61.5448,62.5822,65.778,44.5126,96.6946,114.988,299.665,113.357,299.722,19.3786,4.58938e-05,20.7997,20.3519,20.8304,2.71847,20.745,20.3635,20.828,2.80274,2592,,,,,,,673.806,755.806,897.437,410.488,10,69.9096,,389.427,243.392,2.71847,11.5687,3.63495,33.7106,95.2268,95.1318,10.505,94.4669,48.3438,80.5003,4608
imx708_warm_s-1_air,imx708,warm,-1,air,D,D/3pl,raw,T1,597197,576430,0.38609,True,1.07467,0.227374,0.495823,0.4828,2.01015,0.517511,0.229762,0.987658,0.979316,0.0762519,0.11226,86,,0.0141204,0.310938,0.201151,-0.00913956,False,3.27376,2.29417,3.389,0.619098,1.96103,0.898511,4.91428,0.91427,4.96523,1.40224,0,0.940862,0.954236,0.959379,0.937675,1.05324,1.15392,1.17998,1.07467,2592,,,,,,,66.4531,376.638,307.216,110.407,10,1.55402,,41.4411,25.9007,0.937675,0.684028,0.092153,1.68205,7.04525,7.05309,3.26726,0.638219,0.146432,1.15821,4608
imx708_warm_s-1_air,imx708,warm,-1,air,D,D/3pl,raw,T2,1.19439e+06,1119364,0.749745,False,0.962309,0.222693,0.307338,0.336564,1.89429,0.364258,0.2313,0.990659,0.982875,0.082697,0.113671,94,bracketed (integer knob): metrics interpolated,-0.000168941,0.284997,0.175408,-0.0143027,False,2.92048,2.07468,2.95407,0.442965,1.59739,0.721128,4.84931,0.753575,4.85792,1.02738,0,0.950203,0.955921,0.944925,0.946226,0.947894,1.08675,1.09089,0.962309,2592,,,,,,,26.1482,306.854,296.734,56.7722,10,1.46594,,21.3406,13.3379,0.946226,0.596278,0.102445,1.31353,6.70719,6.70044,2.53333,0.524202,0.12474,1.0851,4608
imx708_warm_s-1_air,imx708,warm,-1,air,D,D/3pl,raw,T2,1.19439e+06,1297560,0.8691,False,0.935823,0.230112,0.305925,0.336496,1.88638,0.362289,0.231479,0.991176,0.983365,0.0804374,0.126162,95,bracketed (integer knob): metrics interpolated,-2.96053e-05,0.284913,0.175354,-0.0133144,False,2.92212,2.06092,2.93482,0.441674,1.5947,0.721716,4.8558,0.753576,4.85527,1.02857,0,0.943994,0.941723,0.952035,0.952289,0.911694,1.05015,1.07438,0.935823,2592,,,,,,,28.7418,312.944,290.407,39.2874,10,1.5474,,18.4098,11.5062,0.952289,0.484042,0.0661342,1.24678,6.65764,6.64982,2.40128,0.526562,0.117813,1.15036,4608
imx708_warm_s-1_air,imx708,warm,-1,air,D,D/3pl,raw,T3,2.38879e+06,2118984,1.41929,False,0.725576,0.211331,0.249592,0.294648,1.84868,0.316692,0.223826,0.993125,0.985776,0.0932869,0.12298,98,bracketed (integer knob): metrics interpolated,0.0046548,0.285986,0.176382,-0.00901948,False,2.85189,2.0217,2.82478,0.394874,1.51934,0.678031,4.85241,0.727419,4.85585,0.912243,0,1.03158,0.964723,0.96343,1.04816,0.78114,0.985544,0.992796,0.725576,2592,,,,,,,12.4402,297.159,297.842,17.8394,10,1.58861,,11.2733,7.04579,1.04816,0.508755,0.0817947,0.984225,6.48614,6.47379,1.70208,0.519795,0.125025,1.17909,4608
imx708_warm_s-1_air,imx708,warm,-1,air,D,D/3pl,raw,T3,2.38879e+06,2798776,1.87461,False,0.518148,0.205017,0.244194,0.29191,1.83678,0.315826,0.217446,0.993979,0.986782,0.100792,0.185183,99,bracketed (integer knob): metrics interpolated,0.00663768,0.288203,0.178599,-0.00833162,False,2.83297,2.0074,2.80975,0.392017,1.50031,0.681563,4.83607,0.729043,4.84294,0.899123,0,1.02563,0.962627,0.953076,0.986883,0.624963,0.904848,0.925245,0.518148,2592,,,,,,,8.54857,294.76,298.065,12.2525,10,1.56971,,8.53511,5.33445,0.986883,0.492246,0.0799974,0.76247,6.39613,6.38616,1.21903,0.517475,0.121496,1.16563,4608
imx708_warm_s-1_air,imx708,warm,-1,air,D,D/3pl,raw,50kB,50000,50416,0.0337684,True,5.64408,12.6966,19.2447,14.4472,34.7065,14.924,10.7565,0.929434,0.847693,0.0718392,0.12138,5,,1.08955,1.04192,0.932299,1.16662,False,35.962,34.8397,42.6319,21.9414,43.8582,20.1709,46.6792,20.4076,46.4275,39.6808,7.03482e-05,4.8598,5.52908,5.49401,5.55884,4.87985,5.57686,5.54935,5.64408,2592,,,,,,,321.398,653.955,661.016,500.148,10,21.7454,,473.815,296.135,5.55884,48.7564,11.2987,10.2736,21.229,21.1809,16.782,24.0957,7.86014,38.154,4608
imx708_warm_s-1_air,imx708,warm,-1,air,D,D/tiled,raw,T1,597197,579387,0.388071,True,1.14765,0.241038,0.731459,0.599646,1.80657,0.633067,0.241155,0.988205,0.984457,0.050132,0.091541,80,,0.0264795,0.0263779,0.0257199,0.00696206,False,2.769,2.07474,2.95524,0.853651,2.4659,0.818815,2.43339,0.807839,2.41684,1.97613,3.34992e-07,0.956684,0.965055,0.982789,0.976198,1.10889,1.19457,1.19888,1.14765,2592,,,,,,,86.7822,203.949,175.588,153.271,10,1.24797,,41.2296,25.7685,0.976198,0.792078,0.186105,1.90063,4.46744,4.47741,3.67489,0.401124,0.129793,1.36591,4608
imx708_warm_s-1_air,imx708,warm,-1,air,D,D/tiled,raw,T2,1.19439e+06,1192002,0.798398,True,1.00112,0.204619,0.387584,0.34822,1.34919,0.377154,0.216207,0.992621,0.99157,0.083242,0.10809,92,,0.000442897,-0.019171,-0.0172934,-0.0185788,False,2.20521,1.45292,2.22404,0.511796,1.70123,0.416443,1.32066,0.417535,1.31896,1.17689,0,0.962463,0.971742,0.977376,0.941331,0.993952,1.04839,1.07212,1.00112,2592,,,,,,,39.1251,66.3619,73.568,69.4815,10,0.873551,,20.0401,12.5251,0.941331,0.760558,0.0961267,1.43192,3.35358,3.35968,2.77336,0.421206,0.105571,0.639253,4608
imx708_warm_s-1_air,imx708,warm,-1,air,D,D/tiled,raw,T3,2.38879e+06,2463121,1.64979,True,0.827313,0.193889,0.250174,0.264159,1.28308,0.295319,0.212551,0.996045,0.995871,0.102754,0.116848,97,,0.00286559,-0.0141274,-0.011871,-0.0117756,False,2.04962,1.32828,2.01511,0.396965,1.53417,0.255615,0.958342,0.257791,0.966286,0.910897,0,0.982531,1.05481,1.07037,1.01472,0.846293,0.843944,0.853471,0.827313,2592,,,,,,,18.3536,30.9576,27.3945,26.2226,10,0.955349,,9.69821,6.06138,1.01472,0.457638,0.089952,1.09185,2.386,2.39143,2.01481,0.293549,0.0883502,0.696237,4608
imx708_warm_s-1_air,imx708,warm,-1,air,D,D/tiled,raw,50kB,50000,49000,0.03282,True,20.3536,47.1494,90.1326,40.0704,46.5926,38.2308,38.4828,0.7797,0.733841,0.0447757,0.0907863,1,,0.119508,5.69381,5.67498,-20.119,False,49.1773,66.3442,71.8775,44.5126,96.6946,114.988,299.665,113.357,299.722,133.86,0.000136677,20.7997,20.3519,20.8304,20.3617,20.745,20.3635,20.828,20.3536,2592,,,,,,,673.806,755.806,897.437,670.412,10,69.9052,,487.508,304.692,20.3617,140.083,65.0488,33.7106,95.2268,95.1318,63.8158,122.103,45.8717,82.3832,4608
imx708_warm_s-1_air,imx708,warm,-1,air,D2,D2/modular/red+1.5,raw,T1,597197,590192,0.395308,True,1.00343,0.0781995,0.12655,0.156147,0.452211,0.165811,0.0744695,0.98976,0.988571,4.21554,0.672414,"{""R"": 0.8654, ""GB"": 1.7544}",R share 0.40 (eq 0.26),-0.0146315,-0.0267881,-0.0234318,-0.0104065,False,0.721423,0.515768,0.747427,0.231875,0.678426,0.242431,0.769938,0.242865,0.7641,0.407585,0,0.790857,0.861686,0.892323,0.915228,1.02848,1.12646,1.14366,1.00343,2592,,,,,,,57.569,103.787,101.833,53.169,10,0.203096,,40.4747,25.2967,0.915228,0.228119,0.0568883,1.72016,4.17995,4.19078,2.70547,0.172713,0.0477923,0.231232,4608
imx708_warm_s-1_air,imx708,warm,-1,air,D2,D2/modular/red+1.5,raw,T2,1.19439e+06,1194711,0.800213,True,0.758715,0.0433383,0.09306,0.0977752,0.281692,0.102935,0.0448847,0.993962,0.992879,4.63946,0.666859,"{""R"": 0.3926, ""GB"": 0.7836}",R share 0.41 (eq 0.27),-0.00902447,-0.0149419,-0.0137759,-0.0025028,False,0.437621,0.325863,0.472856,0.142005,0.444588,0.147156,0.481634,0.145388,0.479878,0.273883,0,0.860561,0.941125,0.980462,1.02758,0.951704,1.02427,1.03505,0.758715,2592,,,,,,,26.6012,54.6569,54.0052,24.2479,10,0.127459,,19.9947,12.4967,1.02758,0.135407,0.0457376,1.32733,3.19865,3.20499,1.84152,0.185978,0.0322397,0.106067,4608
imx708_warm_s-1_air,imx708,warm,-1,air,D2,D2/modular/red+1.5,raw,T3,2.38879e+06,2404445,1.61049,True,0.31937,0.0308634,0.0526208,0.0688894,0.200124,0.0729075,0.0314318,0.997362,0.997281,4.84664,0.736284,"{""R"": 0.1477, ""GB"": 0.3552}",R share 0.41 (eq 0.27),-0.00472185,-0.00883288,-0.00737536,-0.00332987,False,0.308851,0.231449,0.326157,0.10609,0.308633,0.107283,0.331863,0.107203,0.327203,0.15912,0,0.973712,1.03502,1.0309,0.889221,0.744404,0.679558,0.686456,0.31937,2592,,,,,,,14.8149,39.0934,25.9243,14.4046,10,0.0960393,,9.93488,6.2093,0.889221,0.0754038,0.0150006,0.960275,2.01793,2.01903,0.790202,0.0575939,0.0162871,0.108111,4608
imx708_warm_s-1_air,imx708,warm,-1,air,D2,D2/modular/red+1.5,raw,50kB,50000,60358,0.0404275,False,1.31351,0.529192,1.2059,0.947539,4.08271,1.00565,0.540772,0.965243,0.903952,1.81735,0.473246,"{""R"": 19.7608, ""GB"": 25.0}",R share 0.31 (eq 0.25),-0.0895966,-0.209423,-0.206721,-0.127998,False,6.57723,4.58399,7.0943,1.38322,5.82471,1.65882,7.12991,1.6541,7.20525,4.47839,1.33997e-06,1.06466,1.16585,1.13053,1.02689,1.36308,1.43545,1.39222,1.31351,2592,,,,,,,216.218,593.182,638.937,369.882,10,2.08407,,395.77,247.356,1.02689,1.97753,0.287327,4.67377,12.1763,12.1472,8.62543,1.33194,0.287311,2.68977,4608
imx708_warm_s-1_air,imx708,warm,-1,air,D2,D2/modular/red+2,raw,T1,597197,589475,0.394828,True,0.94236,0.0755045,0.106657,0.183988,0.553996,0.197446,0.0755699,0.988869,0.98757,4.795,0.660327,"{""R"": 0.6409, ""GB"": 2.3789}",R share 0.53 (eq 0.26),-0.0168215,-0.0349183,-0.0331823,-0.00774282,False,0.880972,0.624973,0.909505,0.288237,0.850774,0.301087,0.947448,0.304723,0.936403,0.308254,0,0.805474,0.856347,0.88926,0.933513,1.05042,1.14192,1.16361,0.94236,2592,,,,,,,51.8863,122.89,112.584,42.2553,10,0.298963,,40.524,25.3275,0.933513,0.144758,0.0342512,1.9264,4.61465,4.63691,2.40629,0.175071,0.0415285,0.521046,4608
imx708_warm_s-1_air,imx708,warm,-1,air,D2,D2/modular/red+2,raw,T2,1.19439e+06,1193319,0.79928,True,0.605303,0.0499812,0.0737373,0.106437,0.317971,0.113219,0.0502929,0.993167,0.991827,4.35521,0.714961,"{""R"": 0.2851, ""GB"": 1.0381}",R share 0.54 (eq 0.27),-0.0119159,-0.0188686,-0.018357,-0.00107823,False,0.50191,0.366322,0.531573,0.160056,0.49198,0.165437,0.540658,0.165887,0.537696,0.215479,0,0.831308,0.899745,0.903975,1.00148,0.988704,1.06347,1.09778,0.605303,2592,,,,,,,32.0186,65.6194,73.1404,19.5227,10,0.183396,,20.018,12.5113,1.00148,0.0867672,0.0281517,1.44872,3.53095,3.5324,1.45466,0.0789602,0.0299924,0.164948,4608
imx708_warm_s-1_air,imx708,warm,-1,air,D2,D2/modular/red+2,raw,T3,2.38879e+06,2388374,1.59972,True,0.167575,0.0369793,0.04033,0.0735984,0.211809,0.0790023,0.0368165,0.996248,0.995605,4.64756,0.71452,"{""R"": 0.0803, ""GB"": 0.4925}",R share 0.55 (eq 0.27),-0.00697735,-0.00950226,-0.00775089,-0.00481877,False,0.319534,0.242817,0.345883,0.117437,0.329599,0.118811,0.355023,0.119248,0.354637,0.122232,0,0.937173,1.06828,1.07453,0.842796,0.852459,0.861824,0.87522,0.167575,2592,,,,,,,20.7508,50.87,49.816,5.43546,10,0.144521,,10.0017,6.25108,0.842796,0.0605266,0.0134547,1.13194,2.5627,2.55892,0.417132,0.0449514,0.0194194,0.142057,4608
imx708_warm_s-1_air,imx708,warm,-1,air,D2,D2/modular/red+2,raw,50kB,50000,66348,0.0444396,False,1.30873,0.560315,1.00685,0.968502,4.09265,1.02321,0.554206,0.966502,0.907604,1.80213,0.508502,"{""R"": 13.9297, ""GB"": 25.0}",R share 0.37 (eq 0.25),-0.0895966,-0.209423,-0.206721,-0.116664,False,6.54439,4.5935,7.05865,1.38322,5.82471,1.65882,7.12991,1.6541,7.20525,3.39774,4.0199e-06,1.06466,1.16585,1.13053,1.00385,1.36308,1.43545,1.39222,1.30873,2592,,,,,,,216.218,593.182,638.937,381.29,10,1.95088,,360.039,225.024,1.00385,1.44635,0.412494,4.67377,12.1763,12.1472,7.65147,1.68408,0.32595,2.96069,4608
imx708_warm_s-1_air,imx708,warm,-1,air,D2,D2/modular/3pl,raw,T1,597197,602453,0.403521,True,1.01359,0.179143,0.127975,0.25071,0.867186,0.296838,0.186326,0.989385,0.9815,3.66734,0.472329,0.9102,,-0.00997517,0.286504,0.177054,-0.0103942,False,1.33193,0.935823,1.35734,0.142003,0.445226,0.679327,4.81079,0.756064,4.81798,0.41357,0,0.847039,0.903136,0.898803,0.931047,0.97307,1.07891,1.11607,1.01359,2592,,,,,,,29.9264,305.674,292.258,60.7201,10,0.705957,,39.651,24.7819,0.931047,0.225613,0.0540512,1.39049,6.82611,6.82854,2.75186,0.282771,0.122297,0.527284,4608
imx708_warm_s-1_air,imx708,warm,-1,air,D2,D2/modular/3pl,raw,T2,1.19439e+06,1184024,0.793054,True,0.786743,0.17194,0.0923462,0.23403,0.812664,0.283192,0.17892,0.992358,0.984704,3.40308,0.535508,0.4183,,-0.00533665,0.288825,0.179271,-0.00270362,False,1.20655,0.856703,1.22838,0.105379,0.305981,0.669612,4.81839,0.751134,4.83609,0.271966,0,0.946349,0.924967,0.946541,1.0434,0.798925,0.987598,1.01577,0.786743,2592,,,,,,,20.6403,295.885,294.115,25.0541,10,0.697072,,20.1752,12.6095,1.0434,0.118093,0.0251289,1.05191,6.55507,6.54919,1.92435,0.27655,0.117812,0.520644,4608
imx708_warm_s-1_air,imx708,warm,-1,air,D2,D2/modular/3pl,raw,T3,2.38879e+06,2325887,1.55787,True,0.38395,0.176183,0.0674904,0.231173,0.793047,0.281631,0.184362,0.994512,0.987101,3.69315,0.624316,0.183,,-0.00280679,0.292336,0.182755,-0.00318682,False,1.18961,0.815917,1.20154,0.0780327,0.232129,0.674168,4.8446,0.750604,4.82613,0.199408,0,0.919035,0.902647,0.905832,0.917007,0.463951,0.830886,0.851364,0.38395,2592,,,,,,,8.26312,295.135,294.865,20.7574,10,0.721563,,10.2704,6.41902,0.917007,0.107163,0.0192027,0.576165,6.34354,6.33525,0.950068,0.290776,0.124097,0.540359,4608
imx708_warm_s-1_air,imx708,warm,-1,air,D2,D2/modular/3pl,raw,50kB,50000,53352,0.035735,False,1.32427,0.467293,1.21289,0.896831,3.57363,0.965493,0.43523,0.96589,0.904119,3.14381,0.40302,19.9994,did not converge within ±5 %,-0.071294,0.161327,0.0495777,-0.132833,False,5.74076,4.15971,6.49266,1.18507,4.4482,1.51599,6.8213,1.53804,6.64273,4.53547,0,0.960874,1.0776,1.08481,1.02948,1.2411,1.36897,1.3675,1.32427,2592,,,,,,,284.751,534.561,677.031,374.761,10,1.40719,,447.741,279.838,1.02948,2.10942,0.362359,4.51437,12.2783,12.1766,8.66514,0.773108,0.258136,2.27706,4608
imx708_warm_s-1_air,imx708,warm,-1,air,D2,D2/modular/tiled,raw,T1,597197,594629,0.39828,True,1.07258,0.0782451,0.192534,0.153454,0.435172,0.161205,0.0783083,0.990276,0.98913,4.84732,0.575001,1.3492,,-0.0116918,-0.0209597,-0.0176686,-0.0163407,False,0.678766,0.497957,0.72366,0.212277,0.632862,0.221705,0.711873,0.223494,0.704531,0.588708,0,0.815372,0.880906,0.894035,0.863328,1.00307,1.10555,1.12166,1.07258,2592,,,,,,,38.2188,83.1358,87.2114,73.3491,10,0.363307,,40.1727,25.108,0.863328,0.33604,0.0793954,1.57728,3.84525,3.85947,3.1363,0.235107,0.0547619,0.273603,4608
imx708_warm_s-1_air,imx708,warm,-1,air,D2,D2/modular/tiled,raw,T2,1.19439e+06,1190707,0.797531,True,0.932949,0.0356378,0.106704,0.0866528,0.234001,0.0907073,0.0375955,0.994383,0.993551,4.85798,0.607121,0.6286,,-0.00898457,-0.0116574,-0.0112209,-0.00732398,False,0.354451,0.271743,0.385942,0.120327,0.341893,0.121713,0.36737,0.12181,0.368072,0.30603,0,0.879696,1.0084,1.02488,0.965795,0.907656,0.963052,0.97193,0.932949,2592,,,,,,,20.6184,46.9727,47.2853,41.7847,10,0.153305,,20.0619,12.5387,0.965795,0.146756,0.0280358,1.22832,2.90605,2.90728,2.37939,0.0712892,0.0264099,0.12614,4608
imx708_warm_s-1_air,imx708,warm,-1,air,D2,D2/modular/tiled,raw,T3,2.38879e+06,2419189,1.62036,True,0.580613,0.0276387,0.0721021,0.0601259,0.170447,0.0629381,0.0279739,0.997861,0.998081,5.47527,0.725184,0.2792,,-0.00296883,-0.00669463,-0.00684507,-0.00175852,False,0.257804,0.199342,0.28771,0.081916,0.243405,0.0816287,0.257225,0.0823289,0.253261,0.212643,0,0.974907,0.983373,1.00595,0.989806,0.646716,0.545708,0.551023,0.580613,2592,,,,,,,11.5103,24.6175,20.0273,20.7499,10,0.0993914,,9.87433,6.17146,0.989806,0.107892,0.0211018,0.821937,1.64751,1.65088,1.40496,0.0616816,0.0176721,0.16415,4608
imx708_warm_s-1_air,imx708,warm,-1,air,D2,D2/modular/tiled,raw,50kB,50000,53768,0.0360136,False,1.39456,0.568195,1.46007,0.954778,4.22409,1.02373,0.549582,0.963176,0.900584,1.01455,0.423095,25.0,target below the codec's smallest output,-0.0876207,-0.20763,-0.228651,-0.160375,False,6.77708,4.70983,7.48416,1.37978,5.91488,1.6709,7.15998,1.67059,7.26011,6.01797,0,1.05845,1.16585,1.14376,1.11819,1.33752,1.43545,1.40684,1.39456,2592,,,,,,,216.382,593.182,640.451,488.617,10,1.92381,,444.277,277.673,1.11819,2.51105,0.537867,4.68858,12.1817,12.2573,9.16447,1.12203,0.314689,3.33187,4608
imx708_warm_s-1_air,imx708,warm,-1,air,D-j,D-j,raw,T1,597197,594043,0.397888,True,1.11784,0.259552,0.739604,0.602149,1.83499,0.636409,0.27231,0.988535,0.986073,0.11886,0.187134,82,,-0.0363305,-0.0696613,-0.0695282,-0.0517032,False,2.86925,2.13166,3.12616,0.871169,2.51196,0.82673,2.51124,0.820596,2.49303,2.04055,0,0.902192,0.930087,0.927155,0.901991,1.08381,1.1656,1.1681,1.11784,2592,,,,,,,101.56,296.073,271.593,232.69,10,1.63043,,40.2124,25.1327,0.901991,0.945378,0.158442,1.87662,4.48168,4.50158,3.66001,0.601129,0.138441,1.21254,4608
imx708_warm_s-1_air,imx708,warm,-1,air,D-j,D-j,raw,T2,1.19439e+06,1093477,0.732406,False,1.00461,0.214896,0.39265,0.35088,1.3564,0.379843,0.228691,0.992377,0.991511,0.140131,0.173536,92,bracketed (integer knob): metrics interpolated,-0.0101105,-0.038845,-0.0376078,-0.0371302,False,2.2419,1.46631,2.23747,0.521121,1.73376,0.424245,1.36086,0.421769,1.35746,1.20308,0,0.880865,0.897348,0.902098,0.866986,0.979197,1.04316,1.04729,1.00461,2592,,,,,,,60.5539,158.935,173.591,119.772,10,0.969738,,21.8458,13.6536,0.866986,0.76732,0.117281,1.4547,3.42721,3.43354,2.82368,0.407963,0.103359,0.789762,4608
imx708_warm_s-1_air,imx708,warm,-1,air,D-j,D-j,raw,T2,1.19439e+06,1260179,0.844063,False,0.977072,0.198098,0.313326,0.301213,1.31598,0.332428,0.201618,0.993007,0.99219,0.150672,0.192233,93,bracketed (integer knob): metrics interpolated,-0.00967075,-0.0383927,-0.0382998,-0.0316415,False,2.13363,1.39829,2.12316,0.45501,1.62767,0.32648,1.1523,0.327841,1.15015,1.04971,0,0.867608,0.888071,0.899132,0.872183,0.949349,1.0141,1.02438,0.977072,2592,,,,,,,51.4838,128.586,118.61,89.1805,10,0.955663,,18.9559,11.8475,0.872183,0.511528,0.0918645,1.38737,3.26915,3.2784,2.6927,0.276972,0.0919176,0.84632,4608
imx708_warm_s-1_air,imx708,warm,-1,air,D-j,D-j,raw,T3,2.38879e+06,2219037,1.4863,False,0.79769,0.189877,0.25001,0.264949,1.29926,0.297267,0.20496,0.996037,0.996007,0.193729,0.202662,97,bracketed (integer knob): metrics interpolated,-0.00339395,-0.0252579,-0.0254715,-0.0237024,False,2.06319,1.35419,2.03529,0.400212,1.55574,0.25757,0.972477,0.259126,0.978358,0.918996,0,0.872468,0.872998,0.891599,0.869264,0.817703,0.807891,0.810304,0.79769,2592,,,,,,,27.1122,57.6098,66.5696,45.9576,10,0.940116,,10.765,6.72811,0.869264,0.438952,0.078657,1.07445,2.32649,2.33883,1.97173,0.322981,0.0859834,0.685452,4608
imx708_warm_s-1_air,imx708,warm,-1,air,D-j,D-j,raw,T3,2.38879e+06,2636272,1.76576,False,0.686097,0.192307,0.249216,0.2634,1.28982,0.29578,0.208734,0.997147,0.997542,0.232681,0.228752,98,bracketed (integer knob): metrics interpolated,-0.00198617,-0.0229512,-0.0206251,-0.0211327,False,2.06538,1.34505,2.03416,0.395788,1.55303,0.255695,0.968287,0.258594,0.964436,0.91938,0,0.882863,0.886271,0.884206,0.880999,0.752997,0.650868,0.669708,0.686097,2592,,,,,,,18.2878,30.3309,39.9283,28.9719,10,0.96429,,9.06123,5.66327,0.880999,0.457844,0.0933666,0.943579,1.89207,1.89148,1.62489,0.335917,0.0854671,0.704026,4608
imx708_warm_s-1_air,imx708,warm,-1,air,D-j,D-j,raw,50kB,50000,51169,0.0342728,True,3.56486,9.98228,13.7443,10.4424,26.2075,10.2155,9.84763,0.930914,0.854058,0.12693,0.183169,6,,0.376587,0.298828,0.240171,0.273205,False,34.6002,36.2824,40.6354,16.1575,35.056,16.6199,37.0791,16.6535,37.4714,31.6679,0,5.25119,3.89427,4.07132,3.48598,5.31714,4.03018,4.14858,3.56486,2592,,,,,,,265.795,704.576,740.148,506.401,10,22.1494,,466.843,291.777,3.48598,30.7429,6.54691,9.07377,19.0891,19.0561,15.4358,16.3542,5.87618,32.0312,4608
imx708_warm_s-1_air,imx708,warm,-1,air,L,L,raw,T1,597197,597820,0.400417,True,0.923557,0.0929235,0.329982,0.285982,0.858226,0.295328,0.0997439,0.992543,0.985064,1.42424,0.168356,0.2654,,0.00603728,0.0546152,-0.0549172,-0.0346451,False,1.37426,1.00257,1.50377,0.38849,1.18025,0.499345,4.78627,0.493602,4.8227,1.01763,1.00497e-06,0.834434,0.814125,0.82465,0.815286,1.02472,0.952386,0.969697,0.923557,2592,,,,,,,67.6508,303.208,295.933,86.3738,10,0.314058,,39.9583,24.9739,0.815286,0.529329,0.0497242,1.54688,6.50576,6.48335,2.49022,0.330034,0.0637826,0.226036,4608
imx708_warm_s-1_air,imx708,warm,-1,air,L,L,raw,T2,1.19439e+06,1223700,0.819629,True,0.67477,0.077631,0.189631,0.171234,0.544159,0.176971,0.0799552,0.994308,0.986788,1.63542,0.192778,0.127,,0.00421825,0.0557444,-0.0538297,-0.0304001,False,0.89112,0.633102,0.95864,0.239942,0.734613,0.39008,4.7719,0.381528,4.80511,0.594781,0,0.875372,0.826997,0.810771,0.825372,0.922148,0.849727,0.842169,0.67477,2592,,,,,,,39.7337,293.708,296.292,45.6463,10,0.269315,,19.521,12.2006,0.825372,0.480209,0.0577705,1.24647,6.35185,6.34249,1.7426,0.214136,0.0474898,0.195133,4608
imx708_warm_s-1_air,imx708,warm,-1,air,L,L,raw,T3,2.38879e+06,2417590,1.61929,True,0.359325,0.0701649,0.119804,0.110327,0.391469,0.116312,0.0724446,0.995225,0.987593,1.73156,0.236154,0.0522,,0.00490273,0.0567848,-0.0527996,-0.0298524,False,0.631809,0.453212,0.665147,0.162883,0.512896,0.35094,4.75559,0.344313,4.81449,0.428239,0,0.857507,0.824964,0.807002,0.820091,0.627932,0.76899,0.77848,0.359325,2592,,,,,,,30.5061,296.076,293.924,22.1637,10,0.287666,,9.88086,6.17554,0.820091,0.561686,0.0313899,0.827973,6.27391,6.26883,0.936261,0.254127,0.0423034,0.221956,4608
imx708_warm_s-1_air,imx708,warm,-1,air,L,L,raw,50kB,50000,50313,0.0336994,True,1.61787,0.984551,2.23804,1.57997,4.05407,1.61055,0.893791,0.978519,0.965947,1.52182,0.164262,3.8287,,0.0929995,-0.0109167,-0.121347,-0.119975,False,6.16323,4.84355,6.92043,2.23985,5.94758,1.82787,7.04045,1.83253,6.98618,5.89451,1.60796e-05,1.39796,1.33115,1.35836,1.42067,1.57067,1.59074,1.57788,1.61787,2592,,,,,,,210.115,483.572,390.51,288.707,10,2.44133,,474.785,296.741,1.42067,2.77274,0.699718,3.13094,8.46898,8.13364,5.82983,2.05773,0.619973,4.53897,4608
imx708_warm_s-1_air_field,imx708,warm,-1,air,M1,field-1000x562,processed,50kB,50000,48953,0.271961,True,1.25408,0.749483,0.699992,0.937837,2.36367,0.74288,0.74463,0.98143,nan,0.0145685,0.146412,83,,0.00275181,-0.298262,-0.594475,-0.0699949,False,3.33233,2.16336,3.32248,0.707846,2.28125,0.734125,2.49802,0.822124,2.68889,2.35517,0,1.00603,0.969776,0.987427,1.00816,1.20501,1.20579,1.21123,1.25408,900,,,,,,,77.6779,155.487,147.721,157.393,10,3.37738,,58.8319,36.77,1.00816,3.11907,0.493896,4.55584,12.4098,12.384,9.0571,3.13757,0.482022,2.45189,1600
imx708_warm_s-1_air_field,imx708,warm,-1,air,D,D,raw,50kB,50000,49685,0.276028,True,1.52115,1.16855,1.69767,1.8759,4.854,1.43328,1.24047,0.961833,nan,0.0466073,0.0508241,31,,0.208244,0.321045,0.361493,0.281204,False,6.91222,4.51647,6.6963,2.04104,5.17753,1.44782,3.94208,1.52105,4.16271,4.19171,1.11111e-05,1.39187,1.29155,1.31619,1.29835,1.60248,1.5414,1.53365,1.52115,900,,,,,,,98.5118,265.892,257.278,195.259,10,6.3397,,57.9652,36.2282,1.29835,6.22504,0.771784,6.68612,15.7379,15.6958,12.1529,3.14392,0.68501,4.66882,1600
imx708_warm_s-1_air_field,imx708,warm,-1,air,D2,D2/modular,raw,50kB,50000,49933,0.277406,True,1.15912,0.138514,0.335885,0.384446,1.42706,0.308104,0.139674,0.978973,nan,0.524275,0.1437,4.5798,,-0.0540914,-0.0382637,-0.00197285,-0.0453194,False,2.57028,1.22654,2.29192,0.400778,1.31148,0.299667,1.11235,0.318454,1.13793,1.15581,2.77778e-06,0.789231,0.841972,0.911426,0.851411,1.10281,1.16531,1.19577,1.15912,900,,,,,,,78.1404,181.418,171.659,178.868,10,0.404145,,57.6773,36.0483,0.851411,0.610192,0.131494,5.55736,12.171,12.0278,9.67307,0.27899,0.0912596,0.381023,1600
imx708_warm_s-1_air_field,imx708,warm,-1,air,D2,D2/modular/bin2,raw,50kB,50000,49898,0.277211,True,1.12102,0.139655,0.415467,0.330526,1.27996,0.28253,0.133058,0.952064,nan,0.194397,0.095276,0.7564,,-0.227926,-0.89177,-0.888985,-0.581768,False,2.00757,1.2221,2.16283,0.460473,3.02438,0.396431,3.5074,0.41648,3.86179,3.4608,0,0.766862,0.842799,0.859849,0.82972,1.0622,1.14038,1.16643,1.12102,900,,,,,,,97.6918,244.194,239.943,197.221,10,0.429979,,57.7177,36.0736,0.82972,1.23962,0.150271,7.47871,21.7631,21.6004,15.3989,0.29775,0.0809721,0.585335,1600
imx708_warm_s-1_uw,imx708,warm,-1,uw,W,W,raw,T1,597197,592823,0.39707,True,1.00685,0.0906479,0.597634,0.467319,2.3678,0.478293,0.0856339,0.981664,0.984629,0.341796,0.517251,178.0953,,0.00850827,0.0204848,0.0205866,-0.00879117,False,4.48047,4.5693,12.0982,0.414951,1.26971,0.43569,1.43317,0.43195,1.4288,2.04638,2.21688e-06,0.717345,0.827617,0.84229,0.65561,0.99031,1.093,1.12837,1.00685,2592,,,,,,,46.1969,70.701,74.1064,22.2513,10,0.468643,,40.2951,25.1844,0.65561,1.57396,0.157581,1.52013,3.94989,3.95338,1.07933,0.370711,0.0747942,0.38591,4608
imx708_warm_s-1_uw,imx708,warm,-1,uw,W,W,raw,T2,1.19439e+06,1197964,0.802391,True,0.938795,0.0821505,0.345571,0.282573,0.826997,0.290988,0.0832991,0.988962,0.990446,0.448261,0.542129,78.2567,,-0.0051253,-0.00487138,-0.00491919,-0.0102532,False,1.2751,1.05688,2.04416,0.239338,0.727089,0.247017,0.789237,0.246205,0.785244,1.02576,3.69479e-07,0.75061,0.831775,0.838612,0.713477,0.896371,1.00572,1.03315,0.938795,2592,,,,,,,17.6645,37.9641,39.3753,10.7914,10,0.36866,,19.9404,12.4627,0.713477,0.958607,0.149777,1.12108,2.97492,2.97099,0.894661,0.287017,0.077595,0.258614,4608
imx708_warm_s-1_uw,imx708,warm,-1,uw,W,W,raw,T3,2.38879e+06,2391620,1.6019,True,0.689821,0.0461927,0.200964,0.171615,0.46268,0.176283,0.0516952,0.99508,0.996214,0.392468,0.599746,35.1344,,0.00320854,0.0018655,0.00288085,6.95917e-05,False,0.664087,0.558873,0.903712,0.142465,0.433222,0.146032,0.467237,0.14505,0.463372,0.609715,0,0.833363,0.935962,0.939502,0.877068,0.743067,0.652764,0.678406,0.689821,2592,,,,,,,9.65403,21.3158,20.9226,6.09258,10,0.173067,,9.98816,6.2426,0.877068,0.366028,0.0818119,0.85193,1.81214,1.81335,0.631488,0.169526,0.0434554,0.134528,4608
imx708_warm_s-1_uw,imx708,warm,-1,uw,W,W,raw,50kB,50000,50063,0.033532,True,1.40447,2.2933,1.86705,1.51619,8.71747,1.63003,1.85045,0.94567,0.849244,0.289959,0.480824,6700.6047,,-0.0402365,-0.14695,-0.158162,-0.0276038,False,14.9278,13.1639,21.7526,1.64415,11.7774,2.21978,15.3968,2.23196,15.6769,12.2877,0.000224274,1.77236,1.73117,1.91095,1.10971,1.92141,1.93292,2.05342,1.40447,2592,,,,,,,185.026,663.49,655.161,73.0166,10,6.52262,,477.156,298.223,1.10971,10.7208,5.55878,4.83823,15.6119,15.6476,2.20169,6.95501,1.55168,12.5489,4608
imx708_warm_s-1_uw_field,imx708,warm,-1,uw,W,W,raw,50kB,50000,49754,0.276411,True,1.04419,0.217289,1.01162,0.893634,3.29009,0.711272,0.226677,0.958826,nan,0.083901,0.107613,724.1156,,-0.0730149,-0.166237,-0.163072,-0.0243765,False,5.01714,2.9624,5.02627,0.770305,3.12802,0.588549,2.59274,0.6462,2.91189,4.27663,6.31656e-05,0.774951,0.870966,0.892517,0.667823,1.08245,1.19395,1.19393,1.04419,900,,,,,,,78.8481,226.317,222.14,34.0567,10,0.727233,,57.8848,36.178,0.667823,1.39361,0.334542,5.96009,16.9135,16.6624,2.71839,0.513188,0.158796,0.648741,1600
imx708_warm_s-1_uw,imx708,warm,-1,uw,M0-r1,repeat,floor,floor,,,,,1.40554,0.278404,0.83965,0.797416,2.3309,0.81807,0.268918,0.974861,0.98303,,,,,-0.00637801,0.0650576,0.0645747,0.00944966,False,3.96191,3.02416,7.87825,0.796141,2.40036,0.629073,2.06892,0.635565,2.07181,2.53572,1.66266e-05,0.803842,0.804186,0.818257,0.813408,1.38714,1.39736,1.42995,1.40554,2592,,,,,,,74,184,218,57,10,1.00776,,,,0.813408,1.67653,0.455043,1.635,4.06225,4.07585,1.3019,0.879285,0.194738,0.925863,4608
imx708_warm_s-1_uw,imx708,warm,-1,uw,M1-q∞,isp-floor,floor,floor,,,,,0.0745022,0.195243,0.370051,0.257753,0.682293,0.250796,0.197109,0.999638,0.999694,,,,,0.00623508,0.0116774,0.010067,0.0160928,False,0.919848,0.790924,1.1815,0.238239,0.583984,0.213237,0.938682,0.210883,0.959666,0.601678,0,0.836739,0.855451,0.868761,0.823038,0.160486,0.230893,0.24225,0.0745022,2592,,,,,,,1.11688,4.13411,3.84857,0.420104,10,0.904552,,,,0.823038,1.28679,0.340568,0.188591,0.745929,0.746813,0.0739422,0.380917,0.161762,0.654454,4608
imx708_warm_s-1_uw,imx708,warm,-1,uw,M1,,processed,T1,597197,589639,0.394938,True,0.92358,0.524193,0.615096,0.894078,2.34845,0.967944,0.495704,0.988855,0.987986,0.0686761,1.19733,77,,0.0103311,0.166428,-0.0301879,-0.00694683,False,3.237,3.01825,4.72679,0.868273,2.37056,1.0652,3.12241,1.04461,3.10474,1.68919,0,0.925621,1.09512,1.12307,0.624974,1.15138,1.23231,1.25325,0.92358,2592,0,0,0,0.000196166,0,0.000218772,80.2719,270.668,319.622,26.1152,10,2.68841,,40.5127,25.3204,0.624974,1.66232,0.459749,1.60097,4.62095,4.48539,0.882175,0.890397,0.325045,1.99286,4608
imx708_warm_s-1_uw,imx708,warm,-1,uw,M1,,processed,T2,1.19439e+06,1140059,0.763607,True,0.835245,0.434292,0.389759,0.61874,1.93032,0.676737,0.408236,0.992631,0.991752,0.0864872,1.05278,89,,0.0872471,-0.0394517,-0.25639,0.00191983,False,2.71448,2.43859,3.82814,0.594606,2.12184,0.683215,2.24135,0.672318,2.25182,1.21129,0,0.960119,1.08458,1.12395,0.62172,1.10019,1.13089,1.17628,0.835245,2592,0,0,0,0.000196166,0,0.000218772,74.8075,227.928,273.127,23.8354,10,1.54963,,20.9532,13.0957,0.62172,0.782486,0.247954,1.52287,4.11535,4.02613,0.800012,0.853698,0.218349,1.97202,4608
imx708_warm_s-1_uw,imx708,warm,-1,uw,M1,,processed,T3,2.38879e+06,2438257,1.63313,True,0.738166,0.248105,0.247771,0.350194,1.06241,0.379878,0.243908,0.995373,0.995054,0.113856,1.08762,96,,0.0166135,0.113769,-0.105855,-0.0128963,False,1.69527,1.34751,2.4989,0.350312,1.03955,0.441504,1.35587,0.423741,1.32138,0.748482,0,0.901718,0.99363,1.03738,0.617417,0.977459,0.988949,1.01879,0.738166,2592,0,0,0,0.000196166,0,0.000218772,72.8066,157.948,134.849,22.4764,10,0.993209,,9.79711,6.12319,0.617417,0.940291,0.225499,1.40539,3.353,3.30243,0.709389,0.656554,0.157974,1.25458,4608
imx708_warm_s-1_uw,imx708,warm,-1,uw,M1,,processed,50kB,50000,73070,0.048942,False,7.95529,21.2813,46.9605,18.0511,24.3992,18.5498,20.3554,0.785483,0.730223,0.0529374,1.18873,1,target below the codec's smallest output,13.2966,26.6234,26.4559,2.34233,False,27.2384,26.652,28.8995,52.0295,194.428,101.307,268.748,99.7604,277.367,118.336,9.23698e-06,15.548,19.5352,20.116,7.87191,15.5933,19.6003,20.1824,7.95529,2592,0,0,0,0.000196166,0,0.000218772,206.898,746.99,745.99,74.4026,10,38.6043,,326.918,204.324,7.87191,237.182,48.6307,30.6481,94.9006,94.859,9.73564,77.6383,19.9322,40.7894,4608
imx708_warm_s-1_uw,imx708,warm,-1,uw,M1-444,,processed,T1,597197,588888,0.394435,True,0.945305,0.562575,0.570784,0.776187,2.06583,0.811866,0.552801,0.985732,0.985734,0.100458,0.885579,68,,0.0525264,0.0819219,-0.0492001,0.036141,False,2.89681,2.50158,3.52688,0.786137,2.47448,0.960625,3.11105,0.963134,3.11232,1.84166,0,0.980757,1.12559,1.15119,0.692147,1.15176,1.28882,1.30342,0.945305,2592,0,0,0,0.000196166,0,0.000218772,54.6899,244.302,282.535,20.4764,10,1.37129,,40.5644,25.3527,0.692147,1.31878,0.628333,1.6169,4.67541,4.62276,0.901261,2.12763,0.394505,1.90512,4608
imx708_warm_s-1_uw,imx708,warm,-1,uw,M1-444,,processed,T2,1.19439e+06,1199132,0.803174,True,0.80077,0.363256,0.317265,0.483429,1.28032,0.522014,0.362523,0.990143,0.989893,0.114922,0.937882,83,,0.0507496,0.00168694,-0.12266,0.00738834,False,1.85622,1.5646,2.34683,0.50079,1.54739,0.577326,1.80828,0.579411,1.79985,0.988117,0,0.982198,1.08548,1.09101,0.70389,1.06148,1.15569,1.1445,0.80077,2592,0,0,0,0.000196166,0,0.000218772,58.5551,193.983,231.65,18.2994,10,1.36008,,19.921,12.4506,0.70389,0.908072,0.220015,1.44048,4.09242,4.06496,0.76685,0.660106,0.192676,1.83224,4608
imx708_warm_s-1_uw,imx708,warm,-1,uw,M1-444,,processed,T3,2.38879e+06,2266138,1.51785,False,0.6607,0.214472,0.252518,0.317285,0.884637,0.339794,0.214435,0.993278,0.993433,0.135923,1.10433,92,bracketed (integer knob): metrics interpolated,-0.00957713,0.0674004,-0.039586,-0.00101349,False,1.56234,1.10503,2.31797,0.330287,1.0055,0.426439,1.3493,0.420284,1.34407,0.747447,0,0.937905,1.01759,1.03897,0.689832,0.927981,1.00133,1.01018,0.6607,2592,0,0,0,0.000196166,0,0.000218772,51.1523,130.062,108.668,9.45672,10,0.944673,,10.5412,6.58827,0.689832,0.879379,0.241249,1.18673,3.39027,3.39144,0.631025,0.447691,0.128338,0.891758,4608
imx708_warm_s-1_uw,imx708,warm,-1,uw,M1-444,,processed,T3,2.38879e+06,2549948,1.70794,False,0.634652,0.201564,0.244633,0.298168,0.836044,0.316333,0.206616,0.993823,0.994037,0.202547,1.08987,93,bracketed (integer knob): metrics interpolated,-0.00854144,0.0631817,-0.0406336,-0.00110704,False,1.58366,1.05944,2.48623,0.311755,0.928847,0.397631,1.25959,0.390725,1.24734,0.714033,0,0.92171,1.01196,1.03111,0.688289,0.898195,0.965818,0.984853,0.634652,2592,0,0,0,0.000196166,0,0.000218772,35.2486,100.545,115.643,10.2473,10,1.05607,,9.36798,5.85499,0.688289,0.829051,0.203166,1.14603,3.25843,3.2741,0.603394,0.64344,0.127055,0.764861,4608
imx708_warm_s-1_uw,imx708,warm,-1,uw,M1-444,,processed,50kB,50000,142504,0.0954486,False,7.95529,21.2813,46.9605,18.0511,24.3992,18.5498,20.3554,0.785483,0.730223,0.131439,1.1915,1,target below the codec's smallest output,13.2966,26.6234,26.4559,2.34233,False,27.2384,26.652,28.8995,52.0295,194.428,101.307,268.748,99.7604,277.367,118.336,9.23698e-06,15.548,19.5352,20.116,7.87191,15.5933,19.6003,20.1824,7.95529,2592,0,0,0,0.000196166,0,0.000218772,206.898,746.99,745.99,74.4026,10,38.6043,,167.629,104.768,7.87191,237.182,48.6307,30.6481,94.9006,94.859,9.73564,77.6383,19.9322,40.7894,4608
imx708_warm_s-1_uw,imx708,warm,-1,uw,M1j,,processed,T1,597197,625850,0.419192,True,0.937659,0.175402,0.278836,0.367116,1.08857,0.38187,0.167825,0.988111,0.987927,0.14111,1.00237,88,,0.00425638,0.0509069,-0.0881075,-0.00792596,False,1.85041,1.47654,3.06655,0.369892,1.04994,0.450542,1.46823,0.448509,1.49094,0.8021,0,0.749122,0.916758,0.912886,0.611116,1.0411,1.13452,1.13242,0.937659,2592,0,0,0,0.000196166,0,0.000218772,84.6303,249.488,301.597,24.5087,10,0.754437,,38.1687,23.8554,0.611116,0.988952,0.160173,1.50598,4.27901,4.22694,0.881401,0.378037,0.120732,0.633949,4608
imx708_warm_s-1_uw,imx708,warm,-1,uw,M1j,,processed,T2,1.19439e+06,1170159,0.783768,True,0.813082,0.154574,0.231458,0.279332,0.899515,0.288781,0.156079,0.992082,0.991492,0.179003,1.06022,94,,0.00590636,0.0548024,-0.0746026,-0.00464914,False,1.6157,1.22736,2.62943,0.279452,0.826732,0.366954,1.22594,0.370491,1.24681,0.668973,0,0.767902,0.878171,0.884121,0.600441,1.00078,1.01647,1.01525,0.813082,2592,0,0,0,0.000196166,0,0.000218772,76.7963,195.587,236.619,21.158,10,0.665424,,20.4142,12.7589,0.600441,0.930325,0.18128,1.41542,3.64024,3.57799,0.766754,0.341688,0.117578,0.48758,4608
imx708_warm_s-1_uw,imx708,warm,-1,uw,M1j,,processed,T3,2.38879e+06,2101676,1.40769,False,0.670751,0.143482,0.2014,0.2189,0.800141,0.22405,0.138766,0.995183,0.994476,0.247098,1.12238,97,bracketed (integer knob): metrics interpolated,0.00774671,0.0520304,-0.063867,-0.00247843,False,1.46468,1.06462,2.43372,0.216664,0.6846,0.31618,1.07015,0.317185,1.08434,0.590352,0,0.756672,0.820522,0.830323,0.577387,0.929146,0.863382,0.873114,0.670751,2592,0,0,0,0.000196166,0,0.000218772,70.7935,164.344,188.668,20.4764,10,0.720176,,11.3661,7.10382,0.577387,0.84417,0.153782,1.32749,3.0681,2.99398,0.646611,0.323119,0.103662,0.524338,4608
imx708_warm_s-1_uw,imx708,warm,-1,uw,M1j,,processed,T3,2.38879e+06,2644329,1.77116,False,0.622346,0.139778,0.201753,0.214681,0.780314,0.220877,0.136697,0.996052,0.995434,0.270293,1.29437,98,bracketed (integer knob): metrics interpolated,0.00847784,0.0474987,-0.0539588,-0.00208883,False,1.42017,1.06113,2.42003,0.212932,0.665615,0.299982,1.01221,0.304203,1.01681,0.582442,0,0.740847,0.798251,0.812943,0.573102,0.87072,0.792173,0.806571,0.622346,2592,0,0,0,0.000196166,0,0.000218772,70.7935,153.292,181.65,20.971,10,0.81458,,9.03362,5.64601,0.573102,0.787297,0.173558,1.27591,2.83104,2.74919,0.605386,0.340069,0.109581,0.595471,4608
imx708_warm_s-1_uw,imx708,warm,-1,uw,M1j,,processed,50kB,50000,78351,0.0524792,False,1.30326,4.41907,3.60262,8.62975,12.0357,8.82005,4.24529,0.955473,0.940195,0.17747,1.19947,1,target below the codec's smallest output,1.14668,-1.7227,-1.8552,0.179474,False,13.3125,15.1554,18.8445,7.1792,17.175,6.76687,19.9218,6.84319,19.8342,10.1628,1.8474e-06,2.28368,2.48036,2.52612,1.02193,2.42834,2.52817,2.54592,1.30326,2592,0,0,0,0.000196166,0,0.000218772,174.737,523.052,542.482,54.0943,10,10.0365,,304.883,190.552,1.02193,21.9365,3.86241,4.15793,11.2469,11.3015,1.48476,19.0567,3.31702,14.089,4608
imx708_warm_s-1_uw,imx708,warm,-1,uw,M1-fix,,processed,T1,597197,581726,0.389638,True,1.09428,2.01711,1.23915,0.921808,5.3913,0.934902,1.1886,0.985111,0.988177,0.0644534,1.21021,80,,0.0181071,0.110167,-0.112069,0.0526805,False,12.3138,7.29344,22.1588,0.430817,1.5726,0.73233,2.39736,0.749199,2.4264,4.45478,4.5446e-05,0.82938,0.980989,0.980581,0.826966,1.04079,1.12599,1.10592,1.09428,2592,0.0427677,0,0.0426832,0.000147439,0.00036395,0,108.952,376.355,419.916,30.9525,10,11.065,,41.0638,25.6649,0.826966,84.9592,0.895825,1.50138,4.63877,4.64592,1.15912,12.6892,1.11203,18.4468,4608
imx708_warm_s-1_uw,imx708,warm,-1,uw,M1-fix,,processed,T2,1.19439e+06,1174311,0.786549,True,0.978946,1.90258,0.624251,0.455643,4.8089,0.468981,1.04381,0.989232,0.992548,0.090872,1.20658,91,,0.00903014,0.0939275,-0.11114,0.023131,False,12.1657,7.17492,21.9706,0.258797,1.04707,0.434083,1.58128,0.439869,1.60292,2.99109,6.65063e-06,0.815103,0.929198,0.93227,0.818671,0.961348,0.98267,0.994761,0.978946,2592,0.0427677,0,0.0426832,0.000147439,0.00036395,0,99.3508,377.966,365.818,30.9785,10,10.9719,,20.342,12.7138,0.818671,84.8314,0.525286,1.40408,3.87993,3.93185,0.984381,12.587,0.908831,19.3307,4608
imx708_warm_s-1_uw,imx708,warm,-1,uw,M1-fix,,processed,T3,2.38879e+06,2210996,1.48092,False,0.891721,1.83516,0.436258,0.317267,4.60419,0.327311,0.985015,0.991696,0.995347,0.106982,1.1523,96,bracketed (integer knob): metrics interpolated,0.0176671,0.0928748,-0.0997696,0.0181725,False,11.9506,7.05517,21.8614,0.197848,0.942498,0.3437,1.39695,0.340698,1.42212,2.54825,7.38959e-07,0.782688,0.852846,0.885935,0.782967,0.886102,0.85274,0.869246,0.891721,2592,0.0427677,0,0.0426832,0.000147439,0.00036395,0,94.1707,381.09,362.418,23.9907,10,11.0002,,10.8041,6.75258,0.782967,84.8906,0.33835,1.3271,3.32269,3.38055,0.862081,12.6216,0.864825,19.1395,4608
imx708_warm_s-1_uw,imx708,warm,-1,uw,M1-fix,,processed,T3,2.38879e+06,2619898,1.7548,False,0.866608,1.84096,0.429335,0.312076,4.61607,0.322822,0.985283,0.992245,0.995963,0.128418,1.38939,97,bracketed (integer knob): metrics interpolated,0.0186785,0.0867576,-0.0942077,0.018616,False,11.9696,7.13591,21.8406,0.192782,0.946293,0.335661,1.34503,0.331066,1.3604,2.52281,3.69479e-07,0.772304,0.853747,0.860356,0.789443,0.836281,0.806681,0.815386,0.866608,2592,0.0427677,0,0.0426832,0.000147439,0.00036395,0,93.1648,375.026,375.886,32.7283,10,10.9622,,9.11786,5.69866,0.789443,84.5943,0.371891,1.2928,3.15889,3.22467,0.828386,12.5832,0.876378,19.0232,4608
imx708_warm_s-1_uw,imx708,warm,-1,uw,M1-fix,,processed,50kB,50000,72325,0.048443,False,20.1673,61.8948,43.9484,50.0105,59.823,53.3241,37.8261,0.799202,0.784764,0.0579952,1.13299,1,target below the codec's smallest output,1.44619,-24.9382,-25.1212,20.3573,False,65.3364,102.615,110.643,46.1399,154.505,93.0529,166.748,92.1004,165.604,806.115,3.76869e-05,16.0905,20.276,21.0223,20.1786,16.0982,20.2963,21.0197,20.1673,2592,0.0427677,0,0.0426832,0.000147439,0.00036395,0,200.132,747.003,747.003,510.373,10,85.5669,,330.285,206.428,20.1786,1397.21,144.302,24.6796,65.1418,65.116,53.0567,125.601,65.9559,113.028,4608
imx708_warm_s-1_uw,imx708,warm,-1,uw,M2,,processed,T1,597197,523751,0.350806,False,1.0953,1.16282,2.73361,1.22536,2.73121,1.45683,0.903145,0.986227,0.987412,0.639973,1.01096,12.0995,did not converge within ±5 %,-0.776803,-2.57166,-2.73033,-0.377094,False,3.56397,4.01086,5.57405,2.91868,5.63344,4.557,8.44599,4.66853,8.47597,4.44571,0,1.19556,1.38829,1.44122,0.833823,1.39457,1.55192,1.60728,1.0953,2592,0,0,0,0.000196166,0,0.000218772,75.8075,165.643,160.344,25.8131,10,1.99958,,45.6092,28.5058,0.833823,9.79182,3.71089,1.87896,5.2201,5.33833,1.02338,1.3724,0.653499,4.64868,4608
imx708_warm_s-1_uw,imx708,warm,-1,uw,M2,,processed,T2,1.19439e+06,1033303,0.692102,False,0.98713,1.11896,2.70053,0.992217,2.15949,1.18916,0.854839,0.990072,0.99106,0.842129,1.20678,8.1006,did not converge within ±5 %,-0.71014,-2.55216,-2.64972,-0.368637,False,2.89779,3.14558,4.56133,2.70331,4.66136,4.54505,7.61671,4.5665,7.55707,3.93669,0,1.15777,1.39518,1.41852,0.826549,1.31948,1.46728,1.51419,0.98713,2592,0,0,0,0.000196166,0,0.000218772,72.8066,158.668,153.157,25.2994,10,2.01015,,23.118,14.4487,0.826549,8.26094,3.86032,1.77509,4.89948,4.98422,0.922928,1.26403,0.604607,3.01184,4608
imx708_warm_s-1_uw,imx708,warm,-1,uw,M2,,processed,T3,2.38879e+06,2298706,1.53966,True,0.830902,1.03465,2.80228,0.87129,1.76252,1.08211,0.792341,0.992854,0.993933,4.06993,2.2061,3.0995,,-0.72783,-2.59423,-2.66609,-0.378864,False,2.40405,2.71046,4.31836,2.8002,4.19084,4.67594,7.11738,4.68321,7.024,3.66429,0,1.13494,1.37507,1.36564,0.823025,1.22913,1.34403,1.35495,0.830902,2592,0,0,0,0.000196166,0,0.000218772,72.8066,136.849,150.145,25.8131,10,1.68954,,10.3919,6.49492,0.823025,7.34013,3.75934,1.68369,4.5339,4.61185,0.793448,1.33423,0.587214,2.92212,4608
imx708_warm_s-1_uw,imx708,warm,-1,uw,M2,,processed,50kB,50000,52751,0.0353324,False,1.15464,2.03345,2.03254,2.66735,6.7531,2.81608,1.81723,0.973258,0.970809,0.402645,1.08238,28.0992,did not converge within ±5 %,-0.0972195,-3.21728,-3.35779,-0.271715,False,8.43039,7.3873,9.96236,2.2389,6.67039,5.76642,12.7501,5.85981,12.734,5.88347,7.38959e-07,1.29326,1.66103,1.64147,0.821781,1.52103,1.83558,1.84058,1.15464,2592,0,0,0,0.000196166,0,0.000218772,122.632,370.93,300.104,36.5228,10,7.75887,,452.842,283.026,0.821781,13.6993,2.69483,2.30343,7.79312,7.83557,1.17842,4.43695,1.41533,8.00905,4608
imx708_warm_s-1_uw,imx708,warm,-1,uw,M2h,,processed,T1,597197,595115,0.398606,True,0.914735,0.398044,0.403947,0.638929,1.75771,0.693248,0.381662,0.99039,0.988179,1.42942,1.09459,52,,0.0210765,0.0235779,-0.10544,-0.00403905,False,2.58057,2.1124,3.10362,0.654641,2.039,0.660099,2.08676,0.666187,2.0958,1.29906,0,0.846323,0.983957,1.00918,0.630008,1.09897,1.17399,1.18007,0.914735,2592,0,0,0,0.000196166,0,0.000218772,68.9206,166.577,153.292,24.5037,10,2.31984,,40.1399,25.0875,0.630008,1.08205,0.274806,1.53114,4.12696,4.03005,0.864718,0.701548,0.220233,1.70302,4608
imx708_warm_s-1_uw,imx708,warm,-1,uw,M2h,,processed,T2,1.19439e+06,1071925,0.717971,False,0.811643,0.300492,0.313856,0.49109,1.37814,0.536094,0.278353,0.992539,0.990861,1.70436,1.08634,58,bracketed (integer knob): metrics interpolated,0.0235941,0.0244106,-0.103205,-0.0017101,False,2.06065,1.61982,2.47338,0.516216,1.58036,0.514909,1.65391,0.524872,1.64339,1.0112,0,0.87268,0.999572,1.00629,0.630025,1.04891,1.06165,1.09828,0.811643,2592,0,0,0,0.000196166,0,0.000218772,68.7683,157.948,127.562,22.5087,10,0.817297,,22.285,13.9281,0.630025,1.22703,0.164801,1.46639,3.68731,3.63621,0.766825,0.375838,0.145996,1.52715,4608
imx708_warm_s-1_uw,imx708,warm,-1,uw,M2h,,processed,T2,1.19439e+06,1272709,0.852455,False,0.76961,0.338213,0.294037,0.457143,1.28768,0.497682,0.283399,0.993066,0.991604,1.8759,1.04783,59,bracketed (integer knob): metrics interpolated,0.0232072,0.0235003,-0.100038,-0.000707461,False,1.94835,1.52921,2.26543,0.480905,1.46248,0.484012,1.55885,0.494697,1.56072,0.940604,0,0.879921,0.995532,1.01328,0.634029,1.03699,1.04382,1.07076,0.76961,2592,0,0,0,0.000196166,0,0.000218772,67.4585,151.65,142.66,24.5037,10,1.00928,,18.7693,11.7308,0.634029,1.05073,0.220911,1.44332,3.55554,3.50433,0.730011,0.527314,0.181919,1.24788,4608
imx708_warm_s-1_uw,imx708,warm,-1,uw,M2h,,processed,T3,2.38879e+06,2412217,1.61569,True,0.594439,0.20929,0.252797,0.372678,1.03825,0.408751,0.195391,0.994801,0.994231,2.59871,1.33439,67,,0.0267152,0.0166527,-0.076685,0.00131412,False,1.69668,1.23604,1.96355,0.398556,1.20797,0.399901,1.26875,0.410403,1.27589,0.770014,0,0.903193,0.945529,0.969163,0.641103,0.915833,0.8931,0.896469,0.594439,2592,0,0,0,0.000196166,0,0.000218772,56.3597,136.849,135.133,25.1604,10,0.824827,,9.90287,6.18929,0.641103,1.34977,0.233698,1.33279,3.02487,2.99566,0.592427,0.456082,0.139327,0.942144,4608
imx708_warm_s-1_uw,imx708,warm,-1,uw,M2h,,processed,50kB,50000,46687,0.0312708,False,1.05738,1.17431,1.03645,1.37247,4.07161,1.4253,1.16684,0.977083,0.975173,0.640657,0.856298,26,bracketed (integer knob): metrics interpolated,0.0554809,0.0751993,-0.0652252,-0.0108881,False,6.1497,4.93839,8.09671,1.47091,4.65208,1.59223,5.00953,1.58675,5.00386,3.22283,3.69479e-07,1.03881,1.12044,1.1674,0.685811,1.3027,1.36323,1.38752,1.05738,2592,0,0,0,0.000196166,0,0.000218772,107.983,402.291,338.621,37.1147,10,4.34741,,511.66,319.788,0.685811,2.62156,0.747627,1.9791,6.11801,5.97468,1.0822,3.1564,0.75117,3.63175,4608
imx708_warm_s-1_uw,imx708,warm,-1,uw,M2h,,processed,50kB,50000,53171,0.0356137,False,1.0508,1.1269,0.99486,1.30903,3.85352,1.37229,1.05593,0.977918,0.976425,0.707602,0.827047,27,bracketed (integer knob): metrics interpolated,0.0427427,-0.00551932,-0.141597,0.00167194,False,5.78569,4.63942,7.51578,1.37487,4.34719,1.49345,4.71639,1.501,4.68402,3.06989,3.69479e-07,0.965649,1.08396,1.10336,0.67753,1.24636,1.35611,1.35656,1.0508,2592,0,0,0,0.000196166,0,0.000218772,113.982,402.291,344.65,35.9269,10,3.51967,,449.265,280.791,0.67753,3.13724,0.632431,1.91478,5.88314,5.78184,1.06621,2.0467,0.721667,3.99966,4608
imx708_warm_s-1_uw,imx708,warm,-1,uw,C,C,lossless,lossless,,4604810,3.08428,,0,0,0,0,0,0,0,1,1,0.274257,0.267738,,,0,0,0,0,True,0,0,0,0,0,0,0,0,0,0,0,0.802768,0.822558,0.831304,0.810103,0,0,0,0,2592,,,,,,,0,0,0,0,10,0,True,5.18759,3.24224,0.810103,0,0,0,0,0,0,0,0,0,4608
imx708_warm_s-1_uw,imx708,warm,-1,uw,C-jls,C-jls,lossless,lossless,,4402012,2.94845,,0,0,0,0,0,0,0,1,1,0.210859,0.219521,,,0,0,0,0,True,0,0,0,0,0,0,0,0,0,0,0,0.802768,0.822558,0.831304,0.810103,0,0,0,0,2592,,,,,,,0,0,0,0,10,0,,5.42658,3.39161,0.810103,0,0,0,0,0,0,0,0,0,4608
imx708_warm_s-1_uw,imx708,warm,-1,uw,C-png,C-png,lossless,lossless,,6174366,4.13557,,0,0,0,0,0,0,0,1,1,28.1637,0.156112,,,0,0,0,0,True,0,0,0,0,0,0,0,0,0,0,0,0.802768,0.822558,0.831304,0.810103,0,0,0,0,2592,,,,,,,0,0,0,0,10,0,,3.86888,2.41805,0.810103,0,0,0,0,0,0,0,0,0,4608
imx708_warm_s-1_uw,imx708,warm,-1,uw,C2,C2/e3,lossless,lossless,,4180834,2.80031,,0,0,0,0,0,0,0,1,1,0.631068,0.532247,,,0,0,0,0,True,0,0,0,0,0,0,0,0,0,0,0,0.802768,0.822558,0.831304,0.810103,0,0,0,0,2592,,,,,,,0,0,0,0,10,0,,5.71366,3.57104,0.810103,0,0,0,0,0,0,0,0,0,4608
imx708_warm_s-1_uw,imx708,warm,-1,uw,C2,C2/e7,lossless,lossless,,4022746,2.69442,,0,0,0,0,0,0,0,1,1,4.58051,0.806818,,,0,0,0,0,True,0,0,0,0,0,0,0,0,0,0,0,0.802768,0.822558,0.831304,0.810103,0,0,0,0,2592,,,,,,,0,0,0,0,10,0,,5.9382,3.71138,0.810103,0,0,0,0,0,0,0,0,0,4608
imx708_warm_s-1_uw,imx708,warm,-1,uw,C2,C2/e7/tiled,lossless,lossless,,4022646,2.69435,,0,0,0,0,0,0,0,1,1,4.59914,0.74596,,,0,0,0,0,True,0,0,0,0,0,0,0,0,0,0,0,0.802768,0.822558,0.831304,0.810103,0,0,0,0,2592,,,,,,,0,0,0,0,10,0,,5.93835,3.71147,0.810103,0,0,0,0,0,0,0,0,0,4608
imx708_warm_s-1_uw,imx708,warm,-1,uw,N,N/b7,near-lossless,near-lossless,,2952942,1.97787,,0.496196,0.613062,0.891809,0.758237,2.0088,0.737685,0.641335,0.997731,0.998193,0.227053,0.235062,,,-0.00866724,0.0998132,0.0973973,0.0354619,False,2.86615,2.50207,3.55782,0.671748,1.74094,0.391648,1.53694,0.392534,1.53082,2.47105,0,1.049,0.951972,0.966349,0.937223,0.624606,0.481705,0.502069,0.496196,2592,,,,,,,3.93434,7.0429,7.22804,2.14248,10,2.38031,,8.08952,5.05595,0.937223,4.08535,0.673062,0.710385,1.48471,1.48506,0.449765,1.47193,0.506363,1.88608,4608
imx708_warm_s-1_uw,imx708,warm,-1,uw,N,N/b8,near-lossless,near-lossless,,4157763,2.78485,,0.250103,0.405733,0.399759,0.447593,1.7807,0.476293,0.40047,0.999409,0.999547,0.216883,0.266982,,,0.0126144,-0.00846924,-0.0079925,-0.0200614,False,2.38219,2.11976,2.88206,0.419709,1.56621,0.204993,0.821978,0.205358,0.813551,2.2226,0,0.844952,0.858853,0.869171,0.870099,0.308422,0.240805,0.246021,0.250103,2592,,,,,,,1.90659,3.49952,3.59848,1.04152,10,1.77478,,5.74537,3.59085,0.870099,4.83615,0.518131,0.356808,0.735042,0.735405,0.229264,1.21471,0.35593,1.25299,4608
imx708_warm_s-1_uw,imx708,warm,-1,uw,N,N/b9,near-lossless,near-lossless,,5592514,3.74584,,0.131149,0.17867,0.324853,0.258105,0.758079,0.297551,0.185457,0.999841,0.999884,0.214106,0.298464,,,0.0161072,0.0209679,0.0208332,0.030667,False,1.15656,0.968632,1.36029,0.155462,0.690847,0.103994,0.613494,0.104059,0.62845,1.0663,0,0.809609,0.831426,0.833342,0.82469,0.150309,0.118464,0.123712,0.131149,2592,,,,,,,0.967402,1.76064,1.82615,0.535989,10,0.70667,,4.2714,2.66963,0.82469,1.70302,0.212028,0.174948,0.358103,0.358383,0.124587,0.541281,0.129669,0.523981,4608
imx708_warm_s-1_uw,imx708,warm,-1,uw,N,N/b10,near-lossless,near-lossless,,7069555,4.73516,,0.0651638,0.102258,0.128144,0.137108,0.301793,0.146408,0.100986,0.999968,0.999972,0.220944,0.36441,,,-0.0132303,-0.0135132,-0.0136711,-0.0166509,False,0.388952,0.401816,0.466925,0.100238,0.325801,0.0602144,0.460363,0.0599417,0.452641,0.542866,0,0.806825,0.82456,0.834147,0.813473,0.0800171,0.0608821,0.0630251,0.0651638,2592,,,,,,,0.467222,0.882836,0.920757,0.253548,10,0.378876,,3.37898,2.11186,0.813473,0.76272,0.138173,0.0881812,0.184515,0.184599,0.0610461,0.30998,0.0706887,0.304736,4608
imx708_warm_s-1_uw,imx708,warm,-1,uw,D,D,raw,T1,597197,569480,0.381435,True,1.07096,0.534689,1.3204,1.05322,3.46819,1.06498,0.49543,0.981947,0.982717,0.0906822,0.140295,82,,0.0299923,0.0138625,0.0128341,-0.0282389,False,5.26163,5.49027,12.263,0.914996,2.68609,0.803282,2.3199,0.798357,2.31786,3.56617,3.69479e-06,0.886994,0.968523,0.978157,0.789119,1.09052,1.16157,1.18197,1.07096,2592,,,,,,,63.4634,159.151,155.166,34.7036,10,2.02203,,41.9468,26.2168,0.789119,7.9329,0.822657,1.62335,4.31312,4.33336,1.10024,2.27656,0.48094,1.38715,4608
imx708_warm_s-1_uw,imx708,warm,-1,uw,D,D,raw,T2,1.19439e+06,1135418,0.760498,True,0.98637,0.426006,0.757683,0.633845,2.30067,0.653173,0.431436,0.98738,0.989049,0.0994758,0.143366,92,,2.2126e-05,-0.0191499,-0.0173175,-0.0362287,False,3.1655,2.9997,5.43166,0.563273,1.82802,0.416222,1.3205,0.417236,1.31934,2.56114,7.38959e-07,0.909129,0.971742,0.977376,0.859283,0.997481,1.04839,1.07212,0.98637,2592,,,,,,,39.0446,66.3619,73.568,15.7339,10,2.36025,,21.0388,13.1493,0.859283,6.22753,0.659841,1.2926,3.35352,3.35958,0.950754,1.60227,0.373152,1.6085,4608
imx708_warm_s-1_uw,imx708,warm,-1,uw,D,D,raw,T3,2.38879e+06,2466991,1.65238,True,0.83276,0.416449,0.47519,0.487906,1.83822,0.512811,0.410501,0.993308,0.994204,0.121184,0.144485,97,,0.00359182,-0.0141283,-0.0118849,-0.0240707,False,2.4716,2.17974,3.10147,0.448115,1.62194,0.255535,0.95776,0.257636,0.967217,2.28674,0,0.956291,1.05481,1.07037,0.992795,0.857293,0.843944,0.853471,0.83276,2592,,,,,,,13.2231,30.9576,27.3945,8.40852,10,1.80379,,9.683,6.05187,0.992795,5.07405,0.528778,1.00598,2.38594,2.39134,0.76375,1.146,0.365838,1.32995,4608
imx708_warm_s-1_uw,imx708,warm,-1,uw,D,D,raw,50kB,50000,49253,0.0329895,True,7.82702,56.8877,52.6375,50.955,62.6259,59.3509,42.3229,0.831399,0.733271,0.083927,0.118958,1,,4.32312,5.6964,5.67713,0.2176,False,64.4574,71.9804,87.3015,41.7827,149.845,114.992,299.338,113.211,299.46,179.55,0,16.3279,20.3519,20.8304,7.80887,16.3414,20.3635,20.828,7.82702,2592,,,,,,,431.729,755.806,897.437,217.634,10,70.5116,,485.003,303.127,7.80887,411.677,57.9024,36.4951,95.2224,95.1282,12.8904,117.165,63.9549,99.6431,4608
imx708_warm_s-1_uw,imx708,warm,-1,uw,D2,D2/modular,raw,T1,597197,585808,0.392372,True,1.00366,0.0953489,0.27823,0.215593,1.58341,0.219319,0.0927295,0.983835,0.986775,4.754,0.663786,1.2816,,-0.0144656,-0.020729,-0.0188846,-0.0180393,False,3.51674,2.73935,9.76613,0.183128,0.556417,0.176178,0.574934,0.174969,0.565568,1.11482,4.80323e-06,0.742515,0.867995,0.887785,0.689456,0.991497,1.09353,1.11047,1.00366,2592,,,,,,,32.2137,82.7716,85.5156,13.672,10,0.330198,,40.7776,25.486,0.689456,0.820171,0.178253,1.38184,3.76917,3.77777,1.00384,0.349681,0.0919089,0.271628,4608
imx708_warm_s-1_uw,imx708,warm,-1,uw,D2,D2/modular,raw,T2,1.19439e+06,1181322,0.791245,True,0.908125,0.0737291,0.177126,0.144385,0.459381,0.146616,0.0747902,0.990967,0.991514,5.00775,0.708225,0.6192,,-0.00944754,-0.0117633,-0.0103123,-0.00169123,False,0.861427,0.611469,1.79218,0.128065,0.363766,0.121729,0.366058,0.121646,0.367259,0.500858,0,0.850899,1.02802,1.03426,0.906198,0.904732,0.955035,0.96872,0.908125,2592,,,,,,,19.2155,46.637,56.3254,9.73562,10,0.26666,,20.2213,12.6383,0.906198,0.658478,0.088613,1.11891,2.89082,2.8905,0.851989,0.206894,0.055634,0.196545,4608
imx708_warm_s-1_uw,imx708,warm,-1,uw,D2,D2/modular,raw,T3,2.38879e+06,2398948,1.60681,True,0.583089,0.0531695,0.137331,0.106876,0.459575,0.109237,0.0520985,0.996373,0.997048,5.24223,0.737708,0.2851,,-0.00237414,-0.00769666,-0.00567766,0.00481067,False,0.752086,0.674648,1.60127,0.0912676,0.268696,0.0825658,0.259386,0.0827538,0.258534,0.409244,0,0.986578,1.00283,1.01343,0.992209,0.655081,0.564615,0.57081,0.583089,2592,,,,,,,12.0655,27.2558,30.431,5.19435,10,0.404108,,9.95764,6.22353,0.992209,0.930245,0.101033,0.780423,1.70647,1.71019,0.536314,0.224455,0.0431031,0.315333,4608
imx708_warm_s-1_uw,imx708,warm,-1,uw,D2,D2/modular,raw,50kB,50000,49397,0.0330859,True,1.14813,0.812495,1.65734,1.40863,6.85532,1.46892,0.697539,0.956282,0.898051,1.14636,0.51011,23.8495,,-0.0760846,-0.207638,-0.20599,-0.0618247,False,10.0767,11.8805,23.32,1.36761,5.837,1.6026,6.88506,1.61746,6.95023,6.89918,0.000249399,0.875265,1.15488,1.21331,0.81585,1.16659,1.39643,1.43987,1.14813,2592,,,,,,,168.708,601.578,644.968,77.3209,10,1.6959,,483.59,302.243,0.81585,5.29965,1.07425,3.85165,12.0053,11.9932,1.86024,2.41087,0.581485,4.24842,4608
imx708_warm_s-1_uw,imx708,warm,-1,uw,D,D/red+1.5,raw,T1,597197,604333,0.40478,True,1.02429,0.492293,0.956733,0.902211,2.9714,0.930928,0.472851,0.982507,0.982528,0.0814066,0.115198,"{""R"": 88, ""GB"": 80}",R share 0.30 (eq 0.19),0.0401878,0.0264673,0.0256617,-0.0366871,False,4.49714,4.36978,9.49038,0.936096,2.78813,0.818537,2.43218,0.807509,2.41765,2.84325,1.8474e-06,0.90411,0.965055,0.982789,0.823894,1.09873,1.19457,1.19888,1.02429,2592,,,,,,,63.4634,203.949,175.588,28.7954,10,2.08764,,39.5277,24.7048,0.823894,5.62724,0.659598,1.67887,4.46631,4.47675,1.01915,1.82272,0.409606,1.5581,4608
imx708_warm_s-1_uw,imx708,warm,-1,uw,D,D/red+1.5,raw,T2,1.19439e+06,1202490,0.805423,True,0.922077,0.416995,0.590213,0.57848,2.05725,0.608435,0.42813,0.988283,0.988809,0.0923527,0.128499,"{""R"": 95, ""GB"": 90}",R share 0.36 (eq 0.23),-0.000479066,-0.0195225,-0.0177142,-0.0311585,False,2.74315,2.53213,3.57186,0.566697,1.84927,0.418633,1.34884,0.417828,1.33168,2.42024,0,0.90953,0.978918,0.977691,0.880112,1.01746,1.0724,1.07113,0.922077,2592,,,,,,,43.5162,82.9545,101.337,13.6545,10,1.98671,,19.8653,12.4158,0.880112,5.19161,0.485406,1.35969,3.56392,3.57429,0.867633,1.2979,0.36441,1.33326,4608
imx708_warm_s-1_uw,imx708,warm,-1,uw,D,D/red+1.5,raw,T3,2.38879e+06,2565349,1.71826,False,0.493575,0.414462,0.463918,0.486098,1.81449,0.515971,0.408622,0.994954,0.994583,0.122985,0.14173,"{""R"": 99, ""GB"": 96}",R share 0.40 (eq 0.26),0.00270308,-0.0161341,-0.0138071,-0.0205453,False,2.44338,2.13662,2.98098,0.447402,1.6336,0.256735,0.969408,0.260136,0.975316,2.23115,0,0.916113,1.00012,1.01262,0.995594,0.886882,0.914389,0.925074,0.493575,2592,,,,,,,18.1715,37.76,37.8535,4.5355,10,1.74781,,9.31174,5.81984,0.995594,4.95718,0.459308,1.08078,2.67492,2.67815,0.458703,1.23803,0.356363,1.28854,4608
imx708_warm_s-1_uw,imx708,warm,-1,uw,D,D/red+1.5,raw,50kB,50000,55056,0.0368763,False,1.67671,47.257,9.05687,43.3381,58.4352,50.534,39.6048,0.831783,0.760773,0.0692888,0.110735,"{""R"": 14, ""GB"": 1}",R share 0.32 (eq 0.24),4.32312,5.6964,5.67713,-0.0948448,False,62.7392,63.3927,66.4207,41.7827,149.845,114.992,299.338,113.211,299.46,18.8889,0.000323664,16.3279,20.3519,20.8304,1.45022,16.3414,20.3635,20.828,1.67671,2592,,,,,,,431.729,755.806,897.437,68.9842,10,70.1692,,433.883,271.177,1.45022,35.4146,7.82214,36.4951,95.2224,95.1282,2.39136,94.7449,49.3446,82.5147,4608
imx708_warm_s-1_uw,imx708,warm,-1,uw,D,D/red+2,raw,T1,597197,578278,0.387328,True,1.0062,0.477214,0.794627,0.902872,2.78175,0.952305,0.487878,0.982147,0.9805,0.0824695,0.129154,"{""R"": 90, ""GB"": 76}",R share 0.39 (eq 0.19),-0.00489322,-0.0257654,-0.0150529,-0.0389706,False,4.06953,3.90894,7.53228,1.09358,2.77768,1.01308,2.51739,1.01077,2.51219,2.57923,1.47792e-06,0.888476,0.965324,0.973405,0.824245,1.11784,1.22122,1.22815,1.0062,2592,,,,,,,76.3327,241.785,175.588,26.8044,10,2.40284,,41.3086,25.8179,0.824245,6.01435,0.573244,1.77206,4.7559,4.75999,0.983276,1.78385,0.397114,1.65091,4608
imx708_warm_s-1_uw,imx708,warm,-1,uw,D,D/red+2,raw,T2,1.19439e+06,1185659,0.79415,True,0.892531,0.433633,0.482613,0.606789,2.03466,0.642042,0.437271,0.988478,0.98837,0.0972092,0.127644,"{""R"": 96, ""GB"": 88}",R share 0.44 (eq 0.23),0.00918358,-0.0041997,-0.00824405,-0.0273128,False,2.76916,2.48127,3.49035,0.668139,2.07173,0.529325,1.6175,0.530042,1.60026,2.33395,0,0.913422,0.980339,0.972779,0.956003,1.0401,1.11132,1.10732,0.892531,2592,,,,,,,57.3711,94.9586,96.2425,9.91682,10,1.81321,,20.1473,12.5921,0.956003,5.08989,0.617547,1.43452,3.77783,3.7882,0.825297,1.21373,0.356221,1.33325,4608
imx708_warm_s-1_uw,imx708,warm,-1,uw,D,D/red+2,raw,T3,2.38879e+06,2260637,1.51417,False,0.371524,0.40843,0.447089,0.504317,1.84541,0.535546,0.40224,0.994406,0.99351,0.120765,0.140264,"{""R"": 100, ""GB"": 94}",R share 0.50 (eq 0.26),0.0017848,-0.0197758,-0.0197655,-0.0216211,False,2.49635,2.19392,3.03537,0.496714,1.69923,0.319502,1.1214,0.319466,1.11316,2.23456,0,0.90681,0.967265,0.975126,0.930633,0.931789,0.995864,1.01271,0.371524,2592,,,,,,,27.7105,50.4074,66.1497,3.04335,10,1.75412,,10.5669,6.6043,0.930633,4.86309,0.537518,1.1962,3.0657,3.06653,0.34187,1.24993,0.361192,1.27898,4608
imx708_warm_s-1_uw,imx708,warm,-1,uw,D,D/red+2,raw,50kB,50000,61145,0.0409547,False,1.61196,47.6104,5.40157,43.7228,59.6049,50.1911,39.7912,0.836508,0.770281,0.0817632,0.117808,"{""R"": 25, ""GB"": 1}",R share 0.39 (eq 0.24),4.32312,5.6964,5.67713,-0.00436613,False,61.6802,62.7236,65.8116,41.7827,149.845,114.992,299.338,113.211,299.46,11.0615,0.000111952,16.3279,20.3519,20.8304,1.39884,16.3414,20.3635,20.828,1.61196,2592,,,,,,,431.729,755.806,897.437,67.7306,10,70.1693,,390.676,244.172,1.39884,20.8593,5.25336,36.4951,95.2224,95.1282,1.76013,93.2834,49.3497,78.3533,4608
imx708_warm_s-1_uw,imx708,warm,-1,uw,D,D/3pl,raw,T1,597197,591527,0.396202,True,1.02429,0.456864,0.956733,0.80642,3.44588,0.835844,0.474806,0.982021,0.976717,0.0674885,0.11282,88,,0.00918358,0.297567,0.188043,-0.0366871,False,5.05182,4.8873,10.305,0.668139,2.07173,0.882342,4.8937,0.896367,4.9306,2.84325,1.8474e-06,0.913422,0.961144,0.968961,0.823894,1.0401,1.14436,1.16454,1.02429,2592,,,,,,,57.3711,323.146,330.813,28.7954,10,2.33862,,40.3834,25.2396,0.823894,5.62724,0.659598,1.43452,6.95629,6.97436,1.01915,1.76875,0.39466,1.77783,4608
imx708_warm_s-1_uw,imx708,warm,-1,uw,D,D/3pl,raw,T2,1.19439e+06,1253914,0.839867,True,0.922077,0.455741,0.590213,0.570754,2.47046,0.596986,0.485627,0.987111,0.981202,0.0815538,0.120373,95,,0.00209961,0.284916,0.175536,-0.0311585,False,3.28377,3.04161,4.13935,0.49893,1.70058,0.721296,4.84816,0.753327,4.84752,2.42024,0,0.904153,0.941723,0.952035,0.880112,0.904242,1.05015,1.07438,0.922077,2592,,,,,,,22.0642,312.944,290.407,13.6545,10,2.29319,,19.0506,11.9067,0.880112,5.19161,0.485406,1.13993,6.64883,6.64321,0.867633,1.61265,0.379867,1.65198,4608
imx708_warm_s-1_uw,imx708,warm,-1,uw,D,D/3pl,raw,T3,2.38879e+06,2164621,1.44985,False,0.719568,0.435928,0.46511,0.48635,2.2934,0.513121,0.460331,0.991324,0.98462,0.112334,0.14681,98,bracketed (integer knob): metrics interpolated,0.00682026,0.285969,0.176542,-0.0198585,False,3.01935,2.72905,3.64012,0.449763,1.60246,0.677629,4.84665,0.727052,4.84889,2.23642,0,1.02065,0.964723,0.96343,1.05987,0.791555,0.985544,0.992796,0.719568,2592,,,,,,,10.5162,297.159,297.842,6.40852,10,2.10888,,11.0356,6.89724,1.05987,5.02548,0.477752,0.908153,6.47685,6.46778,0.658477,1.3096,0.366427,1.58267,4608
imx708_warm_s-1_uw,imx708,warm,-1,uw,D,D/3pl,raw,T3,2.38879e+06,2833759,1.89804,False,0.493575,0.439919,0.463918,0.486771,2.3084,0.512352,0.461293,0.993207,0.986198,0.138005,0.158558,99,bracketed (integer knob): metrics interpolated,0.00924814,0.288192,0.178763,-0.0205453,False,3.04029,2.77655,3.6173,0.447368,1.59432,0.68118,4.83161,0.728962,4.83811,2.23115,0,1.02076,0.962627,0.953076,0.995594,0.607017,0.904848,0.925245,0.493575,2592,,,,,,,7.71225,294.76,298.065,4.5355,10,2.09265,,8.42975,5.26859,0.995594,4.95718,0.459308,0.692649,6.3868,6.37963,0.458703,1.50924,0.367976,1.5746,4608
imx708_warm_s-1_uw,imx708,warm,-1,uw,D,D/3pl,raw,50kB,50000,48837,0.0327108,True,4.17767,13.2072,24.0614,18.714,30.1494,19.7428,11.4446,0.9273,0.862774,0.0502008,0.109243,6,,0.621307,0.933162,0.823626,0.951141,False,31.2968,38.545,43.4068,18.9039,38.0269,16.6708,37.5156,16.6752,38.121,49.2363,0.000951409,4.31619,3.88109,3.88306,4.06019,4.4234,4.01698,4.03293,4.17767,2592,,,,,,,232.424,656.792,624.792,103.919,10,29.1989,,489.135,305.709,4.06019,83.4929,22.7474,7.83936,18.6371,18.5452,4.53289,41.315,12.8324,44.3022,4608
imx708_warm_s-1_uw,imx708,warm,-1,uw,D,D/tiled,raw,T1,597197,573066,0.383837,True,1.07096,0.534689,1.3204,1.05322,3.46819,1.06498,0.49543,0.981947,0.982717,0.0513319,0.0931871,82,,0.0299923,0.0138625,0.0128341,-0.0282389,False,5.26163,5.49027,12.263,0.914996,2.68609,0.803282,2.3199,0.798357,2.31786,3.56617,3.69479e-06,0.886994,0.968523,0.978157,0.789119,1.09052,1.16157,1.18197,1.07096,2592,,,,,,,63.4634,159.151,155.166,34.7036,10,2.02203,,41.6843,26.0527,0.789119,7.9329,0.822657,1.62335,4.31312,4.33336,1.10024,2.27656,0.48094,1.38715,4608
imx708_warm_s-1_uw,imx708,warm,-1,uw,D,D/tiled,raw,T2,1.19439e+06,1137440,0.761853,True,0.98637,0.426006,0.757683,0.633845,2.30067,0.653173,0.431436,0.98738,0.989049,0.0665282,0.110997,92,,2.2126e-05,-0.0191499,-0.0173175,-0.0362287,False,3.1655,2.9997,5.43166,0.563273,1.82802,0.416222,1.3205,0.417236,1.31934,2.56114,7.38959e-07,0.909129,0.971742,0.977376,0.859283,0.997481,1.04839,1.07212,0.98637,2592,,,,,,,39.0446,66.3619,73.568,15.7339,10,2.36025,,21.0014,13.1259,0.859283,6.22753,0.659841,1.2926,3.35352,3.35958,0.950754,1.60227,0.373152,1.6085,4608
imx708_warm_s-1_uw,imx708,warm,-1,uw,D,D/tiled,raw,T3,2.38879e+06,2472683,1.65619,True,0.83276,0.416449,0.47519,0.487906,1.83822,0.512811,0.410501,0.993308,0.994204,0.0930209,0.116263,97,,0.00359182,-0.0141283,-0.0118849,-0.0240707,False,2.4716,2.17974,3.10147,0.448115,1.62194,0.255535,0.95776,0.257636,0.967217,2.28674,0,0.956291,1.05481,1.07037,0.992795,0.857293,0.843944,0.853471,0.83276,2592,,,,,,,13.2231,30.9576,27.3945,8.40852,10,1.80379,,9.66071,6.03794,0.992795,5.07405,0.528778,1.00598,2.38594,2.39134,0.76375,1.146,0.365838,1.32995,4608
imx708_warm_s-1_uw,imx708,warm,-1,uw,D,D/tiled,raw,50kB,50000,48571,0.0325327,True,7.82702,56.8877,52.6375,50.955,62.6259,59.3509,42.3229,0.831399,0.733271,0.0411055,0.0868077,1,,4.32312,5.6964,5.67713,0.2176,False,64.4574,71.9804,87.3015,41.7827,149.845,114.992,299.338,113.211,299.46,179.55,0,16.3279,20.3519,20.8304,7.80887,16.3414,20.3635,20.828,7.82702,2592,,,,,,,431.729,755.806,897.437,217.634,10,70.5116,,491.813,307.383,7.80887,411.677,57.9024,36.4951,95.2224,95.1282,12.8904,117.165,63.9549,99.6431,4608
imx708_warm_s-1_uw,imx708,warm,-1,uw,D2,D2/modular/red+1.5,raw,T1,597197,594934,0.398484,True,0.971669,0.0878845,0.236493,0.219493,2.2502,0.225131,0.0982836,0.985191,0.986533,4.58122,0.643299,"{""R"": 0.9193, ""GB"": 1.5036}",R share 0.33 (eq 0.22),-0.0139946,-0.021426,-0.0198896,-0.000272623,False,4.69077,3.67317,9.94555,0.227846,0.687361,0.221335,0.71703,0.224896,0.715133,1.47511,1.47792e-06,0.753428,0.877288,0.891551,0.74727,1.00896,1.11663,1.12632,0.971669,2592,,,,,,,34.6937,108.76,148.26,15.2013,10,0.261742,,40.1521,25.0951,0.74727,0.647421,0.118492,1.45291,3.97536,3.99283,0.945126,0.231603,0.0769375,0.234569,4608
imx708_warm_s-1_uw,imx708,warm,-1,uw,D2,D2/modular/red+1.5,raw,T2,1.19439e+06,1194172,0.799852,True,0.782307,0.0671934,0.168643,0.152465,0.884743,0.154312,0.0657462,0.991395,0.99149,4.40135,0.665074,"{""R"": 0.429, ""GB"": 0.7451}",R share 0.39 (eq 0.26),-0.00950355,-0.0135675,-0.0127251,0.00146122,False,1.80043,1.61266,4.53628,0.151371,0.474665,0.146098,0.481925,0.145022,0.479755,0.630466,0,0.817071,0.969876,0.987802,1.0158,0.935457,1.01808,1.02721,0.782307,2592,,,,,,,24.2716,59.0553,49.1694,9.16401,10,0.183843,,20.0037,12.5023,1.0158,0.47959,0.0922774,1.18885,3.13758,3.14197,0.727639,0.155094,0.0482326,0.254757,4608
imx708_warm_s-1_uw,imx708,warm,-1,uw,D2,D2/modular/red+1.5,raw,T3,2.38879e+06,2409904,1.61414,True,0.299579,0.0577283,0.0969946,0.10141,0.305954,0.103367,0.0571317,0.997066,0.997014,4.85455,0.706701,"{""R"": 0.1492, ""GB"": 0.36}",R share 0.41 (eq 0.27),-0.00383622,-0.00763135,-0.00829722,0.00245641,False,0.506663,0.430858,0.83099,0.113799,0.332058,0.107636,0.332389,0.107174,0.326669,0.274033,0,0.967163,1.03953,1.04164,0.878301,0.745161,0.689263,0.698357,0.299579,2592,,,,,,,13.8051,38.8701,29.7029,2.96025,10,0.26007,,9.91237,6.19523,0.878301,0.514142,0.0739396,0.894792,2.04382,2.04458,0.270286,0.136144,0.042278,0.256629,4608
imx708_warm_s-1_uw,imx708,warm,-1,uw,D2,D2/modular/red+1.5,raw,50kB,50000,52191,0.0349573,True,1.08028,0.625191,1.38856,1.25701,6.30369,1.32763,0.546496,0.956331,0.897746,1.82467,0.452613,"{""R"": 16.0953, ""GB"": 25.0}",R share 0.22 (eq 0.15),-0.0759731,-0.208578,-0.205981,-0.0556185,False,9.45723,11.4538,22.4882,1.3838,6.00058,1.65759,7.12601,1.6534,7.20578,5.10216,7.42654e-05,0.939271,1.16585,1.13053,0.708435,1.22121,1.43545,1.39222,1.08028,2592,,,,,,,173.594,593.182,638.937,76.8085,10,1.59816,,457.701,286.063,0.708435,3.01191,0.848765,3.90634,12.1618,12.1329,1.73456,1.80432,0.366833,2.54647,4608
imx708_warm_s-1_uw,imx708,warm,-1,uw,D2,D2/modular/red+2,raw,T1,597197,588863,0.394418,True,0.940213,0.0869574,0.223005,0.228679,1.47585,0.233971,0.0932524,0.985511,0.986151,4.06754,0.632474,"{""R"": 0.7125, ""GB"": 1.8622}",R share 0.43 (eq 0.22),-0.0160343,-0.0276136,-0.0249167,0.000277773,False,2.94646,2.65637,6.38602,0.251758,0.741,0.24695,0.77751,0.246132,0.772508,1.01423,0,0.740707,0.86631,0.893674,0.82169,1.01882,1.13147,1.14685,0.940213,2592,,,,,,,39.7201,111.772,98.8235,13.3032,10,0.363881,,40.5661,25.3538,0.82169,0.781346,0.107319,1.55106,4.24855,4.26608,0.890841,0.296666,0.0698138,0.267804,4608
imx708_warm_s-1_uw,imx708,warm,-1,uw,D2,D2/modular/red+2,raw,T2,1.19439e+06,1189927,0.797008,True,0.618539,0.0899318,0.130897,0.150388,0.457096,0.154918,0.0812215,0.991806,0.990993,4.44731,0.665728,"{""R"": 0.3066, ""GB"": 0.9803}",R share 0.52 (eq 0.26),-0.0120448,-0.0170926,-0.0164376,0.00556558,False,0.733473,0.57016,1.05204,0.172811,0.525605,0.165687,0.537535,0.164447,0.535822,0.390617,0,0.797203,0.915544,0.921972,0.984955,0.968217,1.06137,1.08811,0.618539,2592,,,,,,,29.0753,66.4967,69.1992,5.20993,10,0.522102,,20.0751,12.5469,0.984955,1.08881,0.0969255,1.28638,3.46871,3.47271,0.566124,0.290559,0.0484729,0.406371,4608
imx708_warm_s-1_uw,imx708,warm,-1,uw,D2,D2/modular/red+2,raw,T3,2.38879e+06,2419061,1.62028,True,0.125706,0.0518708,0.0686255,0.0952182,0.264726,0.0986917,0.0506879,0.996222,0.995594,4.91632,0.707494,"{""R"": 0.0655, ""GB"": 0.4918}",R share 0.56 (eq 0.27),-0.00724986,-0.00951111,-0.00775929,0.00210009,False,0.403977,0.353006,0.610057,0.124875,0.351995,0.118725,0.354958,0.119199,0.35465,0.191112,0,0.925071,1.06828,1.07453,0.825628,0.864523,0.861824,0.87522,0.125706,2592,,,,,,,16.6398,50.87,49.816,1.40457,10,0.306685,,9.87485,6.17178,0.825628,0.576277,0.062057,1.03865,2.56261,2.55884,0.118923,0.147879,0.0342705,0.235975,4608
imx708_warm_s-1_uw,imx708,warm,-1,uw,D2,D2/modular/red+2,raw,50kB,50000,55878,0.0374269,False,1.06777,0.620324,1.20038,1.1896,5.86414,1.25983,0.581435,0.956733,0.899321,1.85113,0.501611,"{""R"": 11.6366, ""GB"": 25.0}",R share 0.27 (eq 0.15),-0.0759731,-0.208578,-0.205981,-0.047989,False,8.72982,11.0097,22.0674,1.3838,6.00058,1.65759,7.12601,1.6534,7.20578,4.27157,5.09882e-05,0.939271,1.16585,1.13053,0.689893,1.22121,1.43545,1.39222,1.06777,2592,,,,,,,173.594,593.182,638.937,69.8616,10,1.84858,,427.5,267.188,0.689893,2.72058,0.571449,3.90634,12.1618,12.1329,1.6178,1.03225,0.346105,2.83602,4608
imx708_warm_s-1_uw,imx708,warm,-1,uw,D2,D2/modular/3pl,raw,T1,597197,606543,0.40626,True,0.962142,0.201405,0.227631,0.295848,1.29713,0.340409,0.209504,0.984897,0.979556,3.66627,0.504431,0.8495,,-0.0108781,0.286208,0.176891,-0.00171908,False,2.79336,2.03203,7.21121,0.152197,0.473057,0.679236,4.8141,0.754626,4.8189,1.04315,1.47792e-06,0.807082,0.885887,0.893117,0.777012,0.956882,1.07671,1.09597,0.962142,2592,,,,,,,30.792,294.605,310.137,12.3187,10,0.750988,,39.3836,24.6148,0.777012,0.878875,0.123195,1.22972,6.78577,6.79152,0.928001,0.487892,0.153561,0.52191,4608
imx708_warm_s-1_uw,imx708,warm,-1,uw,D2,D2/modular/3pl,raw,T2,1.19439e+06,1193683,0.799524,True,0.773132,0.171188,0.168241,0.224273,1.66111,0.258545,0.182161,0.989746,0.983167,3.40962,0.534028,0.4263,,-0.00566306,0.28862,0.179248,0.000917123,False,2.68339,2.54117,5.65775,0.112148,0.325566,0.669,4.81287,0.751384,4.82702,0.6492,0,0.932593,0.924458,0.948353,1.00422,0.812877,0.987503,1.01628,0.773132,2592,,,,,,,14.1531,300.393,292.258,8.47659,10,0.641027,,20.0119,12.5074,1.00422,0.507846,0.0924352,0.971057,6.54639,6.54431,0.718496,0.40767,0.135439,0.485089,4608
imx708_warm_s-1_uw,imx708,warm,-1,uw,D2,D2/modular/3pl,raw,T3,2.38879e+06,2322354,1.5555,True,0.387328,0.159529,0.123764,0.206927,1.04803,0.244573,0.167787,0.993942,0.986728,3.75786,0.631224,0.1889,,-0.00222229,0.292189,0.182796,0.00398994,False,1.63722,1.38956,2.45036,0.083762,0.250426,0.670945,4.83636,0.749135,4.81808,0.357567,0,0.931469,0.908919,0.911095,0.912903,0.470521,0.838647,0.863202,0.387328,2592,,,,,,,6.43563,300.393,293.399,4.61526,10,0.524198,,10.2861,6.42879,0.912903,0.827985,0.0859772,0.549896,6.34218,6.34036,0.360799,0.351765,0.115977,0.395657,4608
imx708_warm_s-1_uw,imx708,warm,-1,uw,D2,D2/modular/3pl,raw,50kB,50000,50253,0.0336593,True,1.07875,0.58432,1.38927,1.22474,5.86756,1.28532,0.510745,0.959701,0.912058,3.11235,0.441485,16.2274,,-0.0546702,0.164329,0.0544117,-0.05584,False,9.07663,11.3584,23.2071,1.10395,3.95803,1.40048,6.20292,1.42568,6.01714,5.10791,7.27874e-05,0.780952,1.06223,1.11005,0.708435,1.13336,1.33756,1.38152,1.07875,2592,,,,,,,158.508,496.888,585.332,77.0015,10,1.83778,,475.352,297.095,0.708435,3.01191,0.84634,3.52327,11.5675,11.5077,1.73848,2.10618,0.403469,2.13221,4608
imx708_warm_s-1_uw,imx708,warm,-1,uw,D2,D2/modular/tiled,raw,T1,597197,596133,0.399287,True,1.00276,0.0945751,0.276308,0.215428,1.59294,0.220091,0.0920876,0.983944,0.986901,4.26165,0.579829,1.26,,-0.0140914,-0.0208199,-0.0186571,-0.0177188,False,3.51739,2.80248,9.79476,0.182543,0.554622,0.175319,0.57245,0.173585,0.567569,1.11585,4.06427e-06,0.761153,0.868423,0.890159,0.697905,0.992187,1.09729,1.10718,1.00276,2592,,,,,,,33.0198,81.3158,83.0524,14.1361,10,0.3216,,40.0714,25.0446,0.697905,0.751841,0.190148,1.3769,3.74473,3.75794,1.00133,0.316771,0.0930044,0.242548,4608
imx708_warm_s-1_uw,imx708,warm,-1,uw,D2,D2/modular/tiled,raw,T2,1.19439e+06,1191528,0.798081,True,0.908125,0.0737291,0.177251,0.144468,0.458555,0.14662,0.0747902,0.990956,0.991514,5.22372,0.728795,0.6165,,-0.00940089,-0.0118047,-0.0103973,-0.0016279,False,0.858948,0.61136,1.79328,0.12824,0.363677,0.121553,0.366058,0.12175,0.3676,0.500639,0,0.850899,1.02802,1.03426,0.906198,0.904732,0.955035,0.96872,0.908125,2592,,,,,,,19.2155,46.637,56.3254,9.73562,10,0.26666,,20.0481,12.5301,0.906198,0.658478,0.088613,1.11913,2.89111,2.89149,0.852288,0.206894,0.055634,0.196545,4608
imx708_warm_s-1_uw,imx708,warm,-1,uw,D2,D2/modular/tiled,raw,T3,2.38879e+06,2371568,1.58847,True,0.588949,0.0530528,0.133828,0.106016,0.419704,0.10802,0.051599,0.996279,0.996949,5.50803,0.710975,0.2907,,-0.003063,-0.00830976,-0.00574943,0.00393841,False,0.691751,0.584143,1.32647,0.0915759,0.269661,0.0825362,0.260205,0.0827687,0.258932,0.393326,0,0.988006,0.992569,1.01024,0.974958,0.661685,0.569705,0.57828,0.588949,2592,,,,,,,12.0655,27.2558,31.6333,5.11093,10,0.410209,,10.0726,6.29538,0.974958,0.974347,0.0836711,0.785534,1.72261,1.72705,0.541653,0.232425,0.0419394,0.320723,4608
imx708_warm_s-1_uw,imx708,warm,-1,uw,D2,D2/modular/tiled,raw,50kB,50000,49073,0.0328689,True,1.15975,0.795899,1.66832,1.42402,7.04095,1.48137,0.751908,0.955441,0.898365,1.02777,0.413415,23.1071,,-0.0708116,-0.209427,-0.233618,-0.0502351,False,10.7694,12.1295,23.2977,1.36496,5.81358,1.61361,6.76923,1.62961,6.95626,7.08823,0.00027711,0.946931,1.1335,1.18189,0.838356,1.24625,1.39349,1.42265,1.15975,2592,,,,,,,170.351,602.529,646.715,77.5112,10,2.80466,,486.782,304.239,0.838356,7.0417,1.16652,3.83738,11.932,12.0933,1.90846,1.67756,0.605375,2.45705,4608
imx708_warm_s-1_uw,imx708,warm,-1,uw,D-j,D-j,raw,T1,597197,593412,0.397465,True,1.05282,0.551699,1.27219,0.983134,4.10655,1.00449,0.548805,0.982053,0.983815,0.117011,0.160099,84,,-0.00595092,-0.0409123,-0.041901,-0.0474328,False,6.31733,7.89326,16.2989,0.834696,2.58772,0.687631,2.1761,0.690793,2.16643,3.65362,3.69479e-07,0.84509,0.918434,0.924614,0.741769,1.05713,1.13205,1.13219,1.05282,2592,,,,,,,80.9989,266.208,255.158,47.0832,10,2.75988,,40.2551,25.1595,0.741769,8.34735,0.864906,1.58907,4.28927,4.30914,1.07914,2.25103,0.491672,2.08166,4608
imx708_warm_s-1_uw,imx708,warm,-1,uw,D-j,D-j,raw,T2,1.19439e+06,1180938,0.790987,True,0.955564,0.417265,0.719488,0.573683,3.52573,0.594211,0.418592,0.987484,0.989619,0.147418,0.175157,93,,-0.00829432,-0.0383114,-0.0382907,-0.0522255,False,5.21508,6.66301,12.9658,0.510143,1.74994,0.326333,1.15237,0.327687,1.15026,2.73631,3.69479e-07,0.834815,0.888071,0.899132,0.739563,0.947414,1.0141,1.02438,0.955564,2592,,,,,,,42.6851,128.586,118.61,26.8044,10,1.93999,,20.2279,12.6424,0.739563,5.58167,0.573373,1.25311,3.26863,3.27786,0.924267,1.52365,0.382021,1.39328,4608
imx708_warm_s-1_uw,imx708,warm,-1,uw,D-j,D-j,raw,T3,2.38879e+06,2179095,1.45955,False,0.815617,0.413779,0.578129,0.498983,2.57176,0.521524,0.421241,0.992938,0.994334,0.226025,0.197311,97,bracketed (integer knob): metrics interpolated,-0.00358601,-0.0252216,-0.0254726,-0.0412628,False,3.49158,3.84871,7.51942,0.45167,1.6583,0.257491,0.972208,0.258994,0.978509,2.42285,0,0.827294,0.872998,0.891599,0.79489,0.828939,0.807891,0.810304,0.815617,2592,,,,,,,22.5539,57.6098,66.5696,15.7339,10,1.94276,,10.9623,6.85143,0.79489,5.20902,0.690761,0.993028,2.3264,2.33865,0.751493,1.32285,0.363978,1.36969,4608
imx708_warm_s-1_uw,imx708,warm,-1,uw,D-j,D-j,raw,T3,2.38879e+06,2637989,1.76691,False,0.701987,0.414816,0.564888,0.495319,2.2759,0.521004,0.419352,0.995107,0.996298,0.21901,0.21493,98,bracketed (integer knob): metrics interpolated,-0.00135721,-0.0229175,-0.0206131,-0.0363264,False,2.94069,3.21292,5.37783,0.449273,1.65448,0.255609,0.967959,0.258525,0.964381,2.3904,0,0.857573,0.886271,0.884206,0.829204,0.741403,0.650868,0.669708,0.701987,2592,,,,,,,16.0227,30.3309,39.9283,11.5455,10,1.96028,,9.05533,5.65958,0.829204,5.34417,0.570823,0.87375,1.892,1.89139,0.638677,1.44385,0.365051,1.31119,4608
imx708_warm_s-1_uw,imx708,warm,-1,uw,D-j,D-j,raw,50kB,50000,50201,0.0336244,True,3.7967,11.2268,20.634,13.3812,34.6935,16.993,9.66805,0.923447,0.857439,0.102879,0.156316,7,,0.507148,0.349958,0.376563,0.41957,False,36.326,41.4788,44.6356,16.3444,32.2795,15.6213,33.1839,15.6761,32.7651,41.0927,0.00034768,4.06152,3.77587,3.94002,3.71444,4.09472,3.8918,3.99942,3.7967,2592,,,,,,,228.64,754.955,696.626,83.4374,10,33.7847,,475.845,297.403,3.71444,58.8049,23.066,7.26741,17.6861,17.5872,4.15205,50.8548,11.2002,37.5861,4608
imx708_warm_s-1_uw,imx708,warm,-1,uw,L,L,raw,T1,597197,603271,0.404068,True,0.776711,0.185443,0.312929,0.400651,1.24308,0.413544,0.161707,0.987624,0.983085,1.25256,0.21076,0.326,,0.00720321,0.056013,-0.0534987,-0.00987013,False,2.09526,1.61411,4.20958,0.467032,1.39888,0.581104,4.77514,0.574788,4.81795,0.954032,3.69479e-07,0.857314,1.01968,1.02327,0.671856,1.07025,1.12403,1.13019,0.776711,2592,,,,,,,73.2247,300.221,294.773,14.4732,10,0.711687,,39.5972,24.7483,0.671856,1.27707,0.143485,1.48385,6.67554,6.68177,0.766344,0.3171,0.0956046,0.658789,4608
imx708_warm_s-1_uw,imx708,warm,-1,uw,L,L,raw,T2,1.19439e+06,1211513,0.811467,True,0.498063,0.141265,0.208198,0.257774,0.835537,0.264671,0.124897,0.991714,0.98559,1.45954,0.245095,0.1816,,0.00772219,0.0526362,-0.0568152,-0.00830647,False,1.39179,1.11465,3.39874,0.300613,0.905831,0.452306,4.74562,0.450819,4.82231,0.641774,0,0.853393,0.953662,0.949635,0.739275,0.992665,0.989831,1.00544,0.498063,2592,,,,,,,52.6517,298.99,304.464,9.94929,10,0.770703,,19.7174,12.3234,0.739275,1.4328,0.119721,1.26532,6.50144,6.49196,0.534989,0.283782,0.083598,0.574336,4608
imx708_warm_s-1_uw,imx708,warm,-1,uw,L,L,raw,T3,2.38879e+06,2371674,1.58854,True,0.234627,0.111363,0.15218,0.162407,0.551546,0.168571,0.109322,0.994655,0.987243,1.64857,0.246833,0.0863,,0.0064796,0.0483208,-0.0610837,-0.00685883,False,0.981971,0.759077,2.72766,0.189749,0.555294,0.373766,4.75094,0.375727,4.81368,0.463391,0,0.842389,0.855649,0.850699,0.796941,0.77862,0.823979,0.827541,0.234627,2592,,,,,,,27.1646,294.236,295.764,4.89926,10,0.640987,,10.0722,6.2951,0.796941,1.3135,0.136176,0.953456,6.31068,6.30855,0.236106,0.246196,0.0749361,0.470576,4608
imx708_warm_s-1_uw,imx708,warm,-1,uw,L,L,raw,50kB,50000,49300,0.0330209,True,1.14139,0.934123,1.23069,1.6105,4.73582,1.67693,0.860632,0.970315,0.963081,1.37563,0.192874,3.626,,0.0786291,-0.0947946,-0.205394,-0.00745172,False,7.47396,5.81864,10.8828,2.17254,5.98003,1.85718,7.4684,1.85264,7.39855,3.55352,9.23698e-05,1.37987,1.44705,1.49473,0.815175,1.56843,1.66298,1.69077,1.14139,2592,,,,,,,170.222,545.473,387.021,40.1679,10,2.44977,,484.541,302.838,0.815175,5.34832,0.902237,2.56131,8.52196,8.16517,1.17873,1.90116,0.579311,4.1725,4608
imx708_warm_s-1_uw_field,imx708,warm,-1,uw,M1,field-1000x562,processed,50kB,50000,48973,0.272072,True,0.99429,0.737674,0.586978,0.938237,2.48045,0.749635,0.761142,0.978687,nan,0.0151845,0.121351,82,,-0.0194874,-0.208446,-0.504349,-0.0216039,False,3.52772,2.26352,3.23601,0.694814,2.14941,0.765594,2.52904,0.865622,2.75265,1.88509,0,0.91988,0.994317,1.01268,0.641964,1.15991,1.22714,1.22948,0.99429,900,,,,,,,69.1695,154.626,144.063,24.4326,10,3.377,,58.8079,36.7549,0.641964,2.82792,0.482244,3.76781,12.5901,12.5295,1.74938,1.06229,0.39131,2.51929,1600
imx708_warm_s-1_uw_field,imx708,warm,-1,uw,D,D,raw,50kB,50000,49298,0.273878,True,1.25843,1.41508,2.92041,2.452,5.94905,1.83367,1.3075,0.962728,nan,0.0453237,0.0570521,38,,0.0986939,0.256122,0.212882,0.0106381,False,8.58907,5.59789,9.17775,1.7704,4.83565,1.18448,3.31269,1.26974,3.47078,6.68893,0.000143558,1.05528,1.2644,1.21544,1.02432,1.30902,1.50417,1.46183,1.25843,900,,,,,,,71.1251,220.849,216.288,33.7279,10,3.23113,,58.4202,36.5126,1.02432,10.2977,2.26223,5.21981,14.4289,14.3341,2.7002,4.4827,1.13035,5.21836,1600
imx708_warm_s-1_uw_field,imx708,warm,-1,uw,D2,D2/modular,raw,50kB,50000,51236,0.284644,True,1.03044,0.229652,0.492304,0.463206,1.62946,0.359613,0.210736,0.977422,nan,0.500738,0.129759,3.6192,,-0.0309627,-0.0255181,0.00324384,-0.0409447,False,2.91509,1.43837,2.62601,0.347859,1.14649,0.242602,0.868293,0.257776,0.893699,1.53371,4.01963e-05,0.735073,0.844904,0.882292,0.655432,1.0507,1.14148,1.17826,1.03044,900,,,,,,,66.7544,123.645,125.766,31.7376,10,0.58223,,56.2105,35.1315,0.655432,1.77897,0.392777,4.22973,10.5207,10.4535,2.2801,0.632053,0.175146,1.08256,1600
imx708_warm_s-1_uw_field,imx708,warm,-1,uw,D2,D2/modular/bin2,raw,50kB,50000,50438,0.280211,True,1.03462,0.382758,0.67911,0.504209,1.93792,0.419388,0.359404,0.948879,nan,0.212892,0.0937942,0.6372,,-0.151845,-0.882983,-0.887235,0.0161525,False,3.09255,1.87948,3.08923,0.451503,3.01145,0.350328,3.49244,0.371914,3.90685,2.89269,0,0.725708,0.840462,0.8368,0.665296,1.03906,1.1358,1.15428,1.03462,900,,,,,,,72.1802,243.918,241.177,28.0344,10,1.6691,,57.0998,35.6874,0.665296,2.74127,0.671606,6.02901,21.7296,21.5503,2.52227,0.636615,0.277864,1.26114,1600
n6_cool_s+0_air,n6,cool,0,air,M0-r1,repeat,floor,floor,,,,,1.40912,0.251743,0.959955,0.557078,1.5202,0.338989,0.317073,0.994927,0.994643,,,,,0.00725945,-0.00209754,-0.0070669,-0.00653718,False,2.26764,1.04985,1.60821,0.969112,2.80229,0.950009,2.85416,0.963664,2.84694,2.76652,3.90625e-06,0.812953,0.833565,0.819981,0.835752,1.40734,1.45624,1.42735,1.40912,800,,,,,,,20,54,56,26,8,1.45976,,,,0.835752,1.19648,0.203253,1.53198,1.83811,1.86023,1.62595,0.214522,0.0831795,0.757231,1280
n6_cool_s+0_air,n6,cool,0,air,M1-q∞,isp-floor,floor,floor,,,,,0.258032,0.176689,0.181245,0.160609,0.500258,0.0995584,0.203947,0.999771,0.999798,,,,,0.0152421,0.0133494,0.0121552,0.0121228,False,0.700504,0.32987,0.55495,0.239775,0.778304,0.337142,1.06359,0.330844,1.0359,0.635087,0,0.818179,0.949905,0.886072,0.852498,0.223916,0.365859,0.356127,0.258032,800,,,,,,,0.614836,1.02312,1.02312,0.627687,8,0.518357,,,,0.852498,0.636899,0.136165,0.220727,0.400997,0.39989,0.258004,0.2126,0.063875,1.05661,1280
n6_cool_s+0_air,n6,cool,0,air,M1,,processed,T1,51200,50690,0.396016,True,1.62645,0.809242,1.96339,1.43895,3.51479,0.865802,0.998084,0.992441,0.99272,0.0176982,0.090156,65,,0.228615,-4.68008e-06,-0.155342,0.143472,False,4.88462,2.2224,3.17645,1.90798,5.44927,1.93926,5.67312,1.91768,5.45608,5.65959,0,1.58333,1.6992,1.74398,1.55658,1.70317,1.82071,1.77656,1.62645,800,0,0,0,0.0845039,0,0.0891572,31.5016,32.5834,40.9373,29.9005,8,4.28003,,40.4024,20.2012,1.55658,3.05326,0.534311,2.15799,2.53241,2.5088,2.51783,1.25928,0.264603,3.97748,1280
n6_cool_s+0_air,n6,cool,0,air,M1,,processed,T2,102400,100148,0.782406,True,1.22335,0.39216,0.923186,0.638258,1.98555,0.385973,0.52625,0.996078,0.996276,0.019797,0.0943972,89,,0.109725,0.0525781,-0.102496,0.000382115,False,2.74003,1.3387,1.8044,0.968079,3.39506,1.03342,3.41653,1.04631,3.61164,3.17012,0,1.14482,1.30693,1.31711,1.18778,1.26682,1.37286,1.38506,1.22335,800,0,0,0,0.0845039,0,0.0891572,29.9556,25.6764,26.6839,24.8595,8,1.78422,,20.4497,10.2249,1.18778,2.27446,0.371909,1.83357,1.947,1.9087,1.94991,0.318591,0.137215,1.06512,1280
n6_cool_s+0_air,n6,cool,0,air,M1,,processed,T3,204800,192489,1.50382,False,1.04205,0.275194,0.729081,0.391353,1.28792,0.240153,0.38253,0.997374,0.99752,0.0228586,0.0912405,96,bracketed (integer knob): metrics interpolated,0.0367129,0.14063,-0.00446673,-0.0981152,False,2.03043,0.75635,1.23853,0.64088,2.28586,0.715955,2.34054,0.633261,2.01875,2.16379,0,1.05843,1.23645,1.22055,1.0741,1.09674,1.17634,1.20827,1.04205,800,0,0,0,0.0845039,0,0.0891572,28.6771,19.3262,17.976,25.3802,8,1.21493,,10.6396,5.31978,1.0741,1.5044,0.258667,1.78581,1.53889,1.49297,1.79269,0.226263,0.091022,0.674593,1280
n6_cool_s+0_air,n6,cool,0,air,M1,,processed,T3,204800,223195,1.74371,False,1.02865,0.284715,0.709337,0.396957,1.26488,0.241052,0.391973,0.997584,0.997675,0.0221496,0.0953612,97,bracketed (integer knob): metrics interpolated,0.0376729,0.137006,-0.00339643,-0.0913616,False,2.03235,0.742461,1.27406,0.676266,2.28139,0.70613,2.15568,0.598083,1.95692,2.07935,0,1.08564,1.25628,1.19475,1.06097,1.09072,1.14279,1.12615,1.02865,800,0,0,0,0.0845039,0,0.0891572,26.7921,17.2266,16.7151,22.0713,8,1.39174,,9.17583,4.58792,1.06097,1.43657,0.269874,1.76005,1.44435,1.40225,1.75844,0.222473,0.0932544,0.806426,1280
n6_cool_s+0_air,n6,cool,0,air,M1-fix,,processed,T1,51200,50752,0.3965,True,1.4445,0.223526,1.29321,0.572544,1.44336,0.334945,0.312476,0.990881,0.992218,0.0188835,0.0991124,59,,0.0339485,0.0254051,-0.0841199,0.0013561,False,1.98295,0.87705,1.27627,1.0537,3.54453,1.26788,4.08191,1.32854,4.22457,3.71106,0,1.21585,1.51479,1.51252,1.31455,1.35289,1.62724,1.64388,1.4445,800,0.00415234,0,0.000249023,0.0857471,0.0283711,0.0928936,39.3801,32.6759,37.992,30.9528,8,1.81884,,40.3531,20.1765,1.31455,1.25332,0.314609,2.12581,2.53085,2.51181,2.33271,0.282574,0.0934646,0.924177,1280
n6_cool_s+0_air,n6,cool,0,air,M1-fix,,processed,T2,102400,102008,0.796937,True,1.14087,0.118831,0.613578,0.252838,0.839819,0.154693,0.154545,0.995165,0.995944,0.0199026,0.104457,86,,0.0093575,0.0349715,-0.0865607,-0.0766747,False,1.39316,0.502707,0.899436,0.484105,2.02681,0.646546,2.5718,0.684075,2.73157,2.13936,0,1.11152,1.29885,1.24388,1.0466,1.16817,1.21557,1.21535,1.14087,800,0.00415234,0,0.000249023,0.0857471,0.0283711,0.0928936,36.7972,26.3631,30.6826,24.5382,8,0.686991,,20.0769,10.0384,1.0466,0.781877,0.178895,1.87542,1.90811,1.87614,1.77922,0.136533,0.0535406,0.355879,1280
n6_cool_s+0_air,n6,cool,0,air,M1-fix,,processed,T3,204800,200326,1.56505,True,0.984394,0.105627,0.421138,0.176386,1.05075,0.108511,0.15285,0.996796,0.997534,0.0224124,0.112332,95,,0.025507,0.0105349,-0.100556,-0.078576,False,2.1251,0.626057,1.34099,0.343162,1.85251,0.467995,1.76463,0.529002,2.13741,1.73425,0,0.965957,1.19552,1.15796,0.957286,1.02602,1.00083,0.994175,0.984394,800,0.00415234,0,0.000249023,0.0857471,0.0283711,0.0928936,31.3219,19.6041,17.439,26.9439,8,0.680825,,10.2233,5.11167,0.957286,0.705732,0.150561,1.86646,1.47321,1.43927,1.6422,0.113417,0.0446247,0.34644,1280
n6_cool_s+0_air,n6,cool,0,air,D,D,raw,T1,51200,51092,0.399156,True,2.58646,0.590958,2.86178,1.44321,3.63021,0.893238,0.735534,0.970143,0.974019,0.067268,0.0712005,35,,0.0370058,0.0100912,0.0151394,0.0208173,False,4.8929,2.55881,3.58286,2.67883,5.7589,3.49973,7.26549,3.38756,7.15713,5.98012,0,2.43736,3.3418,3.21292,2.4479,2.52195,3.39548,3.23606,2.58646,800,,,,,,,55.251,65.5922,74.098,67.4667,8,2.89563,,40.0846,20.0423,2.4479,3.37263,0.646417,3.17186,4.62944,4.60098,3.83155,0.741055,0.238256,2.01355,1280
n6_cool_s+0_air,n6,cool,0,air,D,D,raw,T2,102400,101626,0.793953,True,1.57279,0.329127,0.91087,0.48192,1.29827,0.288536,0.371936,0.989364,0.990739,0.0641872,0.0663134,78,,-0.00757136,0.00942584,0.00478317,0.00864736,False,1.71052,0.923991,1.2862,0.825129,2.06883,1.08407,2.58005,1.08748,2.55661,2.08752,0,1.48401,1.79606,1.87078,1.55536,1.45378,1.83356,1.89074,1.57279,800,,,,,,,24.8627,38.8824,36.1373,31.8,8,1.41802,,20.1523,10.0762,1.55536,1.55786,0.282355,1.85566,2.64212,2.6203,2.18315,0.320405,0.122237,1.28425,1280
n6_cool_s+0_air,n6,cool,0,air,D,D,raw,T3,204800,207216,1.61888,True,0.97532,0.230447,0.371896,0.252151,0.799536,0.154811,0.297249,0.996742,0.997211,0.0629169,0.0640975,94,,-0.0118125,-3.85037e-05,-0.00191781,0.00359475,False,1.1423,0.611273,0.862194,0.433517,1.1389,0.479322,1.46435,0.476454,1.4144,1.12065,0,1.06966,1.28512,1.23096,1.10336,0.944711,1.19096,1.13154,0.97532,800,,,,,,,10.6314,15.7294,19.102,14.0353,8,1.01635,,9.88341,4.9417,1.10336,0.905447,0.234503,1.02585,1.36746,1.35851,1.159,0.204719,0.0881368,0.56051,1280
n6_cool_s+0_air,n6,cool,0,air,D2,D2/modular,raw,T1,51200,49857,0.389508,True,1.28909,0.233474,0.563042,0.299913,0.950187,0.185009,0.294835,0.983296,0.981702,0.44632,0.12344,4.0131,,-0.00954194,0.00864578,-0.00383423,-0.00968673,False,1.74042,0.626353,1.13407,0.515082,1.77133,0.707066,2.37106,0.695511,2.32279,1.82614,0,1.06515,1.45694,1.26907,1.13039,1.24869,1.57006,1.471,1.28909,800,,,,,,,35.8178,51.35,54.0268,43.5478,8,1.26321,,41.0775,20.5387,1.13039,2.87487,0.261618,2.84385,4.06929,3.98532,3.22908,0.609043,0.0942091,0.871604,1280
n6_cool_s+0_air,n6,cool,0,air,D2,D2/modular,raw,T2,102400,101638,0.794047,True,1.02562,0.095779,0.178316,0.105403,0.304882,0.0651009,0.124367,0.994933,0.994322,0.439988,0.128318,1.1815,,-0.00444301,0.0039374,0.000368752,-0.00287719,False,0.480148,0.203334,0.321627,0.1645,0.53102,0.228403,0.707778,0.236451,0.722613,0.569178,0,0.935706,1.03234,1.11304,0.935214,0.98734,1.14677,1.17211,1.02562,800,,,,,,,15.0824,23.2627,35.6734,21.2118,8,0.748291,,20.1499,10.075,0.935214,0.421036,0.0998631,1.33697,1.81269,1.83084,1.5436,0.126948,0.0364016,0.430789,1280
n6_cool_s+0_air,n6,cool,0,air,D2,D2/modular,raw,T3,204800,205880,1.60844,True,0.697946,0.0448524,0.112351,0.0608567,0.164828,0.0377847,0.0557598,0.998501,0.998575,0.479262,0.135417,0.3645,,0.000684729,0.00362651,0.00453767,-0.000274786,False,0.228997,0.106752,0.163393,0.102657,0.293948,0.134377,0.403501,0.13995,0.40214,0.317463,0,0.912995,0.920843,0.945788,0.883338,0.689132,0.806661,0.760002,0.697946,800,,,,,,,6.9193,11.0619,11.0078,6.38223,8,0.233271,,9.94754,4.97377,0.883338,0.239344,0.0553544,0.667957,0.869949,0.867,0.779519,0.0471628,0.0174527,0.156604,1280
n6_cool_s+0_uw,n6,cool,0,uw,M0-r1,repeat,floor,floor,,,,,1.41,0.580232,0.960672,0.781485,2.22936,0.547565,0.515907,0.974219,0.984687,,,,,0.00492419,-0.00466355,-0.00727757,0.00343729,False,3.11895,2.25052,4.89998,0.944114,2.76504,0.92067,2.76233,0.944185,2.81867,2.77633,0.000239589,0.821635,0.831998,0.816014,0.801734,1.41394,1.4544,1.41862,1.41,800,,,,,,,16,54,56,5,8,2.49889,,,,0.801734,4.47471,0.625206,1.31549,1.70368,1.71273,0.757797,1.48459,0.225474,3.94964,1280
n6_cool_s+0_uw,n6,cool,0,uw,M1-q∞,isp-floor,floor,floor,,,,,0.0383417,0.247539,0.121469,0.184608,0.551654,0.133399,0.244424,0.999751,0.999743,,,,,-0.0084589,0.0181147,0.0158753,-0.00471058,False,0.725285,0.5143,0.766464,0.265894,0.799475,0.337482,1.03333,0.33153,1.01752,0.348167,0,0.845618,0.931564,0.882761,0.819045,0.18495,0.364249,0.353202,0.0383417,800,,,,,,,0.456589,1.02312,1.02312,0.0757636,8,0.7962,,,,0.819045,0.618184,0.154373,0.171387,0.377911,0.376922,0.0291912,0.461657,0.0983164,0.982218,1280
n6_cool_s+0_uw,n6,cool,0,uw,M1,,processed,T1,51200,50144,0.39175,True,0.985895,0.858014,1.06971,1.37394,3.56261,1.00477,0.858048,0.984004,0.988807,0.0211674,0.0941558,52,,0.134984,0.300801,0.104075,-0.0291443,False,5.02924,3.0848,5.27386,2.10538,5.73423,2.14584,6.0552,2.05645,5.79705,2.91699,4.20332e-06,1.65331,2.88397,3.07568,0.666863,1.75503,2.9094,3.06731,0.985895,800,0,0,0,0.0864785,0,0.167123,23.672,41.6368,40.0003,4.71013,8,3.0797,,40.8424,20.4212,0.666863,3.62877,0.876343,1.87831,2.92644,2.90982,0.585792,7.10334,0.464891,6.41415,1280
n6_cool_s+0_uw,n6,cool,0,uw,M1,,processed,T2,102400,98730,0.771328,True,0.838221,0.653086,0.579037,0.80872,2.27217,0.58453,0.579553,0.9912,0.993609,0.0207137,0.0900342,82,,0.123513,0.144918,-0.0280302,-0.0162674,False,3.15554,1.98931,3.6801,1.18232,3.58971,1.21194,3.78371,1.12933,3.84424,1.73302,4.20332e-06,1.44369,2.7626,2.7578,0.63706,1.57257,2.71886,2.75802,0.838221,800,0,0,0,0.0864785,0,0.167123,26.7311,32.5872,37.2833,4.00596,8,1.88273,,20.7434,10.3717,0.63706,2.43641,0.456919,1.60237,2.43997,2.42408,0.499723,5.03962,0.329728,5.15821,1280
n6_cool_s+0_uw,n6,cool,0,uw,M1,,processed,T3,204800,203556,1.59028,True,0.690664,0.470923,0.398181,0.431445,1.32142,0.304706,0.431762,0.994795,0.99597,0.0220707,0.0948749,94,,0.0887421,0.194856,0.0243506,-0.0216421,False,2.10538,1.27074,2.7583,0.620522,2.16548,0.81537,2.51196,0.66657,2.29649,1.21339,0,1.23398,2.37242,2.30782,0.611427,1.32688,2.32087,2.32727,0.690664,800,0,0,0,0.0864785,0,0.167123,23.5923,22.304,22.7092,3.39266,8,2.10632,,10.0611,5.03056,0.611427,2.18765,0.241614,1.49782,2.03066,2.01774,0.424969,4.48485,0.259517,5.09472,1280
n6_cool_s+0_uw,n6,cool,0,uw,M1-fix,,processed,T1,51200,50767,0.396617,True,23.7846,28.9128,180.452,32.6078,43.578,25.0923,33.3692,0.938443,0.89833,0.0188285,0.103399,62,,0.0623433,1.82113,1.63727,15.9017,False,54.5732,39.1205,69.5018,7.06368,23.2471,20.9131,37.4453,20.1325,38.6487,410.332,0,2.14103,7.00504,6.69748,23.6981,2.12937,7.09822,6.64878,23.7846,800,0.124636,0,0.999994,0.000936523,0.336549,0,30.4337,54.8636,59.3094,37.8083,8,66.091,,40.3412,20.1706,23.6981,709.315,175.21,3.7788,9.77408,9.75778,18.5651,35.1178,18.9706,66.8606,1280
n6_cool_s+0_uw,n6,cool,0,uw,M1-fix,,processed,T2,102400,102137,0.797945,True,23.3891,28.8791,179.759,32.6013,43.5635,25.0919,33.3375,0.943182,0.901588,0.0221988,0.10451,87,,0.0319797,1.76246,1.58853,15.8731,False,54.4482,39.0918,69.4485,7.04801,23.1844,20.6821,36.561,19.8261,38.6373,409.514,0,2.04938,7.05622,6.48918,23.3029,2.00439,6.88613,6.41863,23.3891,800,0.124636,0,0.999994,0.000936523,0.336549,0,23.9612,51.6371,47.284,37.2152,8,66.0879,,20.0515,10.0257,23.3029,705.494,174.276,3.6691,9.55126,9.54852,18.5364,35.0686,18.9274,66.763,1280
n6_cool_s+0_uw,n6,cool,0,uw,M1-fix,,processed,T3,204800,199536,1.55888,True,23.4192,28.8751,179.789,32.6006,43.5862,25.0908,33.3311,0.945817,0.903488,0.0217353,0.106356,95,,0.058407,1.74169,1.58758,15.8824,False,54.6249,39.1394,69.361,7.17703,23.0735,20.5666,36.6954,19.8619,38.5052,409.558,0,1.90914,7.25797,6.69907,23.3311,1.90304,7.05969,6.60687,23.4192,800,0.124636,0,0.999994,0.000936523,0.336549,0,24.0257,46.2253,46.4394,37.2692,8,66.0756,,10.2638,5.13191,23.3311,705.516,174.37,3.61224,9.39954,9.44147,18.5439,35.0815,18.9296,66.7826,1280
n6_cool_s+0_uw,n6,cool,0,uw,D,D,raw,T1,51200,50975,0.398242,True,1.30896,1.40589,2.57534,1.88115,4.45493,1.33538,1.15976,0.963484,0.972822,0.064221,0.0707031,43,,-0.0252345,0.0320843,0.0359829,0.0166299,False,5.83165,4.10504,7.15557,2.31911,5.03737,2.84688,6.12561,2.77761,5.91541,6.81705,0.000264809,1.76715,2.97958,2.90427,1.08736,1.8937,2.99684,2.93851,1.30896,800,,,,,,,33.4157,64.6039,55.0157,9.70196,8,4.28657,,40.1766,20.0883,1.08736,6.4111,1.07988,2.26132,3.81979,3.8003,0.856881,18.9942,0.894139,11.1387,1280
n6_cool_s+0_uw,n6,cool,0,uw,D,D,raw,T2,102400,101382,0.792047,True,1.05568,0.686642,0.857413,0.702835,1.77786,0.489213,0.626174,0.98227,0.98883,0.0668556,0.0746511,81,,-0.0215149,0.0103914,0.00757412,0.0171067,False,2.29068,1.6113,3.55886,0.77119,1.98036,0.929593,2.39223,0.930706,2.31967,2.86579,8.40665e-05,1.19663,1.76457,1.69587,0.939256,1.22306,1.85723,1.73458,1.05568,800,,,,,,,18.749,34.5686,33.3373,6.85882,8,2.56629,,20.2008,10.1004,0.939256,3.86361,0.927078,1.39736,2.21023,2.18776,0.640185,3.43149,0.336329,3.82654,1280
n6_cool_s+0_uw,n6,cool,0,uw,D,D,raw,T3,204800,201879,1.57718,True,0.855302,0.63563,0.703295,0.543588,1.28078,0.37649,0.613776,0.992327,0.995781,0.0684796,0.0699547,94,,-0.0234612,0.00221423,0.0012568,0.0182529,False,1.59145,1.24823,1.96682,0.473303,1.21567,0.503937,1.50295,0.491675,1.47621,1.71441,0,0.998817,1.28494,1.23382,0.972438,0.910665,1.1922,1.13211,0.855302,800,,,,,,,10.4667,15.1333,13.6627,4.05882,8,2.14027,,10.1447,5.07235,0.972438,3.59374,0.900941,0.874509,1.25482,1.24422,0.492316,1.25476,0.280392,1.79198,1280
n6_cool_s+0_uw,n6,cool,0,uw,D2,D2/modular,raw,T1,51200,51704,0.403938,True,1.03721,0.719386,0.533305,0.394646,1.63729,0.266747,0.55154,0.974864,0.979303,0.42777,0.129709,3.2719,,0.00624358,0.0145807,0.0181167,-0.00695544,False,3.19143,1.81417,6.45202,0.442861,1.45509,0.578731,1.81393,0.567983,1.83533,1.82676,0.000407722,0.983106,1.29206,1.26586,0.752853,1.19807,1.35491,1.43319,1.03721,800,,,,,,,28.6826,45.1028,47.4254,9.18035,8,3.04487,,39.6101,19.805,0.752853,2.03042,0.462243,2.03078,3.26346,3.27084,0.778208,9.96693,0.45444,7.95852,1280
n6_cool_s+0_uw,n6,cool,0,uw,D2,D2/modular,raw,T2,102400,101857,0.795758,True,0.900361,0.205565,0.20124,0.157881,0.47621,0.108599,0.170094,0.989609,0.992834,0.438506,0.131439,1.1495,,0.00281312,0.0022734,0.00374489,0.00160544,False,0.898856,0.466209,1.60737,0.162435,0.512836,0.22307,0.683109,0.219089,0.704652,0.665828,0,0.893666,1.03532,1.11189,0.828321,0.992621,1.1185,1.14819,0.900361,800,,,,,,,13.6417,17.7911,25.2997,4.1702,8,0.528511,,20.1066,10.0533,0.828321,0.975973,0.195589,1.10363,1.65846,1.66556,0.550058,1.16437,0.0988827,1.63769,1280
n6_cool_s+0_uw,n6,cool,0,uw,D2,D2/modular,raw,T3,204800,206130,1.61039,True,0.423179,0.162817,0.135153,0.0976569,0.314634,0.0682212,0.112266,0.996841,0.997643,0.476886,0.139612,0.4102,,0.00236434,0.00177628,0.0023933,0.00572949,False,0.575363,0.353208,1.39428,0.105303,0.298173,0.137993,0.377126,0.134616,0.38847,0.410153,0,0.933364,0.951014,0.924021,0.913663,0.726697,0.844731,0.817416,0.423179,800,,,,,,,8.26351,10.7141,9.3521,1.96094,8,0.697282,,9.93548,4.96774,0.913663,0.594504,0.0985256,0.637615,0.887461,0.887804,0.323445,1.42407,0.0830277,2.03044,1280
n6_cool_s-1_air,n6,cool,-1,air,W,W,raw,T1,51200,51323,0.400961,True,1.28335,0.304846,1.1198,0.722739,2.17647,0.420307,0.365242,0.972947,0.96814,0.0667623,0.0875628,549.2654,,-0.0270483,-0.0167581,-0.0244572,-0.0213363,False,3.32958,1.44273,2.33725,1.05589,4.00844,1.43855,5.15237,1.35953,5.23997,4.09577,7.82503e-06,0.932524,1.21188,1.27928,1.07421,1.15118,1.38827,1.44735,1.28335,800,,,,,,,36.5818,57.9929,48.6491,42.5361,8,1.04772,,39.9041,19.9521,1.07421,2.88766,0.418936,2.22855,3.12338,3.21033,2.51726,0.480391,0.151686,1.28115,1280
n6_cool_s-1_air,n6,cool,-1,air,W,W,raw,T2,102400,102943,0.804242,True,1.0091,0.124525,0.46373,0.329149,0.922837,0.187828,0.141275,0.991715,0.990274,0.0691462,0.10822,176.2635,,0.00283783,0.0164607,0.0160271,0.00815795,False,1.4475,0.601237,0.989357,0.448218,1.43879,0.589004,1.79418,0.59323,1.8893,1.43401,0,0.778868,0.901501,0.919239,0.831622,0.938455,1.04944,1.09591,1.0091,800,,,,,,,14.8178,31.5217,16.2274,13.8735,8,0.398341,,19.8945,9.94725,0.831622,0.777841,0.161343,1.09849,1.48702,1.43766,1.22376,0.136516,0.0551216,0.439091,1280
n6_cool_s-1_air,n6,cool,-1,air,W,W,raw,T3,204800,202684,1.58347,True,0.741906,0.066457,0.186669,0.145102,0.397194,0.0820872,0.0841596,0.997525,0.99803,0.076835,0.127081,53.4286,,-0.000633527,0.00679587,0.00646145,0.00118972,False,0.549634,0.254758,0.38779,0.176238,0.539395,0.229952,0.67385,0.227932,0.707315,0.539423,0,0.764289,0.841559,0.810005,0.780095,0.712844,0.775598,0.779961,0.741906,800,,,,,,,4.33783,6.08624,6.04077,5.24335,8,0.312018,,10.1044,5.0522,0.780095,0.277503,0.0620628,0.546984,0.654307,0.656992,0.608948,0.0734198,0.0271094,0.227782,1280
n6_cool_s-1_air,n6,cool,-1,air,M0-r1,repeat,floor,floor,,,,,1.41306,0.408093,0.97585,0.771429,2.18464,0.422438,0.512235,0.993057,0.993976,,,,,0.0366812,0.00760779,0.0105969,0.010323,False,3.25879,1.48424,2.40601,0.95543,2.86565,0.946796,2.83623,0.951804,2.87204,2.7729,7.82503e-06,0.811419,0.820853,0.821369,0.806575,1.40223,1.43479,1.43965,1.41306,800,,,,,,,12,59,99,22,8,2.79504,,,,0.806575,1.78439,0.359057,1.10591,1.25402,1.26228,1.17899,0.622342,0.148747,2.15037,1280
n6_cool_s-1_air,n6,cool,-1,air,M1-q∞,isp-floor,floor,floor,,,,,0.244689,0.239036,0.357285,0.282914,0.788897,0.157034,0.269659,0.999772,0.999781,,,,,0.0193104,0.00485045,0.00470724,-0.00814252,False,1.06812,0.456698,0.641836,0.201482,0.716072,0.333593,1.10697,0.336743,1.14112,1.53255,0,0.83847,0.907933,0.918049,0.861862,0.172492,0.326997,0.313083,0.244689,800,,,,,,,0.556282,0.933749,0.921927,0.655363,8,0.606329,,,,0.861862,1.94065,0.240147,0.150386,0.2891,0.288606,0.233175,0.236328,0.0962268,0.812184,1280
n6_cool_s-1_air,n6,cool,-1,air,M1,,processed,T1,51200,51106,0.399266,True,1.40704,0.880567,1.66737,1.53891,3.73556,0.841923,1.17306,0.99309,0.993911,0.0146561,0.0877125,72,,0.0204525,0.0265246,-0.0717352,-0.0107402,False,4.91029,2.56294,3.62322,1.62034,4.48264,1.70153,4.95691,1.72324,5.08481,4.70128,0,1.23258,1.3229,1.28498,1.1778,1.36283,1.40744,1.42938,1.40704,800,0,0,0,0.000371094,0,0.000355469,20.9763,51.0627,52.0667,39.1131,8,6.06806,,40.0736,20.0368,1.1778,4.27265,0.628548,1.33206,1.49481,1.47259,1.48235,0.903887,0.281602,3.35157,1280
n6_cool_s-1_air,n6,cool,-1,air,M1,,processed,T2,102400,101145,0.790195,True,1.15439,0.487436,0.865871,0.785381,2.34897,0.446411,0.60472,0.995938,0.99644,0.0153912,0.0843248,90,,-0.0529243,0.0270922,-0.0709365,-0.043305,False,3.11734,1.3369,1.91825,0.862643,3.01983,0.965208,3.34015,0.941957,3.44932,2.90174,0,1.12146,1.16095,1.19297,1.0663,1.17642,1.19105,1.16742,1.15439,800,0,0,0,0.000371094,0,0.000355469,23.392,34.0663,24.7167,35.8493,8,1.76881,,20.2482,10.1241,1.0663,1.72995,0.474495,1.19422,1.20987,1.17448,1.21123,0.547368,0.162919,1.94888,1280
n6_cool_s-1_air,n6,cool,-1,air,M1,,processed,T3,204800,187112,1.46181,False,1.00685,0.408619,0.661052,0.516322,1.67899,0.287139,0.515869,0.997049,0.997503,0.0190347,0.099957,96,bracketed (integer knob): metrics interpolated,-0.0645952,0.0521647,-0.0432942,-0.059559,False,2.54095,0.905105,1.53329,0.627726,2.16861,0.653953,2.15941,0.662916,2.10894,1.99476,0,1.07612,1.15723,1.10345,0.968367,1.05353,1.04262,1.09513,1.00685,800,0,0,0,0.000371094,0,0.000355469,29.7836,18.8916,24.0145,32.5229,8,2.00724,,10.9453,5.47266,0.968367,2.27489,0.361312,1.15267,1.02059,0.98576,1.11037,0.547043,0.13563,1.26857,1280
n6_cool_s-1_air,n6,cool,-1,air,M1,,processed,T3,204800,218375,1.70605,False,0.955391,0.426242,0.657475,0.504641,1.58625,0.283617,0.505241,0.997286,0.997668,0.0197135,0.110011,97,bracketed (integer knob): metrics interpolated,-0.0631953,0.0460106,-0.0442824,-0.0560982,False,2.34786,0.883586,1.48352,0.609504,2.13032,0.641265,2.03745,0.635062,1.9912,1.92225,0,1.01091,1.13136,1.11409,0.977979,0.999731,1.02441,1.04797,0.955391,800,0,0,0,0.000371094,0,0.000355469,29.7836,17.6209,20.8403,29.1335,8,2.18176,,9.37836,4.68918,0.977979,2.03068,0.378977,1.13562,0.966349,0.93082,1.08741,0.444115,0.135897,1.46688,1280
n6_cool_s-1_air,n6,cool,-1,air,M1-444,,processed,T1,51200,50801,0.396883,True,1.43647,0.871421,1.53044,1.34208,3.79877,0.751114,1.11994,0.990864,0.991818,0.0171451,0.0820624,59,,-0.129092,0.0696024,0.0234542,0.133454,False,4.92503,2.12995,2.85967,1.42342,5.21668,1.55993,5.24393,1.61739,5.27143,4.57297,0,1.24569,1.48418,1.4352,1.33386,1.38748,1.54256,1.58319,1.43647,800,0,0,0,0.000371094,0,0.000355469,20.3873,51.0627,49.2908,33.6386,8,3.71782,,40.3142,20.1571,1.33386,6.77632,0.721188,1.4337,1.72059,1.68514,1.51662,1.1299,0.314007,2.85224,1280
n6_cool_s-1_air,n6,cool,-1,air,M1-444,,processed,T2,102400,98400,0.76875,True,1.05875,0.498077,0.741046,0.71402,2.12241,0.408405,0.604957,0.994864,0.995302,0.0226454,0.109717,84,,-0.0690529,0.038657,-0.0227225,-0.00830635,False,3.29619,1.21706,2.10058,0.831887,3.16469,0.939999,3.11021,0.947092,3.11839,2.39325,0,1.09692,1.27663,1.20626,0.969719,1.13783,1.25332,1.21858,1.05875,800,0,0,0,0.000371094,0,0.000355469,16.3433,39.8328,30.1979,26.8388,8,2.32256,,20.813,10.4065,0.969719,2.09464,0.411603,1.14423,1.31231,1.28202,1.1223,0.498146,0.172182,1.81605,1280
n6_cool_s-1_air,n6,cool,-1,air,M1-444,,processed,T3,204800,209927,1.64005,True,0.881867,0.334858,0.583886,0.456886,1.56034,0.259513,0.422549,0.996719,0.997101,0.023316,0.0921813,94,,-0.0841919,0.0363246,-0.0228379,-0.0347706,False,2.36023,0.847973,1.39936,0.581796,2.05885,0.623168,2.0765,0.63903,2.12869,1.78907,0,1.02433,1.16038,1.09635,0.966298,0.912043,1.0601,1.02716,0.881867,800,0,0,0,0.000371094,0,0.000355469,10.6632,18.2141,17.7135,12.3232,8,2.1045,,9.75577,4.87789,0.966298,2.13223,0.309852,0.867441,1.04678,1.03748,0.840064,0.485461,0.118029,1.22476,1280
n6_cool_s-1_air,n6,cool,-1,air,M1j,,processed,T1,51200,50230,0.392422,True,1.15559,0.379873,0.686162,0.638767,1.7096,0.35393,0.44298,0.992742,0.993569,0.0230589,0.0960703,82,,-0.00746557,0.0293917,-0.0268708,-0.0397268,False,2.33132,1.06443,1.74983,0.701145,2.25873,0.857288,2.90555,0.903651,2.98945,2.16037,0,0.926007,1.07153,1.03998,0.930008,1.12609,1.20101,1.20967,1.15559,800,0,0,0,0.000371094,0,0.000355469,25.5287,54.7167,52.0667,44.4145,8,1.45487,,40.7724,20.3862,0.930008,2.1632,0.391018,1.28542,1.48873,1.46255,1.40301,0.336523,0.141594,1.74907,1280
n6_cool_s-1_air,n6,cool,-1,air,M1j,,processed,T2,102400,95872,0.749,False,0.944792,0.22468,0.446935,0.373912,1.0358,0.207647,0.29069,0.995868,0.996386,0.0258848,0.103727,94,bracketed (integer knob): metrics interpolated,0.00795637,0.0299338,-0.0313075,-0.026929,False,1.59526,0.656911,1.18792,0.399657,1.42571,0.589144,2.02884,0.586402,2.08338,1.4831,0,0.829663,0.94732,0.935778,0.819154,1.00077,1.02811,1.02211,0.944792,800,0,0,0,0.000371094,0,0.000355469,21.8991,35.9997,31.764,33.6386,8,0.837944,,21.3618,10.6809,0.819154,1.95289,0.187611,1.1017,1.1338,1.09749,1.07929,0.29023,0.0902174,0.536954,1280
n6_cool_s-1_air,n6,cool,-1,air,M1j,,processed,T2,102400,112656,0.880125,False,0.907012,0.192973,0.406733,0.312159,0.927424,0.171003,0.236237,0.996406,0.996802,0.0260461,0.0923488,95,bracketed (integer knob): metrics interpolated,0.0042043,0.0337875,-0.0294406,-0.026595,False,1.55786,0.580502,1.1507,0.299034,1.25653,0.552383,1.92975,0.533971,1.92883,1.36367,0,0.81534,0.9241,0.898231,0.806725,0.966709,0.980305,0.970804,0.907012,800,0,0,0,0.000371094,0,0.000355469,21.4157,34.0663,34.7897,31.4001,8,0.858039,,18.1792,9.08962,0.806725,1.50475,0.176107,1.07323,1.07308,1.03649,1.04045,0.228551,0.081789,0.546291,1280
n6_cool_s-1_air,n6,cool,-1,air,M1j,,processed,T3,204800,179290,1.4007,False,0.738353,0.206776,0.384711,0.305317,0.906913,0.17054,0.236762,0.997421,0.997769,0.0290514,0.099108,98,bracketed (integer knob): metrics interpolated,0.00778952,0.0284364,-0.0247099,-0.0252333,False,1.72564,0.591349,1.23069,0.292014,1.27161,0.489987,1.5612,0.472826,1.5724,1.32362,0,0.755233,0.851951,0.879787,0.77267,0.825857,0.823795,0.872495,0.738353,800,0,0,0,0.000371094,0,0.000355469,23.1255,26.219,30.2353,27.9897,8,0.662422,,11.4228,5.71142,0.77267,1.76785,0.159448,1.00974,0.88087,0.843031,0.950696,0.250965,0.0815673,0.588783,1280
n6_cool_s-1_air,n6,cool,-1,air,M1j,,processed,T3,204800,242906,1.8977,False,0.6646,0.195306,0.391706,0.299716,0.94454,0.165653,0.225966,0.99803,0.998322,0.0324209,0.103036,99,bracketed (integer knob): metrics interpolated,0.00863011,0.0284429,-0.0245334,-0.0242122,False,1.8696,0.599455,1.29719,0.280473,1.28949,0.483654,1.45397,0.467593,1.49302,1.32903,0,0.737561,0.848065,0.845033,0.776922,0.754509,0.759595,0.787468,0.6646,800,0,0,0,0.000371094,0,0.000355469,23.1255,24.2288,27.1461,27.9897,8,0.749139,,8.43125,4.21562,0.776922,1.79291,0.184231,0.980308,0.789108,0.752541,0.927571,0.268693,0.0793052,0.48082,1280
n6_cool_s-1_air,n6,cool,-1,air,M1-fix,,processed,T1,51200,50587,0.395211,True,1.40425,0.277082,1.21252,0.740958,1.88529,0.399705,0.406046,0.99211,0.993113,0.0177928,0.107317,66,,0.0443532,0.0169844,-0.0510539,0.0939468,False,2.58181,1.01831,1.37105,0.90396,2.99805,1.13602,3.64521,1.13899,3.81121,3.52443,0,1.08117,1.33046,1.27787,1.24701,1.26425,1.39888,1.3463,1.40425,800,0.00775684,8.78906e-06,0.00152832,0.000450195,6.44531e-05,0.000419922,25.2638,53.159,53.0796,44.5111,8,1.41267,,40.4847,20.2424,1.24701,2.14978,0.376736,1.33657,1.53041,1.49974,1.40511,0.344391,0.130665,0.811201,1280
n6_cool_s-1_air,n6,cool,-1,air,M1-fix,,processed,T2,102400,97458,0.761391,True,1.04822,0.141903,0.528387,0.328755,1.05976,0.177927,0.190965,0.995466,0.996093,0.0230252,0.118433,87,,-0.00973126,0.0197822,-0.0644797,-0.0311875,False,1.73729,0.587392,1.15167,0.442462,1.8027,0.645186,2.24253,0.658537,2.41553,1.92498,0,0.978827,1.14115,1.17392,1.02525,1.08517,1.14778,1.106,1.04822,800,0.00775684,8.78906e-06,0.00152832,0.000450195,6.44531e-05,0.000419922,30.4099,36.6261,30.0826,39.8071,8,0.758804,,21.0142,10.5071,1.02525,0.984724,0.251453,1.17966,1.19745,1.15886,1.10498,0.175529,0.0706215,0.421444,1280
n6_cool_s-1_air,n6,cool,-1,air,M1-fix,,processed,T3,204800,189568,1.481,False,0.899351,0.10342,0.377903,0.23658,1.19274,0.133769,0.145785,0.997057,0.997546,0.0197402,0.102517,95,bracketed (integer knob): metrics interpolated,-0.01292,0.0133684,-0.0600301,-0.0532373,False,2.21701,0.694911,1.45399,0.337422,1.64137,0.477333,1.65714,0.534249,1.8805,1.56548,0,0.925816,1.06892,1.10453,0.920071,0.974078,0.899198,0.978401,0.899351,800,0.00775684,8.78906e-06,0.00152832,0.000450195,6.44531e-05,0.000419922,31.4388,31.3996,26.8003,32.1282,8,0.599481,,10.8035,5.40176,0.920071,0.837042,0.202841,1.13044,0.984657,0.942156,0.988619,0.139424,0.0539616,0.328503,1280
n6_cool_s-1_air,n6,cool,-1,air,M1-fix,,processed,T3,204800,219222,1.71267,False,0.876081,0.11793,0.344528,0.223602,1.09989,0.123928,0.178661,0.997323,0.997818,0.023066,0.136879,96,bracketed (integer knob): metrics interpolated,-0.010491,0.0113263,-0.0585411,-0.0539246,False,2.19309,0.643988,1.58119,0.306945,1.60943,0.450774,1.57366,0.499652,1.70285,1.46411,0,0.879363,1.08766,1.0839,0.932147,0.925039,0.902147,0.966643,0.876081,800,0.00775684,8.78906e-06,0.00152832,0.000450195,6.44531e-05,0.000419922,37.0475,27.4687,27.4069,33.3797,8,0.901213,,9.34213,4.67106,0.932147,0.998232,0.178918,1.12733,0.925879,0.884642,0.976812,0.15489,0.056193,0.423382,1280
n6_cool_s-1_air,n6,cool,-1,air,M2,,processed,T1,51200,51681,0.403758,True,2.03925,1.14241,5.57079,1.47123,3.61393,1.0057,1.14365,0.993891,0.994642,0.102171,0.153617,11.5992,,-0.685519,-1.20534,-1.22919,-1.1232,False,4.78488,2.46747,3.45537,3.91908,7.41678,5.97077,11.7709,6.21516,11.9817,9.15881,0,1.52133,1.96431,1.90152,1.93658,1.6048,1.93522,1.90292,2.03925,800,0,0,0,0.000371094,0,0.000355469,28.6902,25.8901,22.4327,34.7474,8,3.5953,,39.6277,19.8139,1.93658,7.90044,3.36149,1.46369,1.93088,1.91393,1.78669,1.2069,0.762978,3.38146,1280
n6_cool_s-1_air,n6,cool,-1,air,M2,,processed,T2,102400,97755,0.763711,True,1.90752,1.13249,5.59402,1.18653,2.73666,0.86583,1.09452,0.995433,0.996152,0.132532,0.15523,6.0995,,-0.664248,-1.19694,-1.22186,-1.11723,False,3.59956,1.98187,2.83424,3.73585,6.44817,5.96323,10.7191,6.16114,11.0541,8.39592,0,1.4685,1.91749,2.08649,1.89378,1.55906,1.89448,1.92902,1.90752,800,0,0,0,0.000371094,0,0.000355469,30.8706,21.3642,25.5856,29.5229,8,3.44009,,20.9503,10.4752,1.89378,7.48683,3.56172,1.37592,1.78807,1.784,1.68449,1.21708,0.763249,2.9981,1280
n6_cool_s-1_air,n6,cool,-1,air,M2,,processed,T3,204800,205962,1.60908,True,1.82283,1.02959,5.69572,1.03734,2.19018,0.795963,0.990423,0.996547,0.997139,0.126354,0.157062,1.0501,,-0.662215,-1.18108,-1.2092,-1.12954,False,3.07791,1.6708,2.24105,3.75299,5.85096,5.90647,9.88968,6.12393,10.195,8.0871,0,1.45509,2.00644,2.04254,1.85714,1.42328,1.8929,1.89017,1.82283,800,0,0,0,0.000371094,0,0.000355469,29.7836,20.8328,24.0145,27.2703,8,2.82885,,9.94358,4.97179,1.85714,7.13992,3.632,1.30643,1.66546,1.67382,1.63048,1.24278,0.745755,2.49073,1280
n6_cool_s-1_air,n6,cool,-1,air,M2h,,processed,T1,51200,50459,0.394211,True,1.17496,0.602214,0.962338,0.814762,2.27933,0.449259,0.705205,0.995395,0.995646,0.186807,0.0836889,58,,-0.0360675,-0.0308114,-0.0922553,-0.0155328,False,3.34778,1.41837,2.13494,0.840199,2.87555,0.926644,2.96869,0.970973,3.22745,2.93438,0,0.931672,1.05208,1.04916,0.947264,1.12233,1.23262,1.25204,1.17496,800,0,0,0,0.000371094,0,0.000355469,27.5902,19.8916,24.0145,27.2703,8,2.01459,,40.5874,20.2937,0.947264,3.29826,0.602242,1.15763,1.20483,1.16293,1.19437,0.464967,0.207155,2.45502,1280
n6_cool_s-1_air,n6,cool,-1,air,M2h,,processed,T2,102400,93891,0.733523,False,1.04275,0.460829,0.786782,0.643506,1.84074,0.360435,0.54211,0.996465,0.996653,0.210735,0.0882564,66,bracketed (integer knob): metrics interpolated,-0.0219597,-0.0298724,-0.0831313,-0.0141081,False,2.71547,1.10391,1.81444,0.67348,2.26056,0.714458,2.36373,0.767233,2.58993,2.37932,0,0.927024,1.04587,1.03075,0.902177,1.08317,1.12961,1.14355,1.04275,800,0,0,0,0.000371094,0,0.000355469,26.4838,16.8916,22.4327,24.9897,8,1.69941,,21.8125,10.9063,0.902177,2.74919,0.498576,1.09363,1.04258,1.00419,1.08032,0.440304,0.164758,1.93418,1280
n6_cool_s-1_air,n6,cool,-1,air,M2h,,processed,T2,102400,110458,0.862953,False,1.03444,0.462346,0.738483,0.608878,1.80876,0.344087,0.533374,0.996697,0.996919,0.233346,0.098087,67,bracketed (integer knob): metrics interpolated,-0.0249206,-0.0307204,-0.0798847,-0.013909,False,2.70456,1.08286,1.68993,0.651999,2.20524,0.676513,2.27234,0.733127,2.44599,2.3455,0,0.949859,1.02709,1.06805,0.879468,1.02933,1.08104,1.121,1.03444,800,0,0,0,0.000371094,0,0.000355469,27.5902,18.8916,22.4327,22.6809,8,1.39652,,18.541,9.27049,0.879468,1.69167,0.439671,1.07625,1.00519,0.971924,1.05635,0.407348,0.151955,1.45945,1280
n6_cool_s-1_air,n6,cool,-1,air,M2h,,processed,T3,204800,185908,1.45241,False,0.945995,0.411571,0.671666,0.533208,1.60691,0.306118,0.481124,0.997358,0.997602,0.335986,0.129606,74,bracketed (integer knob): metrics interpolated,-0.0177503,-0.0276724,-0.069354,-0.00960836,False,2.38272,0.972622,1.65053,0.591211,2.0538,0.616339,1.97317,0.642374,2.06743,2.20572,0,0.95026,1.04647,1.05205,0.868948,0.994222,1.03999,1.05905,0.945995,800,0,0,0,0.000371094,0,0.000355469,27.5902,18.8916,20.8403,23.8388,8,1.51984,,11.0162,5.5081,0.868948,2.64808,0.377445,1.03974,0.896404,0.867661,1.00168,0.381952,0.141639,1.22593,1280
n6_cool_s-1_air,n6,cool,-1,air,M2h,,processed,T3,204800,217638,1.7003,False,0.925125,0.403293,0.661882,0.527042,1.60796,0.299013,0.475517,0.997548,0.997802,0.313772,0.108336,75,bracketed (integer knob): metrics interpolated,-0.0146951,-0.0297773,-0.0666736,-0.00672027,False,2.41894,0.951021,1.62773,0.570857,1.98063,0.58997,1.86251,0.617223,2.01868,2.20462,0,0.96325,1.01529,1.06863,0.907466,0.938384,1.00571,0.988116,0.925125,800,0,0,0,0.000371094,0,0.000355469,30.8706,16.9997,24.0145,24.9897,8,1.3027,,9.41012,4.70506,0.907466,1.67721,0.345339,1.02988,0.863461,0.836354,0.984489,0.395578,0.13939,1.23826,1280
n6_cool_s-1_air,n6,cool,-1,air,C,C,lossless,lossless,,301881,2.35845,,0,0,0,0,0,0,0,1,1,0.077287,0.0801957,,,0,0,0,0,True,0,0,0,0,0,0,0,0,0,0,0,0.818894,0.845083,0.840656,0.823564,0,0,0,0,800,,,,,,,0,0,0,0,8,0,True,6.78413,3.39207,0.823564,0,0,0,0,0,0,0,0,0,1280
n6_cool_s-1_air,n6,cool,-1,air,C-jls,C-jls,lossless,lossless,,264057,2.06295,,0,0,0,0,0,0,0,1,1,0.0171094,0.016271,,,0,0,0,0,True,0,0,0,0,0,0,0,0,0,0,0,0.818894,0.845083,0.840656,0.823564,0,0,0,0,800,,,,,,,0,0,0,0,8,0,,7.7559,3.87795,0.823564,0,0,0,0,0,0,0,0,0,1280
n6_cool_s-1_air,n6,cool,-1,air,C-png,C-png,lossless,lossless,,338257,2.64263,,0,0,0,0,0,0,0,1,1,1.25374,0.00970558,,,0,0,0,0,True,0,0,0,0,0,0,0,0,0,0,0,0.818894,0.845083,0.840656,0.823564,0,0,0,0,800,,,,,,,0,0,0,0,8,0,,6.05457,3.02728,0.823564,0,0,0,0,0,0,0,0,0,1280
n6_cool_s-1_air,n6,cool,-1,air,C2,C2/e3,lossless,lossless,,263632,2.05963,,0,0,0,0,0,0,0,1,1,0.144643,0.118811,,,0,0,0,0,True,0,0,0,0,0,0,0,0,0,0,0,0.818894,0.845083,0.840656,0.823564,0,0,0,0,800,,,,,,,0,0,0,0,8,0,,7.7684,3.8842,0.823564,0,0,0,0,0,0,0,0,0,1280
n6_cool_s-1_air,n6,cool,-1,air,C2,C2/e7,lossless,lossless,,249252,1.94728,,0,0,0,0,0,0,0,1,1,0.51865,0.150048,,,0,0,0,0,True,0,0,0,0,0,0,0,0,0,0,0,0.818894,0.845083,0.840656,0.823564,0,0,0,0,800,,,,,,,0,0,0,0,8,0,,8.21658,4.10829,0.823564,0,0,0,0,0,0,0,0,0,1280
n6_cool_s-1_air,n6,cool,-1,air,C2,C2/e7/tiled,lossless,lossless,,241611,1.88759,,0,0,0,0,0,0,0,1,1,0.526943,0.0900842,,,0,0,0,0,True,0,0,0,0,0,0,0,0,0,0,0,0.818894,0.845083,0.840656,0.823564,0,0,0,0,800,,,,,,,0,0,0,0,8,0,,8.47644,4.23822,0.823564,0,0,0,0,0,0,0,0,0,1280
n6_cool_s-1_air,n6,cool,-1,air,N,N/b7,near-lossless,near-lossless,,257127,2.0088,,0.69386,0.701167,0.733202,0.64389,2.01446,0.372432,0.852223,0.998861,0.999008,0.0658563,0.070988,,,0.0615391,0.021569,0.0232242,0.0550627,False,2.81901,1.47217,2.17204,0.877028,2.14871,0.78647,2.38432,0.798064,2.38286,2.15521,0,1.01861,1.18641,1.19235,1.02482,0.525435,0.820535,0.828144,0.69386,800,,,,,,,1.31446,1.73979,1.73979,1.33387,8,2.72033,,7.96494,3.98247,1.02482,3.97598,0.518714,0.43063,0.58533,0.583846,0.491122,0.78064,0.26606,2.54929,1280
n6_cool_s-1_air,n6,cool,-1,air,N,N/b8,near-lossless,near-lossless,,356614,2.78605,,0.312896,0.43624,0.541886,0.466237,1.13833,0.254977,0.553069,0.999738,0.999785,0.0667885,0.0697981,,,0.00579377,-0.0222156,-0.0209412,-0.00527539,False,1.47436,0.70479,0.958226,0.532898,1.35345,0.50666,1.43128,0.506172,1.46065,1.33012,0,0.863566,0.947895,0.980763,0.861067,0.277189,0.41324,0.416785,0.312896,800,,,,,,,0.670588,0.898039,0.898039,0.701961,8,1.59523,,5.7429,2.87145,0.861067,1.86436,0.377215,0.227352,0.301219,0.300646,0.258647,0.504604,0.147467,2.00459,1280
n6_cool_s-1_air,n6,cool,-1,air,N,N/b9,near-lossless,near-lossless,,481952,3.76525,,0.149506,0.139276,0.160505,0.140584,0.410193,0.0797109,0.187668,0.999938,0.999949,0.0665964,0.0716509,,,-0.000338611,0.00743217,0.0080719,-0.000273446,False,0.627596,0.268761,0.425245,0.161624,0.55178,0.191521,0.584872,0.191532,0.591834,0.533183,0,0.83508,0.872292,0.846181,0.854389,0.118972,0.144811,0.147096,0.149506,800,,,,,,,0.328576,0.440608,0.440608,0.328576,8,0.967427,,4.24939,2.12469,0.854389,1.05853,0.146911,0.0952284,0.139272,0.139448,0.111878,0.241416,0.0612931,0.683742,1280
n6_cool_s-1_air,n6,cool,-1,air,N,N/b10,near-lossless,near-lossless,,609214,4.75948,,0.0789227,0.0855351,0.0954415,0.0753409,0.254198,0.0439757,0.109144,0.999983,0.999991,0.0855469,0.0811248,,,-0.0121077,-0.00514999,-0.00515334,-0.0113511,False,0.341672,0.14751,0.228376,0.0969457,0.29305,0.100143,0.310925,0.101742,0.318653,0.280689,0,0.830716,0.850056,0.830528,0.86036,0.0599591,0.0977569,0.0990989,0.0789227,800,,,,,,,0.169672,0.220727,0.220727,0.169672,8,0.294065,,3.36171,1.68085,0.86036,0.417568,0.0691943,0.055147,0.0694777,0.0693438,0.0620517,0.102526,0.0329399,0.266798,1280
n6_cool_s-1_air,n6,cool,-1,air,D,D,raw,T1,51200,50753,0.396508,True,1.93951,0.741639,2.06627,1.54398,3.99237,0.851702,0.892631,0.975884,0.978936,0.0549723,0.0635532,47,,0.0279339,-0.00695005,0.0137954,-0.0135721,False,5.38407,2.51758,3.63243,1.88457,4.72071,2.60876,5.99531,2.67163,6.19436,4.88163,3.91252e-05,1.63535,2.2319,2.23978,1.79327,1.76028,2.30854,2.26878,1.93951,800,,,,,,,30.6627,78.8824,68.2,67.9255,8,3.19145,,40.3523,20.1761,1.79327,4.75168,0.686435,1.8699,2.66248,2.67233,2.23731,1.07627,0.278447,3.74141,1280
n6_cool_s-1_air,n6,cool,-1,air,D,D,raw,T2,102400,98967,0.77318,True,1.29387,0.499742,0.810491,0.672254,1.75649,0.378412,0.627756,0.99022,0.991773,0.0712831,0.0761451,82,,0.0121028,-0.0117922,-0.00555451,-0.00155696,False,2.42551,1.0939,1.55458,0.75436,2.23952,0.981243,2.62534,1.0199,2.56762,2.25363,3.91252e-06,1.25798,1.44712,1.48516,1.26903,1.33495,1.5267,1.47396,1.29387,800,,,,,,,19.3373,36.5843,29.7255,24.9961,8,1.96276,,20.6938,10.3469,1.26903,2.13077,0.510961,1.17975,1.60955,1.62434,1.36936,0.438976,0.173939,2.12664,1280
n6_cool_s-1_air,n6,cool,-1,air,D,D,raw,T3,204800,213628,1.66897,True,0.881719,0.451323,0.578974,0.484013,1.2142,0.271541,0.553403,0.996593,0.997263,0.0483453,0.0498232,95,,0.00609176,-0.0202713,-0.0181986,-0.0061682,False,1.65797,0.762005,1.08946,0.551299,1.51994,0.589352,1.65216,0.588601,1.64704,1.48304,0,0.99204,1.14586,1.20306,1.04245,0.857221,0.973104,1.02525,0.881719,800,,,,,,,6.96471,10.5255,9.25882,7.70196,8,1.67164,,9.58676,4.79338,1.04245,2.11847,0.35078,0.700826,0.895175,0.89325,0.776778,0.510147,0.148602,1.8853,1280
n6_cool_s-1_air,n6,cool,-1,air,D2,D2/modular,raw,T1,51200,52330,0.408828,True,1.20221,0.259915,0.400478,0.309095,0.944813,0.175064,0.298832,0.986977,0.985709,0.428668,0.119325,2.9782,,-0.00668127,-0.000897842,-0.00321738,-0.00460407,False,1.5435,0.594421,1.01878,0.382042,1.26654,0.513302,1.71308,0.525658,1.7274,1.31634,3.52126e-05,0.916766,1.1148,1.09611,0.960247,1.09694,1.23391,1.31292,1.20221,800,,,,,,,21.2482,30.8876,32.1249,22.9834,8,0.974938,,39.1363,19.5681,0.960247,1.80462,0.28945,1.50856,2.09944,2.08037,1.69983,0.349947,0.0976637,0.7697,1280
n6_cool_s-1_air,n6,cool,-1,air,D2,D2/modular,raw,T2,102400,101742,0.794859,True,0.976115,0.113019,0.167383,0.137414,0.396579,0.0780278,0.139526,0.995047,0.994897,0.453437,0.121797,1.029,,-0.00225718,-0.00169026,-0.00205174,-0.00259743,False,0.589929,0.249627,0.401691,0.156783,0.50743,0.21776,0.69925,0.22153,0.705981,0.546981,0,0.895661,0.958737,0.97312,0.887465,0.916973,0.999627,1.05474,0.976115,800,,,,,,,8.9675,16.4667,12.9995,13.5264,8,0.462215,,20.1293,10.0647,0.887465,1.09042,0.116181,0.843436,1.10567,1.10224,0.955806,0.139079,0.0419423,0.435554,1280
n6_cool_s-1_air,n6,cool,-1,air,D2,D2/modular,raw,T3,204800,204689,1.59913,True,0.655231,0.0645561,0.106018,0.0825957,0.215997,0.0465732,0.0751146,0.998308,0.998475,0.503308,0.128142,0.3515,,-0.000591885,0.00121051,0.000306159,0.000485511,False,0.30576,0.136891,0.208323,0.100776,0.29905,0.136628,0.396722,0.137185,0.408183,0.311339,0,0.894693,0.961982,0.959043,0.950293,0.641901,0.73699,0.730339,0.655231,800,,,,,,,6.2016,7.11837,9.44565,4.64187,8,0.168632,,10.0054,5.00271,0.950293,0.292962,0.042002,0.482148,0.608765,0.606526,0.548335,0.0541953,0.0225529,0.405214,1280
n6_cool_s-1_air,n6,cool,-1,air,D,D/red+1.5,raw,T1,51200,50759,0.396555,True,1.52098,0.925493,1.15847,1.8291,4.76231,1.06077,1.19153,0.974523,0.977535,0.0501318,0.0567899,"{""R"": 72, ""GB"": 35}",R share 0.37 (eq 0.24),0.0291374,-0.0145354,-0.000197075,0.0162423,False,6.49923,3.13252,4.38574,2.63126,6.02907,3.55884,7.82435,3.54708,7.72657,3.02498,3.91252e-06,1.84151,2.77169,2.78083,1.50444,1.89173,2.81867,2.83457,1.52098,800,,,,,,,33.3686,90.8667,83.9255,37.6314,8,2.75963,,40.3475,20.1738,1.50444,2.40037,0.527501,2.13072,3.06216,3.04544,1.67823,0.750598,0.313589,2.91678,1280
n6_cool_s-1_air,n6,cool,-1,air,D,D/red+1.5,raw,T2,102400,99642,0.778453,True,1.04556,0.562535,0.586207,0.723219,1.93067,0.416412,0.673818,0.98917,0.991042,0.0542207,0.0575351,"{""R"": 91, ""GB"": 76}",R share 0.38 (eq 0.25),0.00628896,-0.0302416,-0.0175717,-0.00376341,False,2.52269,1.2355,1.70873,0.964941,2.56686,1.25656,3.05771,1.2544,3.1257,1.66714,0,1.26531,1.60628,1.58382,1.10663,1.36281,1.62409,1.66302,1.04556,800,,,,,,,20.702,34.6314,39.902,16.6706,8,1.79157,,20.5536,10.2768,1.10663,2.03434,0.418773,1.3467,1.84935,1.8667,1.002,0.441444,0.183928,2.15061,1280
n6_cool_s-1_air,n6,cool,-1,air,D,D/red+1.5,raw,T3,204800,208417,1.62826,True,0.718642,0.451799,0.563608,0.480911,1.21591,0.272231,0.562166,0.996023,0.996851,0.0553735,0.0502954,"{""R"": 98, ""GB"": 93}",R share 0.37 (eq 0.25),0.00606473,-0.0196043,-0.0170164,-0.00475661,False,1.57348,0.757922,1.0483,0.560318,1.52638,0.600778,1.60606,0.589508,1.64331,1.3818,0,1.03426,1.25971,1.21132,1.01782,0.89776,1.15724,1.13476,0.718642,800,,,,,,,10.6706,15.8,14.3333,3.89804,8,1.39565,,9.82645,4.91323,1.01782,1.79512,0.376783,0.800439,1.039,1.03962,0.557044,0.4749,0.148563,1.94235,1280
n6_cool_s-1_air,n6,cool,-1,air,D,D/red+2,raw,T1,51200,50688,0.396,True,1.29387,0.954619,0.810491,2.42448,6.34095,1.43859,1.16309,0.96884,0.969847,0.0516516,0.0567415,"{""R"": 82, ""GB"": 25}",R share 0.49 (eq 0.24),0.0168093,-0.023693,-0.0341925,-0.00155696,False,7.88932,4.24488,5.83822,3.65609,7.73906,4.82369,10.1938,4.91666,10.1354,2.25363,3.91252e-06,2.28764,2.96034,3.25863,1.26903,2.39207,3.13164,3.33343,1.29387,800,,,,,,,47.5294,89.6667,66.8,24.9961,8,3.28736,,40.404,20.202,1.26903,2.13077,0.510961,2.47559,3.5729,3.55365,1.36936,1.04195,0.306825,4.50098,1280
n6_cool_s-1_air,n6,cool,-1,air,D,D/red+2,raw,T2,102400,104794,0.818703,True,0.881719,0.593141,0.578974,0.900156,2.53053,0.528928,0.696566,0.986686,0.988837,0.0585568,0.0658377,"{""R"": 95, ""GB"": 67}",R share 0.51 (eq 0.25),0.00707734,-0.00478129,-0.000638012,-0.0061682,False,3.42827,1.60469,2.3354,1.29565,3.37665,1.72927,4.27245,1.72177,4.22327,1.48304,0,1.43322,1.84815,2.00133,1.04245,1.52957,1.93094,2.05142,0.881719,800,,,,,,,28.3961,65.8667,38.4667,7.70196,8,3.03613,,19.5431,9.77155,1.04245,2.11847,0.35078,1.53518,2.15284,2.16022,0.776778,0.585569,0.184462,2.65834,1280
n6_cool_s-1_air,n6,cool,-1,air,D,D/red+2,raw,T3,204800,198446,1.55036,True,0.578014,0.391039,0.555871,0.524204,1.36147,0.301061,0.506736,0.994506,0.995429,0.0617824,0.0653618,"{""R"": 99, ""GB"": 89}",R share 0.50 (eq 0.25),0.00180671,-0.0205614,-0.0218908,-0.00533184,False,1.83583,0.85627,1.261,0.619497,1.81799,0.751845,2.07547,0.761565,2.05826,1.40596,0,1.06719,1.31151,1.28802,0.975351,1.05738,1.30395,1.25165,0.578014,800,,,,,,,15.6078,19.3373,21.8824,2.74118,8,1.59107,,10.3202,5.16009,0.975351,1.89888,0.431348,0.961846,1.28459,1.28979,0.442291,0.457848,0.140602,1.50062,1280
n6_cool_s-1_air,n6,cool,-1,air,D,D/3pl,raw,T1,51200,49933,0.390102,True,1.60074,0.767962,1.3974,1.23536,3.22946,0.70228,0.895064,0.979482,0.978339,0.0456863,0.0500815,67,,0.00707734,0.249715,0.203601,0.00738195,False,4.37844,2.27883,3.37669,1.29565,3.37665,2.76265,13.9934,2.75037,14.6775,3.44148,1.17375e-05,1.43322,1.98592,1.95823,1.5005,1.52957,2.10135,2.05718,1.60074,800,,,,,,,28.3961,86.1412,74.102,30.2157,8,2.91156,,41.015,20.5075,1.5005,3.13766,0.598495,1.53518,3.37894,3.36643,1.81248,0.532962,0.253035,2.75306,1280
n6_cool_s-1_air,n6,cool,-1,air,D,D/3pl,raw,T2,102400,98405,0.768789,True,1.12059,0.543464,0.645489,0.698795,1.9394,0.391438,0.695873,0.988025,0.986039,0.0477832,0.0509115,89,,0.00180671,0.226337,0.180528,-0.00339372,False,2.74382,1.37631,2.01819,0.619497,1.81799,1.89987,13.9742,1.97121,14.3092,1.86423,0,1.06719,1.45652,1.50775,1.15446,1.05738,1.49726,1.49368,1.12059,800,,,,,,,15.6078,62.9255,70.298,15.2314,8,2.69424,,20.812,10.406,1.15446,1.98602,0.397599,0.961846,2.97336,2.98205,1.09484,0.469744,0.172292,1.84885,1280
n6_cool_s-1_air,n6,cool,-1,air,D,D/3pl,raw,T3,204800,201062,1.5708,True,0.785768,0.527184,0.564012,0.607855,1.67686,0.343781,0.643699,0.991471,0.989457,0.0456199,0.0532935,97,,0.0043745,0.222882,0.177054,-0.0061576,False,2.26779,1.19806,1.67315,0.552334,1.41893,1.71529,14.1272,1.80673,14.3764,1.40414,0,0.958059,1.18917,1.21747,1.01931,0.745575,1.14887,1.12102,0.785768,800,,,,,,,4.70196,57.4353,59.5647,5.29804,8,2.01671,,10.1859,5.09296,1.01931,1.7097,0.416891,0.575668,2.82739,2.81925,0.634773,0.428624,0.160499,1.43827,1280
n6_cool_s-1_air,n6,cool,-1,air,D,D/tiled,raw,T1,51200,51156,0.399656,True,1.99274,0.755602,2.08698,1.54343,3.95072,0.85735,0.936625,0.976182,0.979354,0.0189101,0.0229954,48,,0.0258111,-0.00928662,0.0133614,-0.014545,False,5.26154,2.47422,3.67679,1.86276,4.70056,2.63072,5.98037,2.65452,6.17425,4.92579,2.34751e-05,1.63699,2.26683,2.20073,1.81886,1.83084,2.45334,2.26824,1.99274,800,,,,,,,28.8078,83.4353,63.3373,55.2,8,3.53204,,40.0344,20.0172,1.81886,4.4384,0.635809,1.85721,2.64225,2.65182,2.21808,1.13546,0.295452,2.30724,1280
n6_cool_s-1_air,n6,cool,-1,air,D,D/tiled,raw,T2,102400,98363,0.768461,True,1.29387,0.499742,0.810491,0.672254,1.75649,0.378412,0.627756,0.99022,0.991773,0.0199885,0.0216497,82,,0.0121028,-0.0117922,-0.00555451,-0.00155696,False,2.42551,1.0939,1.55458,0.75436,2.23952,0.981243,2.62534,1.0199,2.56762,2.25363,3.91252e-06,1.25798,1.44712,1.48516,1.26903,1.33495,1.5267,1.47396,1.29387,800,,,,,,,19.3373,36.5843,29.7255,24.9961,8,1.96276,,20.8208,10.4104,1.26903,2.13077,0.510961,1.17975,1.60955,1.62434,1.36936,0.438976,0.173939,2.12664,1280
n6_cool_s-1_air,n6,cool,-1,air,D,D/tiled,raw,T3,204800,212942,1.66361,True,0.881719,0.451323,0.578974,0.484013,1.2142,0.271541,0.553403,0.996593,0.997263,0.0222617,0.0251858,95,,0.00609176,-0.0202713,-0.0181986,-0.0061682,False,1.65797,0.762005,1.08946,0.551299,1.51994,0.589352,1.65216,0.588601,1.64704,1.48304,0,0.99204,1.14586,1.20306,1.04245,0.857221,0.973104,1.02525,0.881719,800,,,,,,,6.96471,10.5255,9.25882,7.70196,8,1.67164,,9.61764,4.80882,1.04245,2.11847,0.35078,0.700826,0.895175,0.89325,0.776778,0.510147,0.148602,1.8853,1280
n6_cool_s-1_air,n6,cool,-1,air,D2,D2/modular/red+1.5,raw,T1,51200,51328,0.401,True,1.10726,0.302086,0.234489,0.351386,1.21565,0.20512,0.36572,0.984533,0.982578,0.44663,0.132424,"{""R"": 1.5927, ""GB"": 4.2157}",R share 0.38 (eq 0.25),-0.0153518,-0.0113682,-0.00939394,-0.00537637,False,2.39216,0.76516,1.62809,0.497314,1.72529,0.67694,2.20784,0.678902,2.23873,0.736317,0,0.953095,1.25348,1.19662,0.938066,1.16801,1.41338,1.34904,1.10726,800,,,,,,,41.095,40.6904,41.7672,14.4262,8,1.88299,,39.9002,19.9501,0.938066,0.939387,0.277284,1.85325,2.64056,2.60785,1.20422,0.469062,0.104815,1.16743,1280
n6_cool_s-1_air,n6,cool,-1,air,D2,D2/modular/red+1.5,raw,T2,102400,101927,0.796305,True,0.807018,0.127274,0.11944,0.156582,0.479732,0.0885804,0.159024,0.994354,0.993984,0.45104,0.147409,"{""R"": 0.5604, ""GB"": 1.3642}",R share 0.37 (eq 0.25),-0.00192181,0.00027542,0.00141071,-0.00191315,False,0.728421,0.306405,0.504039,0.207592,0.669014,0.298418,0.91813,0.286341,0.901351,0.339308,0,0.871603,1.00458,1.01455,0.871953,0.981856,1.07033,1.13368,0.807018,800,,,,,,,12.8274,21.3791,20.0071,6.57037,8,0.47463,,20.0928,10.0464,0.871953,0.32582,0.0599961,0.981176,1.30284,1.29789,0.702453,0.13474,0.0427641,0.607063,1280
n6_cool_s-1_air,n6,cool,-1,air,D2,D2/modular/red+1.5,raw,T3,204800,202670,1.58336,True,0.397425,0.0598887,0.0761984,0.0771716,0.224605,0.0438471,0.0750618,0.997919,0.998012,0.514928,0.157629,"{""R"": 0.1927, ""GB"": 0.477}",R share 0.38 (eq 0.25),-0.000987833,0.000105171,-5.34598e-05,0.000212222,False,0.334459,0.139027,0.249682,0.101688,0.30171,0.131011,0.409213,0.135739,0.426709,0.221738,0,0.894133,0.924233,0.910114,0.922552,0.728162,0.834293,0.818781,0.397425,800,,,,,,,5.48814,12.7436,7.91528,2.81112,8,0.312311,,10.1051,5.05255,0.922552,0.222868,0.0322788,0.570094,0.718496,0.718045,0.359658,0.051024,0.0207586,0.289061,1280
n6_cool_s-1_air,n6,cool,-1,air,D2,D2/modular/red+2,raw,T1,51200,51201,0.400008,True,0.976115,0.331906,0.169449,0.486982,1.62668,0.285798,0.414438,0.980482,0.977793,0.428739,0.121219,"{""R"": 1.0258, ""GB"": 5.9355}",R share 0.50 (eq 0.25),-0.0267724,-0.0174641,-0.0202943,-0.00271226,False,3.07562,1.0421,2.03828,0.723839,2.37881,0.936895,3.24413,0.994185,3.21731,0.537381,0,1.03621,1.38592,1.38764,0.887465,1.25174,1.5618,1.5376,0.976115,800,,,,,,,37.0284,45.8815,47.9323,13.5264,8,1.83032,,39.9992,19.9996,0.887465,1.0938,0.117784,2.17103,3.17672,3.1769,0.953878,0.576545,0.109889,1.62858,1280
n6_cool_s-1_air,n6,cool,-1,air,D2,D2/modular/red+2,raw,T2,102400,103130,0.805703,True,0.668416,0.114838,0.106724,0.17373,0.567502,0.099653,0.155909,0.992876,0.99249,0.466064,0.12845,"{""R"": 0.3606, ""GB"": 1.9166}",R share 0.50 (eq 0.25),-0.00364857,0.000987,-0.00113625,0.000206494,False,0.977443,0.35343,0.689168,0.243168,0.792288,0.327279,1.06245,0.32309,1.0666,0.30583,0,0.854554,0.988419,1.02797,0.952417,1.0229,1.14219,1.2472,0.668416,800,,,,,,,17.5945,21.0901,23.0915,4.43462,8,0.725025,,19.8584,9.92922,0.952417,0.28541,0.0469187,1.16667,1.5719,1.59066,0.552969,0.130482,0.0419221,0.440053,1280
n6_cool_s-1_air,n6,cool,-1,air,D2,D2/modular/red+2,raw,T3,204800,206643,1.6144,True,0.192127,0.0922848,0.054497,0.096764,0.291495,0.0551741,0.108866,0.997173,0.997157,0.509844,0.141206,"{""R"": 0.0935, ""GB"": 0.6702}",R share 0.51 (eq 0.25),-0.000783174,-0.000611659,-0.00148171,-0.000788012,False,0.412775,0.184986,0.306126,0.134665,0.434386,0.191776,0.604217,0.18876,0.601517,0.161197,0,0.862623,0.947182,0.967598,0.868352,0.805168,0.909646,0.904091,0.192127,800,,,,,,,7.32886,13.1888,17.1867,1.52763,8,0.322761,,9.91081,4.95541,0.868352,0.171158,0.0214375,0.680236,0.876025,0.875555,0.178666,0.0683849,0.0284402,0.427029,1280
n6_cool_s-1_air,n6,cool,-1,air,D2,D2/modular/3pl,raw,T1,51200,51797,0.404664,True,1.10195,0.410974,0.259965,0.601346,1.45857,0.351007,0.524471,0.985742,0.982009,0.311837,0.0829949,1.8794,,-0.00291724,0.241416,0.195957,-0.00596626,False,2.32268,1.04272,1.61932,0.24329,0.812347,1.65107,14.3125,1.67232,14.3588,0.827279,0,0.857844,1.01781,1.0789,0.900766,1.01582,1.19321,1.21225,1.10195,800,,,,,,,15.172,55.9648,70.0352,14.4666,8,1.20017,,39.539,19.7695,0.900766,1.01627,0.275488,1.15359,3.15048,3.13306,1.3023,0.2744,0.129255,1.21046,1280
n6_cool_s-1_air,n6,cool,-1,air,D2,D2/modular/3pl,raw,T2,102400,103548,0.808969,True,0.818754,0.334707,0.119192,0.565274,1.24999,0.335056,0.433038,0.990585,0.987841,0.327999,0.0909888,0.6498,,-0.00214557,0.239845,0.193999,-0.00191353,False,1.94119,0.917351,1.36778,0.112839,0.330352,1.56809,14.0035,1.58659,14.5688,0.358077,0,0.844389,0.991944,0.944972,0.889132,0.795721,1.06314,1.01437,0.818754,800,,,,,,,6.02138,54.3521,62.6479,6.60056,8,1.06353,,19.7783,9.88913,0.889132,0.288132,0.060468,0.665343,2.85783,2.86216,0.750905,0.254483,0.0982215,0.760764,1280
n6_cool_s-1_air,n6,cool,-1,air,D2,D2/modular/3pl,raw,T3,204800,209438,1.63623,True,0.474474,0.338383,0.0761487,0.555884,1.25326,0.333644,0.433751,0.992454,0.990232,0.361685,0.0958533,0.2148,,-0.000623007,0.241857,0.196051,5.30634e-05,False,1.9067,0.91806,1.33381,0.070856,0.203343,1.58335,14.1607,1.58563,14.463,0.217897,0,0.922229,1.04785,0.99923,0.93545,0.391573,0.984115,0.916898,0.474474,800,,,,,,,3.62094,57.4629,59.5371,3.55435,8,1.14966,,9.77855,4.88928,0.93545,0.20992,0.0319391,0.343995,2.78422,2.77785,0.398774,0.2263,0.0979407,0.684375,1280
n6_cool_s-1_air,n6,cool,-1,air,D2,D2/modular/tiled,raw,T1,51200,52221,0.407977,True,1.19391,0.22561,0.38744,0.297329,0.905357,0.166576,0.253708,0.987546,0.986466,0.353916,0.0684259,2.8113,,-0.00642927,0.00167638,-0.00418225,-0.00503941,False,1.48535,0.569473,1.01447,0.357641,1.15797,0.491387,1.61273,0.50047,1.62942,1.23911,2.34751e-05,0.849475,1.10947,0.992917,0.944149,1.10736,1.24548,1.27336,1.19391,800,,,,,,,23.4599,25.7765,29.066,20.4795,8,0.869057,,39.2179,19.609,0.944149,1.84739,0.247375,1.45803,2.02866,2.00708,1.64912,0.385907,0.0870137,0.883704,1280
n6_cool_s-1_air,n6,cool,-1,air,D2,D2/modular/tiled,raw,T2,102400,101610,0.793828,True,0.972002,0.121071,0.171212,0.138326,0.397699,0.0785451,0.149744,0.995186,0.995053,0.372422,0.0699382,0.9966,,-0.00121832,-0.00135509,-0.00231969,-0.00260003,False,0.588695,0.253317,0.42295,0.157895,0.519161,0.214581,0.680245,0.215633,0.684025,0.543016,0,0.893029,0.96099,0.960769,0.899863,0.903582,1.02482,1.03742,0.972002,800,,,,,,,9.99449,12.7982,15.1428,12.3598,8,0.416128,,20.1555,10.0777,0.899863,0.721279,0.12947,0.829451,1.08358,1.08054,0.938406,0.10848,0.0415784,0.538985,1280
n6_cool_s-1_air,n6,cool,-1,air,D2,D2/modular/tiled,raw,T3,204800,204912,1.60088,True,0.644217,0.0644627,0.10722,0.0825466,0.219185,0.0467646,0.0770168,0.998367,0.998508,0.440156,0.073385,0.3434,,-0.000605149,0.00146525,0.000261828,-4.08754e-06,False,0.297734,0.136494,0.203121,0.0998556,0.300258,0.138726,0.39826,0.139908,0.410674,0.301793,0,0.902101,0.949517,0.936315,0.958326,0.63819,0.724296,0.711803,0.644217,800,,,,,,,5.73845,7.20022,9.38013,4.57281,8,0.160186,,9.99453,4.99727,0.958326,0.244714,0.0451615,0.474268,0.598176,0.596218,0.538606,0.0750909,0.0234856,0.334865,1280
n6_cool_s-1_air,n6,cool,-1,air,D-j,D-j,raw,T1,51200,50140,0.391719,True,1.79878,0.749354,2.15387,1.53679,3.99711,0.871068,0.95241,0.97699,0.979039,0.0703352,0.0780298,48,,-0.0163823,-0.0557593,-0.0324909,-0.0753848,False,5.44492,2.5563,3.91641,1.92564,4.87315,2.64934,6.25608,2.67768,6.35785,5.15029,3.91252e-06,1.34687,2.06952,2.00939,1.60661,1.48498,2.16308,2.1351,1.79878,800,,,,,,,47.5843,107.902,95.7843,74.4667,8,3.08965,,40.8456,20.4228,1.60661,4.53209,0.574048,1.88037,2.72095,2.69218,2.2329,1.07769,0.281075,2.72459,1280
n6_cool_s-1_air,n6,cool,-1,air,D-j,D-j,raw,T2,102400,99268,0.775531,True,1.17247,0.507468,0.745222,0.627715,1.62406,0.350844,0.637139,0.990736,0.991635,0.0708487,0.0762205,83,,-0.00800605,-0.027036,-0.03967,-0.0179681,False,2.20301,1.04848,1.48266,0.712931,2.06708,0.906236,2.45755,0.907017,2.41965,2.13759,0,1.07336,1.35171,1.35466,1.09711,1.14042,1.38133,1.36168,1.17247,800,,,,,,,23.5843,55.0588,39.902,44.0824,8,2.27212,,20.631,10.3155,1.09711,1.71358,0.439937,1.16389,1.61377,1.60833,1.35392,0.528141,0.16452,2.41306,1280
n6_cool_s-1_air,n6,cool,-1,air,D-j,D-j,raw,T3,204800,198706,1.55239,True,0.845487,0.458391,0.579675,0.470605,1.19311,0.265146,0.561267,0.996643,0.997205,0.0808491,0.0809183,95,,-0.00167211,-0.0265466,-0.0240723,-0.0127039,False,1.61916,0.758503,1.05279,0.545307,1.50797,0.600611,1.61128,0.595603,1.65682,1.484,0,0.896147,1.08545,1.08813,0.935803,0.810435,0.959104,0.978945,0.845487,800,,,,,,,11.8078,16.5843,17.102,15.2314,8,1.49916,,10.3067,5.15334,0.935803,1.90492,0.360918,0.699184,0.906998,0.901853,0.78035,0.499475,0.150117,1.95628,1280
n6_cool_s-1_air,n6,cool,-1,air,L,L,raw,T1,51200,50305,0.393008,True,1.03757,0.310188,0.469769,0.448716,1.27151,0.248941,0.383653,0.990873,0.988416,0.18918,0.0412587,0.5008,,-0.00848925,0.0172539,-0.0282331,-0.00595413,False,1.93661,0.866521,1.36084,0.587842,1.76131,1.18816,13.991,1.19339,13.9932,1.36681,1.95626e-05,0.925954,0.937326,0.933746,0.870996,1.14662,1.0746,1.07426,1.03757,800,,,,,,,24.1071,56.6925,60.3075,13.1178,8,1.22636,,40.7117,20.3558,0.870996,1.14617,0.230015,1.27095,2.84489,2.83748,1.04945,0.28853,0.104269,1.04583,1280
n6_cool_s-1_air,n6,cool,-1,air,L,L,raw,T2,102400,104253,0.814477,True,0.725341,0.159658,0.25556,0.257834,0.665008,0.143902,0.210459,0.99248,0.989885,0.170694,0.0316582,0.2156,,-0.0076044,0.0202365,-0.0255722,-0.00381909,False,0.957708,0.436374,0.648332,0.324261,0.9329,0.98772,14.016,0.995694,14.2909,0.701833,0,0.854735,0.856519,0.844183,0.824258,0.945868,0.835992,0.832255,0.725341,800,,,,,,,16.4964,59.6095,57.3905,11.0586,8,0.68737,,19.6445,9.82226,0.824258,0.767872,0.131908,0.896673,2.77959,2.77863,0.679106,0.219007,0.0598562,0.463793,1280
n6_cool_s-1_air,n6,cool,-1,air,L,L,raw,T3,204800,206946,1.61677,True,0.419084,0.105788,0.124482,0.12829,0.34552,0.0712641,0.142081,0.993377,0.990727,0.181078,0.0352613,0.0761,,-0.00847973,0.0206017,-0.0251715,-0.000134093,False,0.491486,0.233197,0.351504,0.161987,0.470673,0.909574,13.9549,0.928722,14.2098,0.357095,0,0.829389,0.815199,0.833337,0.825001,0.666504,0.680913,0.700784,0.419084,800,,,,,,,11.2227,58.1546,58.8454,5.39075,8,0.449829,,9.8963,4.94815,0.825001,0.755718,0.0774949,0.546448,2.74747,2.74575,0.360682,0.110208,0.0392409,0.289719,1280
n6_cool_s-1_air,n6,cool,-1,air,D-lin,D-lin,raw,T1,51200,50870,0.397422,True,2.20778,0.942426,2.17536,1.58371,5.65321,0.874415,1.17224,0.968342,0.97177,0.060692,0.060764,60,,0.0152115,0.020101,0.0196682,0.007843,False,11.9135,4.40659,8.56405,2.43258,6.80039,2.2899,5.96524,2.27802,5.78662,5.38155,0.00387339,2.0235,2.48673,2.51163,2.10686,2.14562,2.57542,2.62273,2.20778,800,,,,,,,25,49,38,51,8,5.45247,,40.2595,20.1297,2.10686,9.69044,0.6515,1.86568,2.3124,2.32757,2.1099,1.65352,0.394744,4.84456,1280
n6_cool_s-1_air,n6,cool,-1,air,D-lin,D-lin,raw,T2,102400,102105,0.797695,True,1.38826,0.403517,0.658424,0.476003,2.03877,0.265121,0.456016,0.986781,0.988361,0.0584433,0.0644171,87,,0.00728305,-0.00612926,-0.00246439,-0.00439286,False,4.07615,1.56321,2.92622,0.748364,2.1013,0.683117,1.81978,0.707417,1.85624,1.66951,0.000825541,1.35464,1.43722,1.53025,1.34163,1.43394,1.44209,1.57282,1.38826,800,,,,,,,15,19,20,19,8,2.74616,,20.0578,10.0289,1.34163,2.64496,0.306485,1.16434,1.35681,1.36041,1.26505,0.604733,0.14742,1.78606,1280
n6_cool_s-1_air,n6,cool,-1,air,D-lin,D-lin,raw,T3,204800,205201,1.60313,True,0.909942,0.151457,0.188345,0.15175,0.583512,0.0841631,0.183386,0.995264,0.996352,0.0618394,0.0658874,96,,-0.00801058,-0.00535088,-0.00570722,-0.00605143,False,1.08611,0.42573,0.808405,0.208876,0.705546,0.202608,0.622338,0.199794,0.625797,0.5608,9.39004e-05,1.02501,1.1258,1.0958,1.05557,0.969565,0.976749,0.955757,0.909942,800,,,,,,,6,6,7,6,8,1.18373,,9.98046,4.99023,1.05557,1.3459,0.105701,0.701785,0.764483,0.763289,0.734001,0.261892,0.054163,0.819254,1280
n6_cool_s-1_air,n6,cool,-1,air,D2-lin,D2-lin/modular,raw,T1,51200,51732,0.404156,True,1.45378,0.387565,0.380766,0.320579,1.33445,0.180061,0.472444,0.982803,0.985789,0.419567,0.120394,2.3237,,0.00247984,-0.00182274,0.000156469,-0.000324673,False,2.71431,1.00631,1.90821,0.459312,1.71854,0.410567,1.37782,0.434965,1.39781,1.27775,0.000645565,1.34653,1.42762,1.43963,1.25992,1.47531,1.54441,1.58662,1.45378,800,,,,,,,18,18,19,17,8,2.01492,,39.5886,19.7943,1.25992,3.44828,0.427305,1.61366,1.80013,1.82543,1.70654,0.534695,0.156737,1.34733,1280
n6_cool_s-1_air,n6,cool,-1,air,D2-lin,D2-lin/modular,raw,T2,102400,102916,0.804031,True,1.26775,0.20977,0.207446,0.16938,0.72624,0.0957236,0.25571,0.992078,0.994934,0.438088,0.125746,0.7716,,0.00446292,0.000500667,-0.000215145,-0.00149428,False,1.50805,0.560054,1.13859,0.244621,0.945054,0.220258,0.79271,0.23185,0.78832,0.736008,0.000168238,1.18252,1.20181,1.27617,1.15319,1.2602,1.25076,1.3062,1.26775,800,,,,,,,9,13,11,11,8,1.50184,,19.8997,9.94986,1.15319,1.56134,0.131827,0.955984,1.0163,1.0113,1.00056,0.325748,0.0801475,0.999527,1280
n6_cool_s-1_air,n6,cool,-1,air,D2-lin,D2-lin/modular,raw,T3,204800,202026,1.57833,True,1.05099,0.13195,0.138447,0.122226,0.501398,0.0689627,0.146311,0.995697,0.997859,0.48095,0.129302,0.2843,,0.00333252,0.000281625,-0.000172116,7.82344e-05,False,0.974248,0.378835,0.732149,0.157509,0.597091,0.154269,0.508535,0.155887,0.523811,0.460414,1.95626e-05,1.16792,1.22703,1.24065,1.16434,1.08062,1.05225,1.0823,1.05099,800,,,,,,,4,4,4,4,8,0.452084,,10.1373,5.06865,1.16434,1.17994,0.0964748,0.651787,0.663266,0.662941,0.668721,0.193186,0.054528,0.642405,1280
n6_cool_s-1_air,n6,cool,-1,air,D2,D2/vardct,raw,T1,51200,49898,0.389828,True,1.25149,0.278401,0.913278,0.677074,1.91372,0.380776,0.3369,0.988896,0.987572,0.649638,0.114913,3.3847,,-0.0230419,-0.0323175,-0.0379264,-0.026681,False,2.76054,1.25106,1.90134,0.876662,2.62193,1.21515,3.56593,1.21267,3.51564,2.68968,3.91252e-06,1.0389,1.30291,1.35345,1.0548,1.15724,1.43791,1.52939,1.25149,800,,,,,,,25.7747,45.3831,45.8948,30.424,8,0.800051,,41.0437,20.5219,1.0548,0.951555,0.346678,1.31107,1.80912,1.83417,1.48644,0.222901,0.116387,1.998,1280
n6_cool_s-1_air,n6,cool,-1,air,D2,D2/vardct,raw,T2,102400,102111,0.797742,True,0.959711,0.153759,0.424975,0.327065,0.865894,0.182302,0.207997,0.995924,0.996148,0.63509,0.114304,1.254,,-0.0102775,-0.0107927,-0.00229047,-0.00757982,False,1.16579,0.546732,0.770896,0.407581,1.13099,0.550353,1.52076,0.563278,1.52478,1.18432,0,0.735302,0.890422,0.868968,0.784188,0.885629,1.01947,1.01544,0.959711,800,,,,,,,18.356,15.3272,12.8357,16.8066,8,0.834939,,20.0566,10.0283,0.784188,1.02254,0.148358,0.770035,0.984308,0.972853,0.846196,0.184764,0.0638249,0.494775,1280
n6_cool_s-1_air,n6,cool,-1,air,D2,D2/vardct_np,raw,T1,51200,50046,0.390984,True,10.5305,1.66913,4.04374,2.83826,9.7685,1.67176,1.82498,0.808491,0.73498,0.497339,0.103284,5.2276,,0.37911,0.466397,0.487929,0.446929,False,13.5373,6.24721,8.91463,3.70599,16.4684,5.15015,23.3642,5.05266,23.3543,17.9554,0.00380688,9.94507,13.0749,13.46,10.4774,10.035,13.0595,13.4342,10.5305,800,,,,,,,103.685,125.5,127.866,144.414,8,4.78857,,40.9224,20.4612,10.4774,10.1427,2.55175,6.4906,9.71823,9.89236,8.07261,1.90943,0.779161,4.66826,1280
n6_cool_s-1_air,n6,cool,-1,air,D2,D2/vardct_np,raw,T2,102400,102710,0.802422,True,6.49812,0.759267,2.16577,1.53819,4.72867,0.870104,0.838846,0.896053,0.89267,0.511864,0.112926,1.5963,,0.185323,0.207217,0.215574,0.204917,False,6.68807,2.86703,4.52805,1.99182,7.49388,2.63917,9.33619,2.68622,9.86444,8.10275,0.000610353,5.64437,7.76739,7.78738,6.43999,5.5447,7.7371,7.67209,6.49812,800,,,,,,,55.7787,65.5834,61.1221,67.1088,8,1.91815,,19.9396,9.96982,6.43999,4.13117,0.850714,4.0636,5.75338,5.86162,4.84961,0.838308,0.318646,4.49318,1280
n6_cool_s-1_air,n6,cool,-1,air,D2,D2/modular_np,raw,T1,51200,52228,0.408031,True,1.83755,0.693836,1.25317,0.96479,3.52563,0.537994,0.742376,0.979289,0.984173,0.249905,0.119859,2.6232,,0.00336628,0.000956882,-0.0112825,-0.00234489,False,6.60695,2.6477,5.13993,1.35102,4.73619,1.36481,4.61123,1.39748,4.5686,4.21298,0.00106812,1.82435,2.03216,2.08722,1.78497,1.87227,2.06752,2.12891,1.83755,800,,,,,,,21.0074,20.9902,27.0075,20.0005,8,1.84297,,39.2127,19.6063,1.78497,3.79745,0.871799,1.76763,2.06598,2.09532,1.95204,0.630596,0.253736,4.34037,1280
n6_cool_s-1_air,n6,cool,-1,air,D2,D2/modular_np,raw,T2,102400,101700,0.794531,True,1.35053,0.331962,0.668267,0.51498,2.02999,0.280338,0.442168,0.991453,0.993964,0.260021,0.121367,0.8861,,-0.00859828,0.00330244,0.00304333,0.00578489,False,4.3343,1.53746,3.70496,0.687035,2.48743,0.700558,2.40948,0.704411,2.32934,2.14394,0.000313001,1.56293,1.32242,1.42415,1.296,1.5429,1.36046,1.4133,1.35053,800,,,,,,,8.97784,12.9931,10.0361,9.96947,8,1.37244,,20.1377,10.0688,1.296,1.83312,0.253497,1.04291,1.14176,1.13427,1.12267,0.393279,0.128997,1.25463,1280
n6_cool_s-1_uw,n6,cool,-1,uw,W,W,raw,T1,51200,51056,0.398875,True,1.03428,1.89395,1.11053,0.909524,3.54236,0.674924,1.0531,0.958393,0.96331,0.0758252,0.0927103,477.5896,,-0.0217353,-0.00480841,-0.0131292,-0.0221931,False,6.37786,4.58125,9.73383,1.01949,3.7367,1.33719,4.74786,1.28319,4.66853,4.31723,0.000125635,0.861371,1.23101,1.19956,0.789569,1.10502,1.34805,1.42028,1.03428,800,,,,,,,23.1577,39.1059,47.6954,7.37772,8,7.50403,,40.1128,20.0564,0.789569,3.7589,1.02435,1.77711,2.8734,2.94343,0.600201,14.0811,1.5896,13.1751,1280
n6_cool_s-1_uw,n6,cool,-1,uw,W,W,raw,T2,102400,103463,0.808305,True,0.920573,0.515197,0.558025,0.455943,1.39268,0.333197,0.323154,0.982115,0.985575,0.0810332,0.11163,163.9651,,0.00128323,0.0173331,0.0172836,-0.00723194,False,2.09413,1.50349,3.13659,0.454411,1.44521,0.550865,1.74792,0.566105,1.7234,1.73584,9.30626e-06,0.775325,0.909938,0.924492,0.741764,0.971822,1.05037,1.04546,0.920573,800,,,,,,,11.4192,18.8913,16.8785,4.48423,8,1.99287,,19.7945,9.89726,0.741764,1.16767,0.310237,0.959611,1.38848,1.34718,0.450533,3.27011,0.435872,2.6626,1280
n6_cool_s-1_uw,n6,cool,-1,uw,W,W,raw,T3,204800,205884,1.60847,True,0.688756,0.188702,0.24109,0.204421,0.571514,0.146902,0.138576,0.993696,0.99498,0.108709,0.109135,55.4919,,0.00218905,0.0138378,0.0138076,-0.00179232,False,0.824953,0.588797,1.04167,0.18387,0.575745,0.235846,0.705851,0.233202,0.69595,0.792948,0,0.790677,0.832508,0.827258,0.826092,0.766531,0.785963,0.781583,0.688756,800,,,,,,,4.80355,5.86155,6.04077,1.7811,8,0.512277,,9.94735,4.97367,0.826092,0.561059,0.148323,0.546525,0.66684,0.670156,0.299706,0.841062,0.137412,0.927554,1280
n6_cool_s-1_uw,n6,cool,-1,uw,M0-r1,repeat,floor,floor,,,,,1.3991,0.850333,0.946893,0.886025,2.62329,0.628051,0.678302,0.964873,0.985624,,,,,0.0299684,0.0079599,0.0108143,0.00219241,False,3.85182,2.86932,5.56149,0.952645,2.88696,0.94662,2.82677,0.949287,2.87039,2.87658,0,0.811766,0.820853,0.821369,0.817325,1.40037,1.43479,1.43965,1.3991,800,,,,,,,9,29,26,3,8,3.2595,,,,0.817325,4.84581,0.662739,1.03336,1.24095,1.23896,0.560448,4.29048,0.599011,3.56866,1280
n6_cool_s-1_uw,n6,cool,-1,uw,M1-q∞,isp-floor,floor,floor,,,,,0.044766,0.321605,0.165831,0.179495,0.518758,0.139362,0.293207,0.999781,0.999792,,,,,0.000504996,0.00483685,0.00469144,-0.00363117,False,0.737768,0.421558,0.676965,0.18863,0.585892,0.335777,1.10767,0.337731,1.14146,0.484185,0,0.836237,0.907933,0.918049,0.805627,0.138757,0.326997,0.313083,0.044766,800,,,,,,,0.409774,0.895245,0.84307,0.0640977,8,0.90785,,,,0.805627,0.490551,0.271652,0.127928,0.289012,0.288515,0.0216028,0.566861,0.146453,1.05003,1280
n6_cool_s-1_uw,n6,cool,-1,uw,M1,,processed,T1,51200,50532,0.394781,True,0.941157,1.56456,0.874743,1.75897,4.5792,1.34722,1.29481,0.9817,0.987273,0.0223727,0.096612,55,,0.044275,0.305126,0.186733,-0.0278179,False,6.41688,4.08335,6.34018,2.02097,6.00846,2.32553,7.42011,2.27859,7.05056,2.55804,0,1.60322,2.68214,2.55308,0.624983,1.73417,2.63354,2.63136,0.941157,800,0,0,0,0.000382813,0,0.000734375,15.2398,34.5607,49.2908,3.76232,8,5.60028,,40.5288,20.2644,0.624983,2.87036,0.654858,1.32442,2.14924,2.13848,0.421355,6.28019,1.02052,8.74435,1280
n6_cool_s-1_uw,n6,cool,-1,uw,M1,,processed,T2,102400,100629,0.786164,True,0.82243,1.23308,0.507193,0.927218,2.50132,0.695565,0.991514,0.989321,0.992733,0.0216519,0.0896802,82,,0.0230482,0.121104,-0.00236148,-0.015586,False,3.54103,2.56992,4.37121,1.17808,3.46861,1.28451,4.01217,1.16282,4.01736,1.65928,0,1.24014,2.43878,2.34266,0.609186,1.40613,2.40555,2.3898,0.82243,800,0,0,0,0.000382813,0,0.000734375,14.3751,27.6123,31.764,2.64185,8,4.06165,,20.352,10.176,0.609186,1.99419,0.448466,1.15964,1.81615,1.79932,0.36181,6.43087,0.78462,5.86002,1280
n6_cool_s-1_uw,n6,cool,-1,uw,M1,,processed,T3,204800,213815,1.67043,True,0.702564,0.885689,0.367555,0.510204,1.67756,0.375031,0.708293,0.993691,0.995711,0.023569,0.0867356,94,,0.0342387,0.15257,0.0299634,-0.0199247,False,2.74196,1.74206,3.77653,0.590076,2.28935,0.886507,2.83748,0.713282,2.48647,1.38897,0,1.14114,2.04569,2.16918,0.599467,1.23647,1.99752,2.15673,0.702564,800,0,0,0,0.000382813,0,0.000734375,13.5902,15.024,25.5856,2.16002,8,3.39593,,9.57837,4.78919,0.599467,1.93226,0.384765,1.06002,1.53965,1.53347,0.304562,4.4638,0.614437,4.31849,1280
n6_cool_s-1_uw,n6,cool,-1,uw,M1-444,,processed,T1,51200,50750,0.396484,True,0.942092,1.70858,0.81113,1.49301,4.03865,1.16081,1.46593,0.975111,0.982918,0.0224221,0.0919479,37,,0.108396,0.0790027,0.0345877,0.0276065,False,5.35703,3.36176,4.76378,1.96678,6.85894,2.23092,7.53873,2.2023,7.72223,2.62204,0,1.57068,2.29526,2.32602,0.68565,1.65414,2.40351,2.37667,0.942092,800,0,0,0,0.000382813,0,0.000734375,17.8481,42.9504,52.0667,3.32408,8,4.65278,,40.3547,20.1773,0.68565,1.45729,0.802081,1.47378,2.35873,2.35234,0.417721,3.58638,0.836819,5.1793,1280
n6_cool_s-1_uw,n6,cool,-1,uw,M1-444,,processed,T2,102400,98832,0.772125,True,0.805917,0.854737,0.415879,0.765345,2.06945,0.590333,0.744168,0.984584,0.989679,0.023675,0.0977926,70,,-0.0288343,0.081781,0.0228403,0.00011667,False,3.01503,1.87036,2.92146,1.05001,3.35084,1.19487,3.77646,1.13863,3.87784,1.32009,0,1.161,2.06191,2.08927,0.70955,1.35026,2.09249,2.1561,0.805917,800,0,0,0,0.000382813,0,0.000734375,15.1432,30.1726,50.6839,2.8521,8,2.28659,,20.722,10.361,0.70955,1.67991,0.361491,1.183,1.81028,1.79308,0.348642,1.90161,0.368085,2.56466,1280
n6_cool_s-1_uw,n6,cool,-1,uw,M1-444,,processed,T3,204800,194954,1.52308,True,0.640466,0.472965,0.277231,0.432103,1.44483,0.322888,0.415243,0.990503,0.993856,0.0273693,0.0974805,87,,0.0339592,0.0644246,0.0125493,-0.00496217,False,2.48374,1.32907,2.29917,0.603977,2.38364,0.793438,2.76263,0.756611,2.67662,1.00741,0,1.10036,1.86182,1.93066,0.708112,1.09296,1.80422,1.90675,0.640466,800,0,0,0,0.000382813,0,0.000734375,14.529,27.6123,22.06,2.06667,8,1.34433,,10.505,5.25252,0.708112,0.813268,0.151506,0.974696,1.50806,1.49687,0.274138,1.0685,0.264116,1.51869,1280
n6_cool_s-1_uw,n6,cool,-1,uw,M1j,,processed,T1,51200,50845,0.397227,True,0.918267,1.12755,0.566543,0.919675,2.34745,0.689444,0.844693,0.980202,0.987322,0.0336857,0.101958,65,,0.0148111,0.0427522,-0.0164923,-0.0175986,False,3.32029,2.41825,4.0921,1.15203,3.21947,1.24586,4.0062,1.25715,4.02051,1.74528,0,1.1039,1.82091,1.69672,0.617673,1.32253,1.8595,1.80573,0.918267,800,0,0,0,0.000382813,0,0.000734375,18.516,44.2371,60.149,3.36884,8,3.12652,,40.2793,20.1396,0.617673,1.17755,0.588327,1.24101,1.87192,1.85789,0.412004,5.63785,0.780591,4.63888,1280
n6_cool_s-1_uw,n6,cool,-1,uw,M1j,,processed,T2,102400,102651,0.801961,True,0.806238,0.920726,0.327521,0.447777,1.49178,0.322729,0.620866,0.988643,0.992339,0.0299558,0.0995075,88,,0.0148424,0.0509038,-0.0132158,-0.0147627,False,2.33841,1.6741,3.5785,0.529741,1.72841,0.711754,2.53221,0.712839,2.65054,1.30339,0,0.995885,1.49735,1.51038,0.592067,1.24832,1.5104,1.56662,0.806238,800,0,0,0,0.000382813,0,0.000734375,14.259,31.024,43.6152,2.55035,8,3.38225,,19.9511,9.97555,0.592067,1.44919,0.287978,1.06104,1.44763,1.43187,0.346284,5.60459,0.634186,4.78347,1280
n6_cool_s-1_uw,n6,cool,-1,uw,M1j,,processed,T3,204800,197466,1.5427,True,0.659413,0.801254,0.267371,0.289731,1.37722,0.209727,0.543044,0.993818,0.995607,0.0336193,0.105994,95,,0.0201629,0.0547811,-0.00625051,-0.0142491,False,2.27099,1.54703,3.4729,0.34081,1.67636,0.563245,2.09548,0.565933,2.13664,1.22491,0,0.952056,1.39795,1.39994,0.58712,1.11055,1.35924,1.37185,0.659413,800,0,0,0,0.000382813,0,0.000734375,13.1721,25.8901,31.764,2.21913,8,3.3938,,10.3714,5.1857,0.58712,1.58466,0.242245,0.972777,1.20824,1.18259,0.281778,4.53245,0.597639,4.68485,1280
n6_cool_s-1_uw,n6,cool,-1,uw,M1-fix,,processed,T1,51200,50808,0.396937,True,21.0839,38.1323,194.011,33.1405,47.9029,26.9701,36.8934,0.944956,0.958677,0.020555,0.104434,66,,1.11264,4.85574,4.72732,13.2287,False,59.6406,54.1836,79.7503,6.46997,12.7526,21.456,44.5096,21.1196,44.7259,440.278,0,1.74656,6.09789,5.54659,21.0193,1.94282,6.18598,5.73042,21.0839,800,0.131265,0,0.999998,0.000146484,0.000871094,0,20.622,50.2766,57.2642,33.3618,8,68.0823,,40.3086,20.1543,21.0193,680.022,184.955,1.73992,6.12272,6.01525,15.9552,72.3982,25.3231,90.4585,1280
n6_cool_s-1_uw,n6,cool,-1,uw,M1-fix,,processed,T2,102400,104197,0.814039,True,21.1249,38.14,193.787,33.1439,47.7481,26.9293,36.8905,0.949468,0.963611,0.024574,0.106885,88,,1.11419,4.90029,4.78658,13.2276,False,59.6767,54.011,79.7323,6.63912,11.484,21.9188,44.3602,21.9135,44.8152,442.003,0,1.5608,5.95763,5.50931,21.057,1.63088,6.09529,5.58134,21.1249,800,0.131265,0,0.999998,0.000146484,0.000871094,0,15.4144,40.6956,40.786,34.4247,8,67.986,,19.6551,9.82754,21.057,680.237,186.597,1.5924,6.02544,5.91931,15.9558,72.3959,25.3562,90.4247,1280
n6_cool_s-1_uw,n6,cool,-1,uw,M1-fix,,processed,T3,204800,193729,1.51351,False,21.0945,38.1317,193.674,33.1343,47.6673,26.9403,36.8781,0.951671,0.965772,0.0242103,0.105845,95,bracketed (integer knob): metrics interpolated,1.11982,4.90982,4.81439,13.2307,False,59.61,53.9755,79.6362,6.69511,11.4014,21.8431,44.3452,21.7913,44.8224,442.098,0,1.52056,6.25543,5.64153,21.0277,1.63121,6.30168,5.78995,21.0945,800,0.131265,0,0.999998,0.000146484,0.000871094,0,13.8893,32.7178,31.5623,34.3597,8,67.9509,,10.5715,5.28573,21.0277,678.182,186.695,1.54385,5.97957,5.89022,15.9588,72.3459,25.3565,90.4512,1280
n6_cool_s-1_uw,n6,cool,-1,uw,M1-fix,,processed,T3,204800,224419,1.75327,False,21.0894,38.1344,193.873,33.1304,47.7879,26.9557,36.8792,0.95216,0.966267,0.0251585,0.108245,96,bracketed (integer knob): metrics interpolated,1.12308,4.90172,4.8165,13.2298,False,59.5763,54.0311,79.6093,6.73206,11.4339,21.7956,44.2587,21.834,44.755,442.025,0,1.5097,6.20503,5.61696,21.0221,1.63642,6.25591,5.77987,21.0894,800,0.131265,0,0.999998,0.000146484,0.000871094,0,15.0399,33.5685,30.1435,34.3101,8,67.9589,,9.12579,4.56289,21.0221,678.251,186.65,1.54086,5.9604,5.87944,15.9572,72.349,25.3526,90.4038,1280
n6_cool_s-1_uw,n6,cool,-1,uw,M2,,processed,T1,51200,45605,0.356289,False,0.99584,1.50893,2.37032,1.39547,3.67916,1.15737,1.25452,0.982683,0.988796,0.104657,0.152124,17.1019,did not converge within ±5 %,-0.551607,-1.13588,-1.18743,-0.136401,False,4.96716,3.31121,4.64856,3.54376,7.82648,5.7802,11.7078,6.02984,12.3834,4.60153,0,1.33558,2.92521,3.04698,0.677405,1.53779,2.94465,2.93095,0.99584,800,0,0,0,0.000382813,0,0.000734375,17.2196,25.8916,28.2868,3.48288,8,3.24643,,44.9074,22.4537,0.677405,6.4264,2.96496,1.36326,2.1993,2.20785,0.430161,4.05631,1.13928,4.30271,1280
n6_cool_s-1_uw,n6,cool,-1,uw,M2,,processed,T2,102400,104592,0.817125,True,0.872111,1.33835,2.30171,1.21467,3.29385,1.05692,1.05241,0.987615,0.992191,0.116317,0.158476,11.4863,,-0.586963,-1.0963,-1.14854,-0.132424,False,4.74102,2.85691,4.16288,3.64767,7.86733,5.62101,10.5307,5.89434,11.2315,4.13655,0,1.43233,2.66295,2.85192,0.676427,1.49583,2.64924,2.90238,0.872111,800,0,0,0,0.000382813,0,0.000734375,16.9383,22.4128,24.0145,3.25408,8,2.91719,,19.5808,9.79042,0.676427,4.09225,3.10914,1.33208,1.99935,2.02529,0.376039,3.0112,0.999245,3.92815,1280
n6_cool_s-1_uw,n6,cool,-1,uw,M2,,processed,T3,204800,198911,1.55399,True,0.655636,1.31738,2.3248,1.00356,2.44744,0.882076,1.01505,0.991012,0.994302,0.159614,0.175717,6.483,,-0.560613,-1.09565,-1.13048,-0.129882,False,3.5215,2.41155,3.60755,3.56278,6.70466,5.63769,9.60051,5.90348,9.99996,3.78215,0,1.43466,2.67398,2.84691,0.676308,1.43418,2.63734,2.83129,0.655636,800,0,0,0,0.000382813,0,0.000734375,16.1721,18.8916,24.0145,2.13508,8,2.70833,,10.2961,5.14803,0.676308,4.10644,3.17109,1.26142,1.90016,1.93498,0.308936,3.32352,1.02497,3.85234,1280
n6_cool_s-1_uw,n6,cool,-1,uw,M2h,,processed,T1,51200,49585,0.387383,True,0.939057,1.20245,0.505388,0.977184,2.89336,0.729772,0.98199,0.986706,0.990357,0.159749,0.082237,48,,-0.0049936,0.0268501,-0.047702,-0.00631508,False,4.63181,2.69639,4.14843,1.26971,4.02613,1.23385,4.26361,1.31562,4.43435,1.7931,0,1.11553,1.66934,1.73741,0.610453,1.38586,1.76819,1.83173,0.939057,800,0,0,0,0.000382813,0,0.000734375,15.2398,22.4095,25.5856,2.80606,8,3.3975,,41.3028,20.6514,0.610453,2.21409,0.535115,1.16816,1.68694,1.63546,0.374848,3.21686,0.668353,5.3005,1280
n6_cool_s-1_uw,n6,cool,-1,uw,M2h,,processed,T2,102400,95682,0.747516,False,0.821182,0.915232,0.381488,0.697428,2.28042,0.513785,0.812144,0.99008,0.992917,0.209373,0.0899515,56,bracketed (integer knob): metrics interpolated,-0.000572769,0.0339675,-0.030325,-0.00299961,False,3.32537,2.15716,3.31926,0.948623,3.36518,0.989358,3.47039,1.02326,3.60586,1.34174,0,1.01097,1.76684,1.78608,0.617258,1.24157,1.76538,1.82443,0.821182,800,0,0,0,0.000382813,0,0.000734375,15.5747,20.06,24.0145,2.43052,8,3.4334,,21.4042,10.7021,0.617258,1.42714,0.273422,1.09312,1.55056,1.50752,0.315846,2.55604,0.537192,3.81211,1280
n6_cool_s-1_uw,n6,cool,-1,uw,M2h,,processed,T2,102400,111243,0.869086,False,0.780187,0.950394,0.374081,0.665926,2.18538,0.500268,0.788644,0.990703,0.993434,0.214919,0.0986656,57,bracketed (integer knob): metrics interpolated,-0.00141286,0.0405023,-0.0275362,-0.00416984,False,3.1622,2.01796,3.38182,0.896151,3.18738,0.909144,3.26672,0.94207,3.34187,1.32155,0,1.1316,1.73687,1.82525,0.62491,1.32514,1.75406,1.88754,0.780187,800,0,0,0,0.000382813,0,0.000734375,14.7823,19.6656,22.2353,2.20027,8,2.75475,,18.4101,9.20507,0.62491,1.41433,0.321013,1.0771,1.51211,1.46129,0.300119,2.71285,0.559562,3.52101,1280
n6_cool_s-1_uw,n6,cool,-1,uw,M2h,,processed,T3,204800,190564,1.48878,False,0.601673,0.739437,0.292859,0.504277,1.78638,0.378148,0.654737,0.99259,0.995037,0.271002,0.107924,66,bracketed (integer knob): metrics interpolated,-0.00156524,0.0254185,-0.026202,-0.00142878,False,3.01622,1.7193,3.13917,0.71949,2.79823,0.781402,2.76224,0.774561,2.8472,1.08992,0,1.04204,1.81708,1.86912,0.625422,1.18926,1.71782,1.81181,0.601673,800,0,0,0,0.000382813,0,0.000734375,11.8451,15.8366,22.4327,1.91071,8,2.25687,,10.747,5.37352,0.625422,1.53641,0.243495,1.01723,1.36841,1.33,0.242299,2.55142,0.466653,2.38584,1280
n6_cool_s-1_uw,n6,cool,-1,uw,M2h,,processed,T3,204800,215905,1.68676,False,0.552961,0.667827,0.287098,0.480994,1.80394,0.363929,0.62958,0.992947,0.995363,0.268064,0.102502,67,bracketed (integer knob): metrics interpolated,-0.00122891,0.025525,-0.0238359,-0.00131894,False,2.94434,1.72322,3.14151,0.697646,2.74518,0.754533,2.72837,0.757251,2.88612,1.06958,0,1.06733,1.76982,1.79854,0.629627,1.14646,1.73396,1.72388,0.552961,800,0,0,0,0.000382813,0,0.000734375,12.9903,17.118,19.2371,2.13859,8,2.18886,,9.48565,4.74283,0.629627,1.02156,0.255529,1.00392,1.33467,1.29996,0.230751,2.25555,0.449379,2.44054,1280
n6_cool_s-1_uw,n6,cool,-1,uw,C,C,lossless,lossless,,278910,2.17898,,0,0,0,0,0,0,0,1,1,0.0913465,0.084122,,,0,0,0,0,True,0,0,0,0,0,0,0,0,0,0,0,0.804855,0.845083,0.840656,0.799555,0,0,0,0,800,,,,,,,0,0,0,0,8,0,True,7.34287,3.67144,0.799555,0,0,0,0,0,0,0,0,0,1280
n6_cool_s-1_uw,n6,cool,-1,uw,C-jls,C-jls,lossless,lossless,,238684,1.86472,,0,0,0,0,0,0,0,1,1,0.0141765,0.0158772,,,0,0,0,0,True,0,0,0,0,0,0,0,0,0,0,0,0.804855,0.845083,0.840656,0.799555,0,0,0,0,800,,,,,,,0,0,0,0,8,0,,8.58038,4.29019,0.799555,0,0,0,0,0,0,0,0,0,1280
n6_cool_s-1_uw,n6,cool,-1,uw,C-png,C-png,lossless,lossless,,308745,2.41207,,0,0,0,0,0,0,0,1,1,1.28505,0.00968396,,,0,0,0,0,True,0,0,0,0,0,0,0,0,0,0,0,0.804855,0.845083,0.840656,0.799555,0,0,0,0,800,,,,,,,0,0,0,0,8,0,,6.63331,3.31665,0.799555,0,0,0,0,0,0,0,0,0,1280
n6_cool_s-1_uw,n6,cool,-1,uw,C2,C2/e3,lossless,lossless,,240113,1.87588,,0,0,0,0,0,0,0,1,1,0.138778,0.134813,,,0,0,0,0,True,0,0,0,0,0,0,0,0,0,0,0,0.804855,0.845083,0.840656,0.799555,0,0,0,0,800,,,,,,,0,0,0,0,8,0,,8.52932,4.26466,0.799555,0,0,0,0,0,0,0,0,0,1280
n6_cool_s-1_uw,n6,cool,-1,uw,C2,C2/e7,lossless,lossless,,220532,1.72291,,0,0,0,0,0,0,0,1,1,0.474747,0.16446,,,0,0,0,0,True,0,0,0,0,0,0,0,0,0,0,0,0.804855,0.845083,0.840656,0.799555,0,0,0,0,800,,,,,,,0,0,0,0,8,0,,9.28663,4.64332,0.799555,0,0,0,0,0,0,0,0,0,1280
n6_cool_s-1_uw,n6,cool,-1,uw,C2,C2/e7/tiled,lossless,lossless,,215474,1.68339,,0,0,0,0,0,0,0,1,1,0.512417,0.0930166,,,0,0,0,0,True,0,0,0,0,0,0,0,0,0,0,0,0.804855,0.845083,0.840656,0.799555,0,0,0,0,800,,,,,,,0,0,0,0,8,0,,9.50463,4.75231,0.799555,0,0,0,0,0,0,0,0,0,1280
n6_cool_s-1_uw,n6,cool,-1,uw,N,N/b7,near-lossless,near-lossless,,277123,2.16502,,0.215594,1.07352,1.29877,0.969407,2.6035,0.69183,1.05377,0.998473,0.998684,0.0918608,0.0865379,,,0.0694097,0.0215846,0.0232169,-0.0386355,False,3.16204,2.38917,3.60129,0.978265,2.32096,0.789599,2.38635,0.798924,2.38393,3.96818,0,0.942387,1.18641,1.19235,0.871191,0.500301,0.820535,0.828144,0.215594,800,,,,,,,1.0408,1.64152,1.40821,0.395065,8,2.05566,,7.39022,3.69511,0.871191,4.11945,1.68489,0.37911,0.585108,0.583716,0.176341,2.47292,0.579799,2.79203,1280
n6_cool_s-1_uw,n6,cool,-1,uw,N,N/b8,near-lossless,near-lossless,,384976,3.00762,,0.145489,0.734797,0.804066,0.581068,1.55186,0.436358,0.704831,0.999698,0.999678,0.082673,0.0871365,,,0.0218329,-0.0222266,-0.0209392,0.00327011,False,1.82076,1.31048,1.62658,0.524356,1.32106,0.506689,1.43153,0.506929,1.46189,1.96072,0,0.887788,0.947895,0.980763,0.82117,0.20229,0.41324,0.416785,0.145489,800,,,,,,,0.54902,0.741176,0.803922,0.196078,8,2.54098,,5.31981,2.65991,0.82117,3.68238,1.36819,0.190305,0.301142,0.300569,0.0773082,1.31483,0.353694,2.31502,1280
n6_cool_s-1_uw,n6,cool,-1,uw,N,N/b9,near-lossless,near-lossless,,511016,3.99231,,0.0733812,0.327269,0.343895,0.233258,0.645697,0.175606,0.312409,0.999917,0.999931,0.0864625,0.0888725,,,0.00302488,0.00743091,0.00805907,-0.00247331,False,0.869442,0.54203,0.699134,0.135635,0.559276,0.19214,0.58501,0.191872,0.59323,0.98503,0,0.808715,0.872292,0.846181,0.818279,0.110364,0.144811,0.147096,0.0733812,800,,,,,,,0.265306,0.390926,0.390015,0.0868831,8,0.683229,,4.0077,2.00385,0.818279,1.36541,0.714356,0.0814861,0.139216,0.139397,0.0409442,0.672555,0.168593,0.920632,1280
n6_cool_s-1_uw,n6,cool,-1,uw,N,N/b10,near-lossless,near-lossless,,638200,4.98594,,0.0295412,0.156695,0.159677,0.116745,0.311159,0.0853346,0.143271,0.999977,0.999981,0.086919,0.0919966,,,-0.0156372,-0.00514558,-0.00514709,-0.00358392,False,0.36614,0.243432,0.320342,0.103034,0.337049,0.100002,0.311097,0.101742,0.318773,0.466941,0,0.810603,0.850056,0.830528,0.800064,0.0465956,0.0977569,0.0990989,0.0295412,800,,,,,,,0.124449,0.169672,0.205981,0.0488271,8,0.387506,,3.20903,1.60451,0.800064,0.862789,0.325008,0.050773,0.0694497,0.0693219,0.0217575,0.347629,0.0806923,0.494088,1280
n6_cool_s-1_uw,n6,cool,-1,uw,D,D,raw,T1,51200,50909,0.397727,True,1.13519,1.93843,2.07779,1.72656,4.11966,1.24952,1.39166,0.963195,0.974775,0.0799923,0.0755645,55,,0.0286372,0.0170584,0.0268101,0.00934722,False,5.22698,3.93106,6.75787,1.716,4.18789,2.23499,5.09865,2.17685,5.1412,5.56604,9.77158e-05,1.28726,2.11552,2.1377,0.940578,1.47428,2.22489,2.25395,1.13519,800,,,,,,,20.8078,44.9176,60.8588,8.08235,8,4.80297,,40.2286,20.1143,0.940578,7.82282,1.76747,1.50218,2.43824,2.45489,0.583907,17.1781,1.72563,7.08554,1280
n6_cool_s-1_uw,n6,cool,-1,uw,D,D,raw,T2,102400,101746,0.794891,True,1.02803,0.906186,0.931745,0.782944,2.0711,0.561996,0.779582,0.979868,0.987975,0.0609001,0.0603001,84,,0.0188038,-0.00855295,-0.0181545,-0.00314749,False,2.77952,1.82391,3.00724,0.714052,2.05647,0.860858,2.35047,0.877037,2.36439,2.79475,0,1.06113,1.43287,1.4432,0.944626,1.17852,1.45431,1.5069,1.02803,800,,,,,,,16.1373,25.3922,26.651,5.56471,8,2.09871,,20.1286,10.0643,0.944626,4.62017,1.739,0.997288,1.51207,1.51766,0.45621,7.83692,0.772081,3.60824,1280
n6_cool_s-1_uw,n6,cool,-1,uw,D,D,raw,T3,204800,213417,1.66732,True,0.796956,0.857777,0.843094,0.645524,1.67846,0.462115,0.776122,0.991156,0.994067,0.055856,0.0524107,95,,0.018661,-0.0202897,-0.0182821,0.00153918,False,2.06136,1.50763,2.05765,0.554497,1.48394,0.590164,1.65053,0.591269,1.64836,2.09417,0,0.987191,1.14586,1.20306,0.919644,0.880922,0.973104,1.02525,0.796956,800,,,,,,,5.93725,10.5255,8.89804,2.59216,8,2.83722,,9.59624,4.79812,0.919644,3.81217,1.35973,0.659125,0.892486,0.890275,0.347476,2.3919,0.424635,2.6775,1280
n6_cool_s-1_uw,n6,cool,-1,uw,D2,D2/modular,raw,T1,51200,50260,0.392656,True,1.01961,1.39738,0.511179,0.410027,2.14896,0.291341,0.820677,0.972617,0.980683,0.415941,0.113836,2.8459,,-0.00911324,0.00138491,-0.00339613,-0.0132854,False,3.877,2.67328,7.32095,0.367171,1.30415,0.493979,1.61187,0.501614,1.62559,2.12217,0.000195432,0.870117,1.10832,0.994848,0.792155,1.12183,1.24296,1.27345,1.01961,800,,,,,,,15.2397,26.126,25.5772,7.07286,8,6.42513,,40.7481,20.3741,0.792155,2.15167,0.364224,1.2939,2.03071,2.00686,0.522222,18.0429,1.36792,10.7511,1280
n6_cool_s-1_uw,n6,cool,-1,uw,D2,D2/modular,raw,T2,102400,99820,0.779844,True,0.897732,0.243408,0.218107,0.185577,0.612464,0.13356,0.208248,0.987859,0.990862,0.447746,0.118558,1.0581,,-0.00320815,-0.00150377,-0.00165995,-0.00239127,False,1.10917,0.642683,1.65956,0.169957,0.540839,0.212818,0.720798,0.220559,0.704263,0.758807,0,0.877969,0.984254,0.97884,0.848175,0.947873,1.01044,1.07284,0.897732,800,,,,,,,8.19521,14.5024,13.6776,3.73135,8,0.877054,,20.5169,10.2585,0.848175,1.13571,0.235486,0.790942,1.12524,1.11882,0.392398,0.45156,0.120706,1.35805,1280
n6_cool_s-1_uw,n6,cool,-1,uw,D2,D2/modular,raw,T3,204800,204498,1.59764,True,0.333619,0.335079,0.14682,0.117814,0.404997,0.0832097,0.213408,0.996701,0.996452,0.488411,0.128649,0.403,,-0.000854308,0.000815991,0.000166102,0.00343694,False,0.680191,0.502544,1.29753,0.103074,0.308703,0.135097,0.401628,0.145408,0.404259,0.460128,0,0.949546,0.882752,0.925386,0.961466,0.695655,0.779779,0.762693,0.333619,800,,,,,,,4.11909,8.91924,8.87407,1.51079,8,1.62456,,10.0148,5.00738,0.961466,0.509643,0.275726,0.496313,0.65359,0.65036,0.231174,2.34532,0.260889,1.88136,1280
n6_cool_s-1_uw,n6,cool,-1,uw,D,D/red+1.5,raw,T1,51200,50572,0.395094,True,1.08048,1.49305,1.40908,1.6013,3.99743,1.16393,1.08366,0.962746,0.974355,0.0571035,0.0668907,"{""R"": 73, ""GB"": 45}",R share 0.27 (eq 0.18),0.0521925,0.0180663,0.0232273,-0.000827618,False,5.40594,3.83597,5.93816,2.19278,5.15768,2.80707,6.31647,2.83667,6.28821,3.80743,3.72251e-05,1.42357,2.25401,2.23657,0.909935,1.61679,2.3322,2.31882,1.08048,800,,,,,,,25.5647,66.2706,65.7843,6.08235,8,3.37518,,40.4967,20.2484,0.909935,3.39036,1.79392,1.65064,2.68749,2.69894,0.513094,10.6359,1.15027,4.99689,1280
n6_cool_s-1_uw,n6,cool,-1,uw,D,D/red+1.5,raw,T2,102400,100095,0.781992,True,0.913684,0.907532,0.842162,0.786353,1.99082,0.56277,0.786252,0.981343,0.987377,0.0580217,0.0619525,"{""R"": 90, ""GB"": 80}",R share 0.31 (eq 0.21),0.021195,-0.00306809,0.00448547,-0.00163284,False,2.63706,1.78106,2.60197,0.776459,2.24523,1.00246,2.65158,1.01118,2.679,2.24463,4.65313e-06,1.0793,1.46991,1.44278,0.922254,1.21825,1.53254,1.58157,0.913684,800,,,,,,,15.6824,26.6078,27.3686,4.29804,8,4.06068,,20.4606,10.2303,0.922254,3.81705,1.16988,1.09391,1.67879,1.69697,0.411773,3.67801,0.525064,4.30586,1280
n6_cool_s-1_uw,n6,cool,-1,uw,D,D/red+1.5,raw,T3,204800,203358,1.58873,True,0.681741,0.781903,0.833904,0.635624,1.6572,0.465442,0.714869,0.992769,0.994454,0.059383,0.0612548,"{""R"": 97, ""GB"": 93}",R share 0.36 (eq 0.25),0.0187848,-0.0195232,-0.017002,0.00332444,False,2.07095,1.45108,1.92474,0.549801,1.47254,0.600847,1.60785,0.590883,1.6452,2.00406,0,0.998999,1.25971,1.21132,0.918633,0.938744,1.15724,1.13476,0.681741,800,,,,,,,7.32941,15.8,14.3333,1.74118,8,2.62915,,10.0709,5.03545,0.918633,3.90228,1.23218,0.741429,1.03538,1.0362,0.288431,1.69859,0.383225,1.96823,1280
n6_cool_s-1_uw,n6,cool,-1,uw,D,D/red+2,raw,T1,51200,50960,0.398125,True,1.03511,1.55975,1.11216,1.74201,4.55382,1.31819,1.31151,0.963705,0.973876,0.0570104,0.0648447,"{""R"": 81, ""GB"": 37}",R share 0.36 (eq 0.18),0.0483475,0.0190506,0.0265617,0.00536251,False,6.25589,3.98566,5.74254,2.6898,6.23546,3.45207,7.66669,3.48267,7.68319,3.24906,0,1.51584,2.55654,2.65203,0.933326,1.70352,2.6747,2.69729,1.03511,800,,,,,,,27.3686,67.6314,60.8588,4.74118,8,3.01273,,40.1884,20.0942,0.933326,5.07768,1.52038,1.7907,2.95018,2.94236,0.474916,9.21916,1.12682,4.844,1280
n6_cool_s-1_uw,n6,cool,-1,uw,D,D/red+2,raw,T2,102400,99809,0.779758,True,0.855906,0.883361,0.83588,0.871216,2.10237,0.620532,0.770547,0.982157,0.98734,0.0610039,0.0666797,"{""R"": 93, ""GB"": 74}",R share 0.40 (eq 0.21),0.0183088,-0.0283769,-0.0156171,0.000261108,False,2.86035,1.92112,2.90715,1.00677,2.63316,1.26499,3.05459,1.26259,3.164,2.06252,0,1.15456,1.7125,1.59865,0.907984,1.27135,1.67916,1.73949,0.855906,800,,,,,,,18.1373,29.9961,37.1412,3.05882,8,3.26849,,20.5192,10.2596,0.907984,4.92481,1.14865,1.20303,1.88656,1.90218,0.380224,1.61103,0.450399,3.55559,1280
n6_cool_s-1_uw,n6,cool,-1,uw,D,D/red+2,raw,T3,204800,206446,1.61286,True,0.338649,0.789576,0.804439,0.683007,1.71491,0.485059,0.725536,0.99404,0.995058,0.0831945,0.0785542,"{""R"": 99, ""GB"": 89}",R share 0.52 (eq 0.25),0.0178424,-0.0204171,-0.0216963,0.00318401,False,2.11738,1.49159,1.99013,0.637436,1.86544,0.750875,2.07504,0.761464,2.05978,1.9934,0,1.00791,1.31151,1.28802,0.891358,1.03653,1.30395,1.25165,0.338649,800,,,,,,,11.0353,19.3373,21.8824,0.984314,8,2.49006,,9.92027,4.96013,0.891358,3.81228,1.25155,0.871196,1.27736,1.28385,0.157819,1.3785,0.379338,2.13368,1280
n6_cool_s-1_uw,n6,cool,-1,uw,D,D/3pl,raw,T1,51200,50827,0.397086,True,1.08048,1.45654,1.40908,1.2213,3.10973,0.910348,1.05561,0.967537,0.975248,0.0633461,0.0551038,73,,0.0230361,0.244805,0.196406,-0.000827618,False,4.09962,3.03852,5.86063,1.13476,2.97051,2.54525,14.1678,2.4851,14.6872,3.80743,3.72251e-05,1.17387,1.96764,1.83775,0.909935,1.30349,2.00708,1.94705,1.08048,800,,,,,,,17.2314,74.3176,69.3961,6.08235,8,3.56721,,40.2935,20.1468,0.909935,3.39036,1.79392,1.23038,3.23387,3.21586,0.513094,11.1843,1.16209,4.85227,1280
n6_cool_s-1_uw,n6,cool,-1,uw,D,D/3pl,raw,T2,102400,100913,0.788383,True,0.913684,0.845247,0.842162,0.698247,1.63964,0.521293,0.758905,0.980072,0.983084,0.0432203,0.0430257,90,,0.0194415,0.222745,0.174712,-0.00163284,False,2.12056,1.4406,2.29475,0.580464,1.66678,1.76461,14.0963,1.87311,14.4133,2.24463,4.65313e-06,1.00158,1.36365,1.38043,0.922254,1.0096,1.40676,1.40123,0.913684,800,,,,,,,9.58431,53.7294,56.5647,4.29804,8,3.59933,,20.2947,10.1474,0.922254,3.81705,1.16988,0.836038,2.91567,2.91038,0.411773,3.86649,0.526029,3.87732,1280
n6_cool_s-1_uw,n6,cool,-1,uw,D,D/3pl,raw,T3,204800,208580,1.62953,True,0.681741,0.687269,0.833904,0.6343,1.39035,0.487892,0.640716,0.98884,0.988176,0.0425417,0.0434828,97,,0.0193613,0.224993,0.176745,0.00332444,False,1.76502,1.11158,1.42001,0.527259,1.41081,1.7118,14.1216,1.8022,14.3713,2.00406,0,1.02284,1.18917,1.21747,0.918633,0.752128,1.14887,1.12102,0.681741,800,,,,,,,4.25882,47.8667,49.1333,1.74118,8,1.77767,,9.81877,4.90939,0.918633,3.90228,1.23218,0.549702,2.78963,2.776,0.288431,1.03498,0.34484,1.69994,1280
n6_cool_s-1_uw,n6,cool,-1,uw,D,D/tiled,raw,T1,51200,50540,0.394844,True,1.13519,1.93843,2.07779,1.72656,4.11966,1.24952,1.39166,0.963195,0.974775,0.0141344,0.0200301,55,,0.0286372,0.0170584,0.0268101,0.00934722,False,5.22698,3.93106,6.75787,1.716,4.18789,2.23499,5.09865,2.17685,5.1412,5.56604,9.77158e-05,1.28726,2.11552,2.1377,0.940578,1.47428,2.22489,2.25395,1.13519,800,,,,,,,20.8078,44.9176,60.8588,8.08235,8,4.80297,,40.5224,20.2612,0.940578,7.82282,1.76747,1.50218,2.43824,2.45489,0.583907,17.1781,1.72563,7.08554,1280
n6_cool_s-1_uw,n6,cool,-1,uw,D,D/tiled,raw,T2,102400,101473,0.792758,True,1.02803,0.906186,0.931745,0.782944,2.0711,0.561996,0.779582,0.979868,0.987975,0.0171083,0.0206545,84,,0.0188038,-0.00855295,-0.0181545,-0.00314749,False,2.77952,1.82391,3.00724,0.714052,2.05647,0.860858,2.35047,0.877037,2.36439,2.79475,0,1.06113,1.43287,1.4432,0.944626,1.17852,1.45431,1.5069,1.02803,800,,,,,,,16.1373,25.3922,26.651,5.56471,8,2.09871,,20.1827,10.0914,0.944626,4.62017,1.739,0.997288,1.51207,1.51766,0.45621,7.83692,0.772081,3.60824,1280
n6_cool_s-1_uw,n6,cool,-1,uw,D,D/tiled,raw,T3,204800,213367,1.66693,True,0.796956,0.857777,0.843094,0.645524,1.67846,0.462115,0.776122,0.991156,0.994067,0.0204397,0.024544,95,,0.018661,-0.0202897,-0.0182821,0.00153918,False,2.06136,1.50763,2.05765,0.554497,1.48394,0.590164,1.65053,0.591269,1.64836,2.09417,0,0.987191,1.14586,1.20306,0.919644,0.880922,0.973104,1.02525,0.796956,800,,,,,,,5.93725,10.5255,8.89804,2.59216,8,2.83722,,9.59849,4.79924,0.919644,3.81217,1.35973,0.659125,0.892486,0.890275,0.347476,2.3919,0.424635,2.6775,1280
n6_cool_s-1_uw,n6,cool,-1,uw,D2,D2/modular/red+1.5,raw,T1,51200,50904,0.397688,True,1.01719,2.40219,0.401279,0.397769,2.28082,0.287716,1.46315,0.975856,0.97863,0.441016,0.127568,"{""R"": 1.9835, ""GB"": 3.5008}",R share 0.30 (eq 0.20),-0.0126548,-0.00354646,-0.00814713,0.00228748,False,5.09059,2.89728,9.54179,0.454664,1.51637,0.584452,1.90063,0.587371,1.978,1.96641,1.39594e-05,0.843688,1.20987,1.03928,0.800243,1.11663,1.41029,1.22579,1.01719,800,,,,,,,23.2846,30.6012,35.384,4.86468,8,15.1461,,40.2326,20.1163,0.800243,1.60113,0.431856,1.45351,2.3216,2.3014,0.474809,15.8794,1.70438,20.0263,1280
n6_cool_s-1_uw,n6,cool,-1,uw,D2,D2/modular/red+1.5,raw,T2,102400,103335,0.807305,True,0.805988,0.870153,0.252775,0.228938,0.985055,0.158599,0.520468,0.989706,0.990655,0.440416,0.12811,"{""R"": 0.7145, ""GB"": 1.3436}",R share 0.37 (eq 0.24),-0.00234927,-2.52534e-05,0.00160235,0.0060747,False,2.00834,1.22387,3.63719,0.229504,0.719325,0.298418,0.923372,0.284375,0.900412,0.935485,0,0.82694,1.01432,1.01739,1.00935,0.991003,1.0692,1.13581,0.805988,800,,,,,,,10.7462,21.3791,19.1363,2.72253,8,4.97164,,19.819,9.90952,1.00935,1.59867,0.239934,0.885258,1.29397,1.28594,0.341842,6.00715,0.679251,5.41035,1280
n6_cool_s-1_uw,n6,cool,-1,uw,D2,D2/modular/red+1.5,raw,T3,204800,206125,1.61035,True,0.119197,0.145104,0.0894397,0.0988721,0.278155,0.0725617,0.121655,0.997577,0.997575,0.475426,0.130147,"{""R"": 0.131, ""GB"": 0.5646}",R share 0.44 (eq 0.29),-0.00251738,-3.10323e-05,-0.000784341,0.000254677,False,0.386228,0.282579,0.50117,0.117923,0.335089,0.151949,0.435651,0.155376,0.431251,0.264672,0,0.908017,0.898435,0.900655,0.82835,0.791979,0.852319,0.859498,0.119197,800,,,,,,,5.35894,15.5044,7.63859,0.483438,8,0.426355,,9.93572,4.96786,0.82835,0.397949,0.0770564,0.591125,0.790449,0.790785,0.0687783,0.589687,0.0933427,0.506888,1280
n6_cool_s-1_uw,n6,cool,-1,uw,D2,D2/modular/red+2,raw,T1,51200,51534,0.402609,True,0.941527,1.02211,0.309475,0.407668,1.78943,0.298331,0.682931,0.976806,0.977438,0.442166,0.125757,"{""R"": 1.3224, ""GB"": 4.383}",R share 0.40 (eq 0.20),-0.0189828,-0.0119585,-0.010116,-2.38315e-05,False,3.12109,2.02707,4.4679,0.574007,1.92114,0.708897,2.42651,0.71089,2.32487,1.19093,0,0.830849,1.25235,1.26428,0.892428,1.11374,1.44872,1.44819,0.941527,800,,,,,,,22.5227,42.7184,38.4141,4.32245,8,4.73255,,39.7408,19.8704,0.892428,1.34414,0.414517,1.61621,2.68255,2.66715,0.416938,4.78823,0.699426,4.82233,1280
n6_cool_s-1_uw,n6,cool,-1,uw,D2,D2/modular/red+2,raw,T2,102400,104347,0.815211,True,0.477816,0.332431,0.16678,0.203114,0.656191,0.145904,0.242741,0.991084,0.990187,0.447984,0.127471,"{""R"": 0.498, ""GB"": 1.8485}",R share 0.48 (eq 0.24),-0.00233828,4.39146e-05,-0.00171157,0.00206847,False,1.36976,0.707911,1.61149,0.254724,0.860364,0.322478,1.03195,0.322476,1.03273,0.499454,0,0.818821,1.03499,1.04787,0.992523,1.03664,1.13601,1.20035,0.477816,800,,,,,,,13.7045,21.0413,20.3362,1.62784,8,0.950882,,19.6268,9.81341,0.992523,1.31109,0.309497,1.02296,1.53428,1.55077,0.275599,1.6644,0.231523,1.54852,1280
n6_cool_s-1_uw,n6,cool,-1,uw,D2,D2/modular/red+2,raw,T3,204800,207335,1.6198,True,0.0476988,0.132539,0.06079,0.101523,0.305565,0.0748033,0.110623,0.996663,0.996611,0.475779,0.138663,"{""R"": 0.0381, ""GB"": 0.8573}",R share 0.58 (eq 0.29),-0.0032384,-0.00171842,-0.00297604,-0.000681029,False,0.530365,0.293601,0.502154,0.15119,0.474649,0.187096,0.61772,0.186083,0.613608,0.165693,0,0.852958,0.936983,0.983106,0.793434,0.912706,0.982352,0.991779,0.0476988,800,,,,,,,10.6649,10.6825,12.4801,0.180671,8,0.262193,,9.87773,4.93887,0.793434,0.365416,0.0765118,0.719967,1.00199,0.996185,0.0216856,0.263526,0.0667045,0.42628,1280
n6_cool_s-1_uw,n6,cool,-1,uw,D2,D2/modular/3pl,raw,T1,51200,51973,0.406039,True,0.979684,1.73213,0.342004,0.557706,1.7681,0.416123,1.07654,0.976802,0.977819,0.346608,0.107053,1.8018,,-0.00201682,0.243691,0.195665,0.000616036,False,3.53964,2.1404,6.46469,0.258188,0.838549,1.64444,14.2316,1.67634,14.1736,1.60838,0,0.831306,1.04575,1.03736,0.87651,1.03292,1.18923,1.23054,0.979684,800,,,,,,,13.5119,48.9153,54.0166,4.35093,8,10.1465,,39.4051,19.7025,0.87651,1.24226,0.516363,1.01208,3.09983,3.07103,0.459626,10.783,1.3329,12.6678,1280
n6_cool_s-1_uw,n6,cool,-1,uw,D2,D2/modular/3pl,raw,T2,102400,102481,0.800633,True,0.811075,0.873073,0.244819,0.452552,1.23002,0.345989,0.624865,0.986004,0.985338,0.351424,0.103282,0.7285,,-0.00314467,0.242299,0.193991,0.000832019,False,1.9707,1.52974,3.35116,0.146719,0.458338,1.58372,14.0336,1.60472,14.6489,0.826039,0,0.868007,1.0067,0.99183,0.892686,0.86178,1.10408,1.04951,0.811075,800,,,,,,,6.92745,52.3952,47.9912,2.74925,8,3.37711,,19.9842,9.9921,0.892686,1.72387,0.279095,0.666493,2.83009,2.842,0.343783,5.38533,0.627373,4.80928,1280
n6_cool_s-1_uw,n6,cool,-1,uw,D2,D2/modular/3pl,raw,T3,204800,199209,1.55632,True,0.215809,0.384448,0.105601,0.439882,0.897018,0.343115,0.363786,0.992564,0.990615,0.426618,0.112301,0.2712,,-0.000324883,0.244358,0.196098,0.00133914,False,1.22382,0.999915,1.44141,0.0809018,0.237561,1.56255,14.085,1.59752,14.424,0.330252,0,0.942779,1.02943,0.997133,0.858262,0.448582,1.00282,0.932963,0.215809,800,,,,,,,3.52576,47.2266,49.7734,1.25976,8,0.739581,,10.2807,5.14033,0.858262,0.622215,0.0960512,0.382978,2.75409,2.74513,0.122402,0.892622,0.162902,1.10686,1280
n6_cool_s-1_uw,n6,cool,-1,uw,D2,D2/modular/tiled,raw,T1,51200,50880,0.3975,True,1.05418,1.00406,0.498998,0.396301,1.80216,0.286771,0.666147,0.973101,0.981395,0.412417,0.0775603,2.7341,,-0.00775575,0.00210668,-0.00439893,-0.0104878,False,3.20596,2.08489,5.69082,0.377778,1.28262,0.494386,1.6197,0.500071,1.59123,1.87906,0.000204738,0.83276,1.09742,1.09825,0.829445,1.08974,1.24948,1.23826,1.05418,800,,,,,,,14.858,29.7022,26.5826,6.72396,8,4.10035,,40.2516,20.1258,0.829445,1.98191,0.497205,1.26836,1.98037,1.95736,0.521691,13.2078,0.993369,6.10163,1280
n6_cool_s-1_uw,n6,cool,-1,uw,D2,D2/modular/tiled,raw,T2,102400,100015,0.781367,True,0.890246,0.265169,0.222294,0.180212,0.592016,0.129506,0.214679,0.987993,0.990967,0.384777,0.0750564,1.0414,,-0.00368622,-0.00164357,-0.00178173,-0.00268644,False,1.05787,0.650783,1.65058,0.159824,0.533576,0.220028,0.697172,0.223483,0.695339,0.741872,0,0.874462,0.955325,0.983081,0.835763,0.938842,0.995843,1.05593,0.890246,800,,,,,,,9.50042,15.3762,13.3006,3.64801,8,1.11035,,20.4769,10.2385,0.835763,1.11731,0.195253,0.780899,1.11035,1.10515,0.389722,0.913094,0.157895,1.69895,1280
n6_cool_s-1_uw,n6,cool,-1,uw,D2,D2/modular/tiled,raw,T3,204800,204983,1.60143,True,0.333619,0.335414,0.146675,0.117839,0.408023,0.083232,0.213556,0.99669,0.996452,0.424521,0.0774624,0.4046,,-0.000819346,0.00090692,8.14332e-05,0.00345803,False,0.666159,0.499644,1.23562,0.101451,0.308641,0.134645,0.401698,0.145408,0.404175,0.460128,0,0.949546,0.882752,0.925386,0.961466,0.695655,0.779779,0.762693,0.333619,800,,,,,,,4.11909,8.91924,8.87407,1.51079,8,1.62456,,9.99107,4.99554,0.961466,0.509643,0.275726,0.496434,0.653788,0.65075,0.231317,2.34532,0.262232,1.88136,1280
n6_cool_s-1_uw,n6,cool,-1,uw,D-j,D-j,raw,T1,51200,50829,0.397102,True,1.09529,2.413,2.29337,1.79737,4.53716,1.28893,1.62328,0.96284,0.974664,0.0829725,0.0955084,57,,-0.00886801,-0.023334,-0.0177379,-0.0185347,False,6.16303,5.19224,10.5325,1.72942,4.39897,2.28501,5.25175,2.18038,5.27503,5.99019,0.000102369,1.0671,1.82618,1.88712,0.851572,1.32192,1.95676,1.94787,1.09529,800,,,,,,,28.3961,72.9961,65.7843,6.91765,8,6.6142,,40.292,20.146,0.851572,6.674,2.37838,1.47387,2.41798,2.40653,0.570764,17.1165,2.06746,11.0736,1280
n6_cool_s-1_uw,n6,cool,-1,uw,D-j,D-j,raw,T2,102400,97804,0.764094,True,0.978441,1.60646,1.04725,0.835234,2.33215,0.60365,1.05863,0.979219,0.987791,0.0870333,0.0903666,85,,0.00206497,-0.0263557,-0.0358335,-0.0150777,False,3.38318,2.54202,6.86957,0.741969,2.11342,0.893212,2.4174,0.89434,2.40782,3.18606,4.65313e-06,0.935096,1.26934,1.27158,0.758447,1.04683,1.32733,1.32679,0.978441,800,,,,,,,15.0353,34.349,39.902,5.05882,8,4.80662,,20.9398,10.4699,0.758447,3.87429,1.6629,0.979572,1.49556,1.49796,0.444283,11.9896,1.42367,7.4023,1280
n6_cool_s-1_uw,n6,cool,-1,uw,D-j,D-j,raw,T3,204800,195235,1.52527,True,0.786651,1.03312,0.833827,0.63644,1.58188,0.462097,0.779159,0.9906,0.994198,0.088454,0.100467,95,,0.0104706,-0.026083,-0.0240093,-0.00826482,False,1.96214,1.50655,3.13062,0.554373,1.49148,0.60056,1.61116,0.595603,1.65882,2.05688,0,0.883246,1.08545,1.08813,0.774674,0.84158,0.959104,0.978945,0.786651,800,,,,,,,10.549,14.1961,15.4353,3.40784,8,2.87509,,10.4899,5.24496,0.774674,3.93113,1.13117,0.65257,0.898651,0.894899,0.341949,7.21131,0.789735,3.38657,1280
n6_cool_s-1_uw,n6,cool,-1,uw,L,L,raw,T1,51200,51270,0.400547,True,0.774626,0.643432,0.333088,0.590956,1.68194,0.424171,0.520441,0.980907,0.984218,0.168148,0.053797,0.7215,,0.00223346,0.0397151,-0.00855117,-0.00642735,False,2.45794,1.71802,2.80596,0.844596,2.56679,1.45074,14.1219,1.49744,14.1426,1.03002,0,1.14852,2.1728,2.02822,0.639899,1.36999,2.16173,2.0945,0.774626,800,,,,,,,20.9477,45.8105,51.1895,2.55628,8,2.37618,,39.9454,19.9727,0.639899,0.939529,0.264481,1.37913,2.99998,2.9832,0.35305,4.31289,0.464735,2.96543,1280
n6_cool_s-1_uw,n6,cool,-1,uw,L,L,raw,T2,102400,102382,0.799859,True,0.522955,0.328506,0.198685,0.366621,1.02484,0.276526,0.310326,0.987545,0.98698,0.178104,0.0453698,0.3779,,0.000959927,0.0344184,-0.0138489,-0.00416384,False,1.50509,1.05018,1.77265,0.537678,1.55756,1.16031,14.0015,1.1684,14.3399,0.60095,0,1.0504,1.80731,1.79172,0.737436,1.20667,1.80388,1.77033,0.522955,800,,,,,,,16.9313,49.5525,47.4475,1.6806,8,0.997336,,20.0035,10.0018,0.737436,0.467703,0.204214,1.11779,2.90264,2.90124,0.252262,3.1486,0.26642,0.982708,1280
n6_cool_s-1_uw,n6,cool,-1,uw,L,L,raw,T3,204800,200342,1.56517,True,0.172226,0.253415,0.120495,0.221167,0.592589,0.162581,0.212143,0.992734,0.990571,0.216655,0.0493836,0.1678,,-0.00505826,0.0270324,-0.0212868,-0.00249785,False,0.828127,0.650695,1.29947,0.312021,0.853729,1.0134,13.9734,1.0165,14.1213,0.359653,0,0.840631,1.09297,1.08531,0.787241,0.922494,1.04041,1.03861,0.172226,800,,,,,,,13.2489,45.8105,51.1895,1.29945,8,0.648,,10.2225,5.11126,0.787241,0.377871,0.109595,0.77061,2.76804,2.75685,0.106359,2.54764,0.25834,0.98379,1280
n6_cool_s-1_uw,n6,cool,-1,uw,D-lin,D-lin,raw,T1,51200,50441,0.39407,True,1.41986,4.00158,4.35178,2.96135,10.4126,2.15689,2.84046,0.950028,0.96761,0.0910641,0.0822846,72,,0.0348282,0.00588187,0.00679854,0.0301064,False,17.1722,11.1969,24.73,1.94738,6.11742,1.52768,4.29115,1.58635,4.27278,12.6737,0.00136802,1.51719,1.91632,2.01668,1.22459,1.68667,2.01463,2.06174,1.41986,800,,,,,,,19,35,38,7,8,13.2914,,40.6019,20.3009,1.22459,13.1975,2.80146,1.4538,1.94138,1.95006,0.758648,22.298,2.4813,30.2196,1280
n6_cool_s-1_uw,n6,cool,-1,uw,D-lin,D-lin,raw,T2,102400,98200,0.767188,True,1.22889,2.11381,1.92037,1.19618,5.0035,0.869913,1.64265,0.965404,0.98042,0.101739,0.0971987,90,,-0.00385806,-0.0053066,-0.0058905,0.0165253,False,8.4903,5.67053,12.7691,0.670328,1.93248,0.510632,1.35906,0.524972,1.37969,6.42377,0.000293147,1.15117,1.32033,1.39828,0.995145,1.27881,1.30424,1.33632,1.22889,800,,,,,,,12,14,14,6,8,14.8646,,20.8554,10.4277,0.995145,9.03084,1.91257,0.983152,1.18655,1.18919,0.570765,20.34,1.74019,11.6645,1280
n6_cool_s-1_uw,n6,cool,-1,uw,D-lin,D-lin,raw,T3,204800,197044,1.53941,True,1.05473,0.911484,0.692513,0.422189,1.74153,0.298881,0.58559,0.979067,0.990139,0.0792239,0.0863497,97,,-0.0077122,-0.005017,-0.00415662,-0.000344521,False,2.82784,1.9963,4.20695,0.245729,0.800715,0.20026,0.591516,0.197292,0.610778,2.04502,9.30626e-06,1.02118,1.09102,1.10974,0.974873,0.940676,0.867055,0.880507,1.05473,800,,,,,,,4,5,5,3,8,4.23823,,10.3936,5.19681,0.974873,3.27869,0.719424,0.635693,0.66671,0.663342,0.44234,20.929,1.04887,7.51506,1280
n6_cool_s-1_uw,n6,cool,-1,uw,D2-lin,D2-lin/modular,raw,T1,51200,51440,0.401875,True,1.4408,1.36507,1.19857,0.74759,2.99449,0.533962,0.872231,0.949542,0.971741,0.448667,0.14246,1.6444,,-0.000215206,0.00146753,0.000457933,-0.00573158,False,4.97783,3.46604,8.71511,0.441764,1.54771,0.336871,1.12367,0.333671,1.12518,3.39252,0.00121912,1.15271,1.37562,1.38163,1.16879,1.38258,1.45751,1.51702,1.4408,800,,,,,,,12,17,17,7,8,4.65925,,39.8134,19.9067,1.16879,2.56864,1.0142,1.29707,1.49359,1.49274,0.751086,12.0401,1.00388,9.63439,1280
n6_cool_s-1_uw,n6,cool,-1,uw,D2-lin,D2-lin/modular,raw,T2,102400,105452,0.823844,True,1.39634,0.703168,0.718403,0.427813,1.85462,0.308999,0.51962,0.962318,0.983683,0.482692,0.139334,0.5302,,0.00152209,0.00030916,0.000418793,-0.00319074,False,3.11903,2.19244,5.64336,0.242607,0.854909,0.198427,0.645022,0.199794,0.642958,2.07279,0.000390863,1.11972,1.19352,1.26822,1.14467,1.23348,1.20457,1.22712,1.39634,800,,,,,,,6,6,8,6,8,2.28028,,19.4212,9.71058,1.14467,3.52304,0.643087,0.829173,0.861356,0.86041,0.612672,7.61752,0.756153,3.81441,1280
n6_cool_s-1_uw,n6,cool,-1,uw,D2-lin,D2-lin/modular,raw,T3,204800,205950,1.60898,True,1.2594,0.773925,0.514415,0.332164,1.48525,0.235995,0.468508,0.972755,0.99025,0.529748,0.140302,0.1991,,0.00212076,0.0010801,0.000407051,0.0011471,False,2.42666,1.65905,4.91414,0.181563,0.642012,0.149073,0.496305,0.153284,0.512626,1.65882,9.30626e-06,1.15894,1.15392,1.16127,1.18189,1.05434,0.971121,0.979524,1.2594,800,,,,,,,3,3,3,2,8,2.03512,,9.94416,4.97208,1.18189,1.7094,0.347947,0.590326,0.577598,0.576878,0.51381,6.73697,0.624225,3.08012,1280
n6_warm_s+0_air,n6,warm,0,air,M0-r1,repeat,floor,floor,,,,,1.40233,0.408649,0.979465,0.637549,1.87885,0.796992,0.351276,0.994656,0.994281,,,,,-0.0533585,-0.0852235,-0.0965045,-0.112424,False,2.96062,2.87153,4.66363,0.926925,2.99085,0.931355,3.22743,0.91697,3.20703,3.04561,0,0.838039,0.803732,0.800783,0.82169,1.45451,1.45569,1.40657,1.40233,800,,,,,,,27,112,79,80,8,1.26286,,,,0.82169,1.61047,0.219317,1.59111,2.12055,2.29372,1.97446,0.429354,0.11427,1.32141,1280
n6_warm_s+0_air,n6,warm,0,air,M1-q∞,isp-floor,floor,floor,,,,,0.313754,0.321305,0.1645,0.160387,0.513231,0.203377,0.287655,0.999763,0.9998,,,,,0.00411913,0.0112942,0.0123624,0.0242282,False,0.913652,0.692465,1.02861,0.178423,0.529724,0.292146,0.951877,0.280942,0.935442,0.568533,0,0.872272,0.989403,0.964056,0.886862,0.200114,0.45462,0.45571,0.313754,800,,,,,,,0.481687,1.02312,1.02312,0.915304,8,1.3077,,,,0.886862,0.736917,0.117114,0.160845,0.40694,0.406403,0.34898,0.317301,0.0885598,1.15562,1280
n6_warm_s+0_air,n6,warm,0,air,M1,,processed,T1,51200,51165,0.399727,True,1.8453,1.30784,2.1084,1.37794,3.80955,1.66601,1.07496,0.992433,0.992763,0.0184199,0.09096,66,,0.162393,-0.0625925,-0.249468,0.392367,False,4.98701,5.48301,8.35818,1.38819,4.38969,1.6148,4.96618,1.56858,4.79283,5.28576,0,1.30083,1.61343,1.56328,1.75416,1.47155,1.67575,1.68778,1.8453,800,0,0,0,0.0764238,0,0.0713926,30.9443,38.6577,47.6358,38.4525,8,2.89846,,40.0274,20.0137,1.75416,2.73563,0.468055,2.11735,2.65456,2.67663,2.64566,0.733534,0.28981,5.65794,1280
n6_warm_s+0_air,n6,warm,0,air,M1,,processed,T2,102400,99756,0.779344,True,1.28888,0.702292,0.989988,0.655966,2.10164,0.808466,0.549554,0.995928,0.995997,0.0196519,0.0981301,89,,0.049921,-0.019413,-0.20307,0.209647,False,2.9777,2.80349,4.29951,0.673165,2.36314,0.947096,3.33002,1.00715,3.31337,3.49367,0,1.1227,1.31737,1.30557,1.29236,1.22706,1.31835,1.31915,1.28888,800,0,0,0,0.0764238,0,0.0713926,26.5732,30.3877,31.219,26.0611,8,1.94778,,20.5301,10.265,1.29236,1.19894,0.301998,1.82129,2.07822,2.08179,2.06865,0.433148,0.156223,3.76561,1280
n6_warm_s+0_air,n6,warm,0,air,M1,,processed,T3,204800,193170,1.50914,False,1.14181,0.532554,0.538375,0.373956,1.2751,0.466558,0.441519,0.997262,0.997347,0.0275176,0.0940335,96,bracketed (integer knob): metrics interpolated,0.0119912,0.0933399,-0.0849784,0.0407117,False,2.44536,1.827,3.24726,0.483112,1.67827,0.622208,2.08581,0.62335,1.91616,1.88421,0,1.06649,1.22355,1.19045,1.1628,1.03794,1.11794,1.12289,1.14181,800,0,0,0,0.0764238,0,0.0713926,24.3332,18.6209,26.8328,25.9459,8,1.8927,,10.6021,5.30103,1.1628,1.42693,0.247629,1.65436,1.60884,1.58849,2.00268,0.414322,0.123327,1.78644,1280
n6_warm_s+0_air,n6,warm,0,air,M1,,processed,T3,204800,224415,1.75324,False,1.09874,0.535632,0.526761,0.363061,1.25712,0.45764,0.448836,0.99748,0.997534,0.0239138,0.102361,97,bracketed (integer knob): metrics interpolated,0.00901175,0.0876116,-0.0820027,0.0418628,False,2.51088,1.83606,3.07541,0.456621,1.65882,0.575112,1.86213,0.579181,1.80658,1.83141,0,1.01204,1.23642,1.18991,1.14374,0.980145,1.11711,1.05508,1.09874,800,0,0,0,0.0764238,0,0.0713926,23.5059,18.781,19.9997,30.0261,8,2.00287,,9.12595,4.56297,1.14374,1.33427,0.247827,1.61742,1.49788,1.48455,2.0029,0.439632,0.121151,2.36344,1280
n6_warm_s+0_air,n6,warm,0,air,M1-fix,,processed,T1,51200,51103,0.399242,True,1.64799,0.356262,1.54933,0.588026,1.49415,0.594192,0.342868,0.989999,0.991241,0.0205395,0.105751,56,,-0.011803,0.0850795,-0.0618716,-0.0275071,False,2.4713,1.99923,3.15364,0.73133,2.7121,1.15897,3.9047,1.14296,3.73407,4.2768,0,1.19098,1.64137,1.58613,1.64622,1.27112,1.71958,1.6946,1.64799,800,0.0200186,0,5.85938e-06,0.0775898,0.0486836,0.0714893,35.1591,43.4381,47.4114,33.3127,8,1.2347,,40.0759,20.038,1.64622,1.52907,0.412185,1.91509,2.67098,2.69896,2.78912,0.490024,0.123356,1.16561,1280
n6_warm_s+0_air,n6,warm,0,air,M1-fix,,processed,T2,102400,99137,0.774508,True,1.39835,0.183759,0.722835,0.288664,0.968622,0.302393,0.191557,0.994578,0.99531,0.0222317,0.116665,84,,-0.0344437,0.040491,-0.111402,-0.0128333,False,2.23445,1.40096,2.61529,0.382289,1.84738,0.611058,2.37593,0.629298,2.45673,2.29115,0,0.942274,1.29787,1.32748,1.35933,1.02566,1.2655,1.23913,1.39835,800,0.0200186,0,5.85938e-06,0.0775898,0.0486836,0.0714893,30.9379,28.0977,37.2815,31.1343,8,1.41283,,20.6583,10.3291,1.35933,0.574635,0.175643,1.58133,2.01229,2.01437,2.19986,0.557029,0.0668102,1.06989,1280
n6_warm_s+0_air,n6,warm,0,air,M1-fix,,processed,T3,204800,214526,1.67598,True,1.11939,0.190525,0.437925,0.205613,1.33231,0.246289,0.176713,0.99661,0.997364,0.022536,0.110228,95,,-0.0248447,0.0243589,-0.12008,0.0050754,False,3.06178,1.72992,3.62184,0.284436,1.97624,0.457136,1.73947,0.469773,2.01182,1.72788,0,0.854545,1.13176,1.14591,1.15315,0.826329,0.995499,0.984868,1.11939,800,0.0200186,0,5.85938e-06,0.0775898,0.0486836,0.0714893,31.4784,26.3618,35.4715,27.7636,8,1.2654,,9.54663,4.77331,1.15315,0.546452,0.102668,1.47941,1.44727,1.44941,2.12252,0.494356,0.0558993,0.88985,1280
n6_warm_s+0_air,n6,warm,0,air,D,D,raw,T1,51200,50359,0.39343,True,2.69266,1.15732,2.71472,1.64073,4.06196,2.13309,0.968057,0.969182,0.972556,0.0673357,0.0673253,34,,-0.0178519,0.0244549,0.00449483,-0.0223688,False,5.65496,6.20644,8.75809,2.4998,5.1448,3.06022,6.34,2.88834,6.19419,5.52655,0,2.31552,3.43268,3.35327,2.67222,2.37187,3.53407,3.42932,2.69266,800,,,,,,,47.5686,68.298,73.9176,62.0745,8,2.53058,,40.668,20.334,2.67222,2.2814,0.486837,2.9196,4.83765,4.81812,4.48583,0.754879,0.299997,3.41532,1280
n6_warm_s+0_air,n6,warm,0,air,D,D,raw,T2,102400,99725,0.779102,True,1.59165,0.607066,0.799112,0.524616,1.38281,0.702962,0.496565,0.989015,0.989953,0.0617647,0.0709934,77,,-0.022326,0.00384918,0.0138246,0.00536746,False,1.99681,2.11209,2.99284,0.758144,1.91454,0.929622,2.21818,0.884646,2.20204,1.90144,0,1.46929,1.93125,1.81596,1.61911,1.51368,1.95011,1.79079,1.59165,800,,,,,,,24.7255,54.0353,40.0353,35.5255,8,1.3706,,20.5365,10.2682,1.61911,1.28783,0.314904,1.75189,2.75196,2.74501,2.54021,0.480581,0.153971,2.12875,1280
n6_warm_s+0_air,n6,warm,0,air,D,D,raw,T3,204800,209725,1.63848,True,0.952582,0.530503,0.347563,0.255138,0.822885,0.356213,0.425696,0.996765,0.997149,0.0610445,0.0704817,94,,-0.0232339,-0.00246057,-0.00277716,-0.00675838,False,1.36973,1.18717,1.73974,0.385717,1.00784,0.395944,1.2245,0.384341,1.24722,1.08928,0,1.11117,1.29903,1.28907,1.16264,0.952211,1.16438,1.15498,0.952582,800,,,,,,,10.1412,16.349,15.4314,15.8588,8,1.25174,,9.76517,4.88258,1.16264,0.851194,0.281302,0.951354,1.39305,1.38813,1.30221,0.321493,0.127503,2.62156,1280
n6_warm_s+0_air,n6,warm,0,air,D2,D2/modular,raw,T1,51200,50229,0.392414,True,1.3063,0.53788,0.501879,0.328778,1.12441,0.412804,0.446448,0.983248,0.981208,0.52099,0.157843,4.0472,,-0.00624821,0.00409681,0.00261949,-0.000119471,False,2.00185,1.66988,2.70923,0.461633,1.5625,0.597336,2.09459,0.587136,1.96432,1.6977,0,1.09484,1.41412,1.41271,1.14896,1.22598,1.57146,1.52447,1.3063,800,,,,,,,35.6057,51.3566,51.761,56.9114,8,1.3217,,40.7733,20.3866,1.14896,3.092,0.274881,2.49084,4.13063,4.09073,3.828,0.472611,0.125607,1.94114,1280
n6_warm_s+0_air,n6,warm,0,air,D2,D2/modular,raw,T2,102400,102264,0.798937,True,1.07082,0.212356,0.164873,0.115902,0.375282,0.147835,0.17069,0.994924,0.99438,0.480792,0.250229,1.2021,,0.000277393,0.00258049,0.00282629,0.000533638,False,0.618502,0.528046,0.89321,0.152783,0.488004,0.195117,0.641554,0.185786,0.603247,0.53976,0,0.893284,1.06052,1.12583,1.04285,0.961195,1.18717,1.18271,1.07082,800,,,,,,,13.6969,22.4475,25.0426,31.9694,8,0.740236,,20.0266,10.0133,1.04285,0.42784,0.0938692,1.19134,1.84795,1.85721,1.7977,0.155268,0.0457121,1.07079,1280
n6_warm_s+0_air,n6,warm,0,air,D2,D2/modular,raw,T3,204800,203905,1.59301,True,0.71189,0.0829688,0.0997641,0.0645416,0.176692,0.0806119,0.0719791,0.998464,0.998576,0.529064,0.18917,0.374,,0.00229384,0.0037748,0.00320959,0.00252367,False,0.260451,0.257746,0.393785,0.0906074,0.256675,0.117876,0.35283,0.113493,0.329023,0.292426,0,0.918102,0.989254,0.943917,0.969294,0.672863,0.774024,0.750624,0.71189,800,,,,,,,8.22137,12.0665,9.81488,9.59141,8,0.223025,,10.0439,5.02195,0.969294,0.153189,0.0351574,0.602751,0.902765,0.903616,0.910537,0.0622492,0.02175,0.27794,1280
n6_warm_s+0_uw,n6,warm,0,uw,M0-r1,repeat,floor,floor,,,,,1.41613,0.552446,0.955183,0.854199,2.35518,0.945037,0.4614,0.981087,0.990074,,,,,-0.0432285,-0.0854984,-0.0985525,-0.0142368,False,3.63721,3.37153,5.38284,0.936682,2.90597,0.911843,3.0668,0.8989,3.11044,2.8585,0.000214227,0.808719,0.802202,0.800622,0.799243,1.41655,1.45504,1.38324,1.41613,800,,,,,,,22,112,79,11,8,1.07067,,,,0.799243,1.98556,0.417996,1.38945,2.06539,2.2228,0.813742,0.779369,0.18273,1.60424,1280
n6_warm_s+0_uw,n6,warm,0,uw,M1-q∞,isp-floor,floor,floor,,,,,0.0494156,0.420216,0.145152,0.224936,0.649567,0.268106,0.353894,0.999765,0.99979,,,,,-0.0322645,0.0122547,0.0132444,-0.00350224,False,0.830855,0.9025,1.60353,0.207351,0.73064,0.298726,0.958614,0.294078,0.951149,0.444979,0,0.834881,0.985572,0.963258,0.813459,0.145168,0.454064,0.450086,0.0494156,800,,,,,,,0.348266,1.02312,1.02312,0.105292,8,1.08517,,,,0.813459,0.67147,0.199697,0.124688,0.400815,0.400127,0.0407122,0.606284,0.126026,1.53809,1280
n6_warm_s+0_uw,n6,warm,0,uw,M1,,processed,T1,51200,50273,0.392758,True,0.999995,1.35762,1.19241,1.71115,4.51583,2.05915,1.04415,0.987202,0.990309,0.0216958,0.139955,57,,0.016756,0.120289,-0.0909747,0.0368221,False,5.52131,6.59195,8.71701,1.56159,4.65287,1.97195,5.61221,1.93972,5.62959,3.919,4.11975e-06,1.18025,2.4222,2.40812,0.700241,1.40571,2.47128,2.49204,0.999995,800,0,0,0,0.0783887,0,0.133886,30.703,41.781,47.3632,5.27467,8,2.85799,,40.7376,20.3688,0.700241,4.31845,0.514422,1.78391,2.86941,2.91332,0.640232,2.22095,0.376003,5.46562,1280
n6_warm_s+0_uw,n6,warm,0,uw,M1,,processed,T2,102400,101686,0.794422,True,0.852264,0.838332,0.521509,0.745848,2.08767,0.891244,0.663408,0.993073,0.994515,0.0214861,0.114545,85,,-0.000942364,0.197288,-0.0121735,-0.0103424,False,2.94022,3.01518,4.64491,0.766754,2.39791,0.963279,3.21164,0.901931,2.89006,1.65902,4.11975e-06,1.12184,2.12922,2.14393,0.632996,1.20406,2.03407,2.05954,0.852264,800,0,0,0,0.0783887,0,0.133886,25.6656,35.5872,42.1048,3.73522,8,2.9477,,20.1404,10.0702,0.632996,2.97059,0.2812,1.56106,2.33059,2.34539,0.536942,2.05833,0.237498,3.53176,1280
n6_warm_s+0_uw,n6,warm,0,uw,M1,,processed,T3,204800,212313,1.6587,True,0.701446,0.579369,0.331977,0.454694,1.57188,0.570577,0.451414,0.995772,0.996541,0.024113,0.10123,95,,0.00208175,0.207937,0.000861262,-0.0123619,False,2.29332,2.12065,3.36768,0.489014,1.68143,0.704181,2.40143,0.586355,1.93671,1.05962,0,1.04377,1.91921,1.96112,0.605185,1.06167,1.85897,1.88129,0.701446,800,0,0,0,0.0783887,0,0.133886,19.7108,21.9769,25.7325,3.8897,8,1.58312,,9.64614,4.82307,0.605185,1.76057,0.201606,1.40188,1.90565,1.89458,0.472184,1.87036,0.168058,3.20451,1280
n6_warm_s+0_uw,n6,warm,0,uw,M1-fix,,processed,T1,51200,50331,0.393211,True,26.6133,32.703,218.888,39.488,45.359,36.9415,34.1281,0.938169,0.892999,0.0240385,0.132771,57,,0.146536,-1.16279,-1.374,19.8727,False,55.0643,44.5915,64.5033,17.0014,40.4378,23.8414,91.4258,22.7102,89.1806,377.907,0,2.89993,8.78855,8.4703,26.5503,2.86185,8.84721,8.51357,26.6133,800,0.427638,0,0.999988,0.00100098,0.346064,0,27.4289,90.8185,76.1009,43.9559,8,66.9758,,40.6906,20.3453,26.5503,794.377,201.838,5.29478,16.4144,16.5019,22.5364,27.069,14.8273,64.7824,1280
n6_warm_s+0_uw,n6,warm,0,uw,M1-fix,,processed,T2,102400,99540,0.777656,True,26.2717,32.6538,218.291,39.4973,45.4287,37.0063,34.1088,0.942671,0.895951,0.0361433,0.115394,84,,0.163817,-1.1393,-1.33132,19.8621,False,55.0331,44.8676,64.4503,17.156,40.4932,23.3219,91.3347,22.4243,88.9585,378.759,0,2.76857,8.48028,8.28889,26.2069,2.71421,8.41273,8.4731,26.2717,800,0.427638,0,0.999988,0.00100098,0.346064,0,27.3724,82.9194,68.2462,41.9727,8,66.9597,,20.5746,10.2873,26.2069,790.397,200.726,5.20261,16.2609,16.3592,22.5385,27.0466,14.816,64.5737,1280
n6_warm_s+0_uw,n6,warm,0,uw,M1-fix,,processed,T3,204800,194779,1.52171,True,26.1727,32.6776,218.209,39.5058,45.3644,37.1853,34.1021,0.945869,0.897356,0.0240437,0.106481,94,,0.194225,-1.14346,-1.30096,19.8756,False,55.0417,44.9147,64.5164,17.2759,40.3783,23.1819,91.1175,22.5397,88.8196,379.303,0,2.78506,8.4549,8.02041,26.1051,2.70396,8.34798,8.20508,26.1727,800,0.427638,0,0.999988,0.00100098,0.346064,0,27.8241,85.3831,73.9915,42.0284,8,66.9706,,10.5145,5.25724,26.1051,788.746,199.949,5.15666,16.1119,16.2402,22.5598,27.0375,14.8045,64.7179,1280
n6_warm_s+0_uw,n6,warm,0,uw,D,D,raw,T1,51200,50718,0.396234,True,1.34051,1.59335,2.77678,2.10588,4.64835,2.19889,1.33214,0.967038,0.972853,0.0688604,0.0742984,42,,0.0493176,0.0170558,0.0275081,0.0237881,False,6.01541,6.24924,8.43315,2.07622,4.73544,2.46788,5.42218,2.43944,5.23719,7.03426,0.000243065,1.63904,3.0825,2.98852,1.16313,1.78537,3.01759,3.11125,1.34051,800,,,,,,,27.6824,74.6039,58.6078,12.6627,8,3.19694,,40.3801,20.1901,1.16313,6.2302,1.88991,2.20268,4.23579,4.22637,1.02004,5.15228,0.572489,7.6967,1280
n6_warm_s+0_uw,n6,warm,0,uw,D,D,raw,T2,102400,101621,0.793914,True,1.06744,0.771269,0.983623,0.749952,1.81225,0.780615,0.626641,0.985371,0.989638,0.0654571,0.0742092,81,,0.0221428,0.00151663,0.0135778,0.00364522,False,2.44543,2.18017,3.3943,0.722369,2.03464,0.789565,1.97033,0.807125,1.99119,2.77077,6.5916e-05,1.2646,1.91997,1.85207,0.935026,1.28722,1.92855,1.83799,1.06744,800,,,,,,,21.549,36.651,34.1961,7.76471,8,2.30078,,20.1533,10.0767,0.935026,4.37244,0.561086,1.3745,2.4065,2.4199,0.725502,1.24918,0.251354,4.42498,1280
n6_warm_s+0_uw,n6,warm,0,uw,D,D,raw,T3,204800,201979,1.57796,True,0.915759,0.691382,0.643235,0.46902,1.14425,0.48494,0.571785,0.993889,0.995657,0.0681456,0.0728164,94,,0.0215292,0.0038013,0.00515748,0.00523643,False,1.55766,1.34122,1.92812,0.489664,1.34999,0.399533,1.22844,0.386448,1.24598,1.63198,0,1.05713,1.30568,1.29191,1.0019,0.923172,1.17061,1.15182,0.915759,800,,,,,,,8.63137,16.349,15.4314,6.06275,8,1.81872,,10.1397,5.06983,1.0019,3.74436,0.786433,0.857621,1.35232,1.34455,0.551274,0.978983,0.23564,3.3608,1280
n6_warm_s+0_uw,n6,warm,0,uw,D2,D2/modular,raw,T1,51200,51967,0.405992,True,1.03344,0.68772,0.555502,0.420199,1.45699,0.446087,0.549572,0.978878,0.982209,0.459411,0.133316,3.2948,,-9.93647e-05,0.00361343,0.00856608,-0.00889381,False,2.62071,2.00547,5.13525,0.412253,1.34941,0.498478,1.58585,0.477543,1.60228,1.80039,0.000346059,0.864789,1.24832,1.37631,0.716815,1.14331,1.46308,1.52085,1.03344,800,,,,,,,25.4341,42.4679,45.707,10.6166,8,2.71059,,39.4096,19.7048,0.716815,2.47492,0.513706,1.86024,3.53671,3.49553,0.921405,2.11694,0.241919,3.63153,1280
n6_warm_s+0_uw,n6,warm,0,uw,D2,D2/modular,raw,T2,102400,102234,0.798703,True,0.933619,0.273441,0.216581,0.172002,0.504463,0.180283,0.218449,0.99158,0.992818,0.463088,0.140689,1.1517,,-0.000884979,0.00305106,0.00322348,-0.00117135,False,0.798641,0.638053,1.29537,0.156831,0.491352,0.186199,0.625785,0.183158,0.589716,0.681106,0,0.857616,1.09971,1.09554,0.809663,0.958686,1.19584,1.14257,0.933619,800,,,,,,,11.335,23.4724,27.2902,4.99237,8,1.08059,,20.0325,10.0162,0.809663,0.964394,0.193454,1.03139,1.76472,1.76696,0.623136,0.723982,0.0843382,1.60851,1280
n6_warm_s+0_uw,n6,warm,0,uw,D2,D2/modular,raw,T3,204800,207016,1.61731,True,0.536057,0.142264,0.139508,0.102504,0.287053,0.107722,0.107765,0.997178,0.997674,0.498006,0.140988,0.4105,,0.0013492,0.00309671,0.00332795,0.00448771,False,0.459432,0.396999,1.02518,0.0963961,0.281234,0.111896,0.339653,0.115826,0.325065,0.39554,0,0.943664,0.970438,0.976212,0.957189,0.719002,0.798501,0.780015,0.536057,800,,,,,,,4.51777,10.3659,9.04533,2.91971,8,0.478323,,9.89296,4.94648,0.957189,0.578595,0.15705,0.589404,0.941433,0.938565,0.383461,0.672945,0.0545156,1.1931,1280
n6_warm_s-1_air,n6,warm,-1,air,W,W,raw,T1,51200,51247,0.400367,True,1.28149,0.673042,1.19241,0.779196,2.51825,0.919814,0.554027,0.972679,0.966343,0.068214,0.0868557,563.4895,,-0.026369,-0.0114419,-0.0198143,-0.0171766,False,4.42335,3.83703,6.66768,1.01292,3.97977,1.45753,5.2712,1.44517,5.38012,4.37643,0,0.971028,1.23954,1.29166,1.10906,1.15234,1.39998,1.4092,1.28149,800,,,,,,,33.907,54.3764,49.9773,58.1206,8,1.96557,,39.9633,19.9817,1.10906,2.69657,0.315457,1.99394,3.21436,3.27844,2.98843,0.486142,0.189117,2.25647,1280
n6_warm_s-1_air,n6,warm,-1,air,W,W,raw,T2,102400,102931,0.804148,True,1.00599,0.226931,0.524237,0.37996,1.09048,0.444769,0.193604,0.991529,0.989536,0.0694196,0.0929621,182.2377,,-0.000596475,0.00562248,0.0069497,0.00208796,False,1.69754,1.64696,2.59458,0.450909,1.37407,0.586545,1.88109,0.609522,1.96915,1.66095,0,0.789619,0.881271,0.886815,0.86217,0.934817,1.04553,1.03141,1.00599,800,,,,,,,15.9671,20.4659,18.7782,19.7962,8,0.770448,,19.8968,9.94841,0.86217,0.797679,0.178969,0.977438,1.5331,1.49569,1.44419,0.183304,0.0682564,0.824048,1280
n6_warm_s-1_air,n6,warm,-1,air,W,W,raw,T3,204800,203234,1.58777,True,0.720711,0.103516,0.201012,0.160886,0.439219,0.187017,0.0904824,0.997552,0.998042,0.0754098,0.0939183,54.6597,,-0.00178367,0.00581365,0.00423026,0.00201445,False,0.671657,0.685587,1.04554,0.173045,0.509473,0.233865,0.685452,0.224898,0.697904,0.586894,0,0.745417,0.820296,0.795965,0.777925,0.712363,0.740136,0.767977,0.720711,800,,,,,,,4.23477,6.46047,6.30799,5.86119,8,0.283422,,10.0771,5.03853,0.777925,0.210899,0.044659,0.496929,0.669592,0.665881,0.691972,0.179899,0.0312264,0.299437,1280
n6_warm_s-1_air,n6,warm,-1,air,M0-r1,repeat,floor,floor,,,,,1.39199,0.711378,0.942255,0.834331,2.41678,1.00485,0.603847,0.993228,0.994467,,,,,-0.00460795,-0.0251734,-0.0252694,-0.034396,False,4.03602,3.78763,5.92323,0.931315,2.83488,0.956083,2.79588,0.976783,2.87242,2.81464,0,0.816435,0.81993,0.823407,0.804776,1.38374,1.43495,1.4313,1.39199,800,,,,,,,12,136,75,30,8,2.05528,,,,0.804776,2.40175,0.271229,1.04195,1.31573,1.28478,1.27463,0.575415,0.193104,2.29419,1280
n6_warm_s-1_air,n6,warm,-1,air,M1-q∞,isp-floor,floor,floor,,,,,0.29466,0.520708,0.327896,0.232812,0.666214,0.265535,0.424984,0.99976,0.99978,,,,,0.0126769,0.00217265,0.00292214,0.0227609,False,1.08886,0.988365,1.60556,0.214297,0.647239,0.340235,1.10352,0.361567,1.14717,1.00522,0,0.826432,0.91805,0.878902,0.866095,0.148525,0.319106,0.326989,0.29466,800,,,,,,,0.449229,0.921927,1.00337,0.839842,8,1.8569,,,,0.866095,2.06632,0.321588,0.120528,0.292899,0.294235,0.265543,0.406496,0.135147,2.29565,1280
n6_warm_s-1_air,n6,warm,-1,air,M1,,processed,T1,51200,50825,0.39707,True,1.52441,1.57014,1.83067,1.64576,4.18077,1.96311,1.34304,0.993021,0.993874,0.0210066,0.097108,72,,0.0617074,0.00423283,-0.103859,0.201661,False,5.48911,5.93272,7.83973,1.53486,4.05442,1.63354,5.0821,1.68485,5.27739,5.53771,0,1.13388,1.27647,1.35542,1.30369,1.33281,1.4062,1.42585,1.52441,800,0,0,0,0.000376953,0,0.000290039,35.9744,30.024,69.024,31.137,8,6.23209,,40.2951,20.1476,1.30369,5.49351,0.882406,1.36313,1.53104,1.54371,1.57648,1.32523,0.384502,7.11802,1280
n6_warm_s-1_air,n6,warm,-1,air,M1,,processed,T2,102400,101145,0.790195,True,1.2231,0.880731,0.952533,0.802777,2.42501,0.90008,0.752708,0.995841,0.996335,0.024161,0.0967867,90,,-0.0267301,0.0137031,-0.096575,0.116892,False,3.35144,3.27568,5.18845,0.668277,2.46919,1.00063,3.17004,1.00089,3.48913,3.75944,0,0.974472,1.17225,1.17324,1.15765,1.13695,1.18672,1.17406,1.2231,800,0,0,0,0.000376953,0,0.000290039,34.7108,24.7167,44.219,24.4439,8,2.9536,,20.2482,10.1241,1.15765,1.88418,0.437668,1.18163,1.23858,1.23251,1.28508,0.645062,0.229547,3.65438,1280
n6_warm_s-1_air,n6,warm,-1,air,M1,,processed,T3,204800,187766,1.46692,False,1.09509,0.702947,0.633217,0.49095,1.56,0.55365,0.594697,0.996985,0.997383,0.0249184,0.100096,96,bracketed (integer knob): metrics interpolated,-0.040033,0.0505488,-0.0559013,0.0395089,False,2.7022,2.25093,3.88059,0.463916,1.72641,0.68842,2.20057,0.683337,2.23156,2.13044,0,0.948934,1.11527,1.10551,1.10452,0.985231,1.04977,1.04196,1.09509,800,0,0,0,0.000376953,0,0.000290039,29.0889,18.8874,34.8328,24.14,8,3.24165,,10.9072,5.4536,1.10452,1.41471,0.344598,1.06247,1.02408,1.00825,1.2295,0.695004,0.17877,3.89226,1280
n6_warm_s-1_air,n6,warm,-1,air,M1,,processed,T3,204800,219406,1.71411,False,1.01915,0.768362,0.608295,0.474988,1.56172,0.535721,0.655286,0.997229,0.997724,0.0240782,0.108319,97,bracketed (integer knob): metrics interpolated,-0.0402488,0.0433339,-0.0534062,0.0436795,False,2.62268,2.16813,3.70166,0.454025,1.72522,0.660012,2.02563,0.649398,2.0829,2.05505,0,0.928505,1.08375,1.09382,1.06366,0.933168,0.995858,0.997644,1.01915,800,0,0,0,0.000376953,0,0.000290039,27.4425,18.8874,30.9997,22.4439,8,2.76961,,9.33429,4.66715,1.06366,1.21971,0.360192,1.04015,0.962233,0.945634,1.2271,0.594316,0.188208,3.33655,1280
n6_warm_s-1_air,n6,warm,-1,air,M1-444,,processed,T1,51200,50919,0.397805,True,1.3838,1.52752,2.00646,1.5137,3.92881,1.73252,1.28787,0.990669,0.9914,0.0246257,0.0963082,58,,-0.0745793,0.215602,0.151374,-0.0507987,False,5.0218,5.60605,9.06149,1.30015,4.36073,1.84515,5.61321,1.88956,5.49293,6.04421,0,1.10521,1.46742,1.46779,1.20276,1.25031,1.55054,1.50156,1.3838,800,0,0,0,0.000376953,0,0.000290039,21.0365,34.9333,58.6577,26.1966,8,4.18719,,40.2207,20.1104,1.20276,3.44307,0.865424,1.29359,1.7473,1.75197,1.79428,1.49294,0.398175,5.76725,1280
n6_warm_s-1_air,n6,warm,-1,air,M1-444,,processed,T2,102400,99989,0.781164,True,1.15799,1.00836,0.849035,0.721173,2.01047,0.823154,0.790134,0.994833,0.995508,0.0286806,0.107842,84,,-0.0206536,0.0342473,-0.0450122,0.085757,False,3.26724,2.94471,4.67817,0.670864,2.32582,0.933605,2.96868,0.943562,3.06324,3.18514,0,0.948202,1.19755,1.22112,1.13496,1.01129,1.21715,1.17421,1.15799,800,0,0,0,0.000376953,0,0.000290039,21.5919,26.4128,51.527,19.2272,8,3.31901,,20.4823,10.2411,1.13496,1.98515,0.379713,0.983326,1.33674,1.32804,1.34836,0.694356,0.240469,4.42557,1280
n6_warm_s-1_air,n6,warm,-1,air,M1-444,,processed,T3,204800,211923,1.65565,True,0.974096,0.731974,0.578385,0.427974,1.47586,0.483682,0.63592,0.996678,0.997125,0.0291969,0.110799,94,,-0.0384997,0.0348535,-0.0345406,0.0341196,False,2.36635,1.9644,3.40642,0.42852,1.55933,0.650101,2.21345,0.680373,2.30994,1.9344,0,0.90423,1.10351,1.1036,1.06171,0.792436,1.0242,1.00995,0.974096,800,0,0,0,0.000376953,0,0.000290039,11.558,14.6152,19.1144,13.5363,8,2.89419,,9.66389,4.83194,1.06171,1.49448,0.304167,0.706172,1.07726,1.06127,1.05924,0.610067,0.186057,3.89164,1280
n6_warm_s-1_air,n6,warm,-1,air,M1j,,processed,T1,51200,50847,0.397242,True,1.19968,0.720222,0.813756,0.650839,1.90307,0.759189,0.611502,0.992751,0.993496,0.0279323,0.106995,83,,-0.0407653,0.0325786,-0.0411279,0.0181687,False,3.10175,2.69901,4.57735,0.632969,2.20982,0.879488,2.98761,0.861358,3.04331,2.45317,0,0.806632,1.02022,1.0126,0.944158,1.08726,1.17493,1.19032,1.19968,800,0,0,0,0.000376953,0,0.000290039,31.0625,40.1461,63.8901,29.6007,8,2.97271,,40.2777,20.1388,0.944158,1.0727,0.251295,1.31941,1.51718,1.51507,1.47043,0.742968,0.181732,3.2408,1280
n6_warm_s-1_air,n6,warm,-1,air,M1j,,processed,T2,102400,95447,0.74568,False,0.977201,0.551119,0.446389,0.378335,1.24294,0.447197,0.445283,0.995849,0.996259,0.0303675,0.112982,94,bracketed (integer knob): metrics interpolated,-0.0219173,0.0379076,-0.0387251,0.00822227,False,2.4056,1.82543,3.31099,0.375103,1.50047,0.603869,2.11525,0.615277,2.15415,1.42182,0,0.762229,0.930017,0.929081,0.858199,0.96819,0.955,0.999344,0.977201,800,0,0,0,0.000376953,0,0.000290039,29.4786,26.4128,49.7167,20.8404,8,1.99344,,21.4569,10.7285,0.858199,1.90417,0.191791,1.09523,1.15068,1.14632,1.16411,0.441581,0.129583,2.52596,1280
n6_warm_s-1_air,n6,warm,-1,air,M1j,,processed,T2,102400,112241,0.876883,False,0.906229,0.397709,0.358178,0.295604,1.108,0.349599,0.322005,0.996389,0.996751,0.0312455,0.109875,95,bracketed (integer knob): metrics interpolated,-0.0215102,0.0360098,-0.0411942,0.0138746,False,2.29366,1.63858,3.22268,0.299967,1.35967,0.57056,2.00439,0.563571,2.03457,1.26938,0,0.739175,0.90439,0.925232,0.858361,0.929598,0.914625,0.962952,0.906229,800,0,0,0,0.000376953,0,0.000290039,28.1257,24.7167,46.0627,20.309,8,1.48548,,18.2465,9.12323,0.858361,1.07959,0.149369,1.06692,1.08689,1.08158,1.12685,0.326457,0.102739,1.87409,1280
n6_warm_s-1_air,n6,warm,-1,air,M1j,,processed,T3,204800,178984,1.39831,False,0.761416,0.437618,0.327598,0.285242,1.11509,0.337487,0.343954,0.997393,0.997749,0.0333615,0.109358,98,bracketed (integer knob): metrics interpolated,-0.0178373,0.0300311,-0.0367986,0.0166094,False,2.37989,1.65678,3.23271,0.284512,1.37902,0.502251,1.54664,0.504549,1.64157,1.16223,0,0.727686,0.898785,0.894647,0.811947,0.82299,0.834244,0.831218,0.761416,800,0,0,0,0.000376953,0,0.000290039,29.4786,21.0627,34.8328,22.4439,8,1.60982,,11.4424,5.72118,0.811947,0.995943,0.157548,0.984355,0.889961,0.875653,1.02916,0.35414,0.109194,1.99496,1280
n6_warm_s-1_air,n6,warm,-1,air,M1j,,processed,T3,204800,242491,1.89446,False,0.685293,0.41986,0.335463,0.278937,1.15684,0.338412,0.335414,0.998006,0.998242,0.0370526,0.106278,99,bracketed (integer knob): metrics interpolated,-0.0160313,0.029909,-0.03777,0.0177364,False,2.42719,1.65354,3.29356,0.280748,1.38854,0.490415,1.49282,0.478609,1.54764,1.17932,0,0.70873,0.873646,0.86108,0.804965,0.720071,0.742494,0.747447,0.685293,800,0,0,0,0.000376953,0,0.000290039,28.1257,19.219,36.7325,24.0377,8,1.5182,,8.44567,4.22284,0.804965,1.3407,0.191631,0.950348,0.794362,0.780041,1.00772,0.334007,0.107459,1.88131,1280
n6_warm_s-1_air,n6,warm,-1,air,M1-fix,,processed,T1,51200,50156,0.391844,True,1.55985,0.511195,1.53586,0.716004,1.7992,0.710474,0.50668,0.990978,0.99224,0.0208311,0.110585,62,,0.00735541,0.0918602,0.00159168,-0.0625712,False,3.05778,2.2963,4.04282,0.719722,2.45297,1.22097,3.85768,1.21943,3.89643,4.37035,0,0.982855,1.39817,1.37289,1.38407,1.09459,1.47651,1.45616,1.55985,800,0.0342637,8.78906e-06,5.46875e-05,0.000514648,7.91016e-05,0.000307617,37.5851,34.0831,66.542,34.584,8,2.50686,,40.8326,20.4163,1.38407,1.62612,0.455958,1.22012,1.58854,1.6067,1.68326,0.674894,0.172625,1.86677,1280
n6_warm_s-1_air,n6,warm,-1,air,M1-fix,,processed,T2,102400,100456,0.784813,True,1.23877,0.263446,0.712822,0.366027,1.21566,0.360275,0.263293,0.994839,0.995733,0.0240752,0.111019,86,,-0.0196297,0.0213871,-0.0820213,-0.014142,False,3.22027,1.7311,3.86539,0.382344,1.68664,0.672549,2.32376,0.74541,2.64352,2.30321,0,0.820811,1.17363,1.20962,1.1705,0.921646,1.14219,1.13407,1.23877,800,0.0342637,8.78906e-06,5.46875e-05,0.000514648,7.91016e-05,0.000307617,42.9058,27.1259,64.577,27.0537,8,1.48459,,20.387,10.1935,1.1705,3.2135,0.196618,0.997981,1.20126,1.23066,1.34871,0.705791,0.101201,1.07624,1280
n6_warm_s-1_air,n6,warm,-1,air,M1-fix,,processed,T3,204800,204970,1.60133,True,1.0542,0.271874,0.467872,0.254103,1.59679,0.285207,0.259589,0.996687,0.997339,0.0255736,0.108423,95,,-0.0220001,0.0092998,-0.0755406,-0.0248375,False,3.84093,2.09946,4.51107,0.302856,1.88812,0.492522,1.71961,0.576927,2.05425,1.59542,0,0.776352,1.07061,1.0956,1.03248,0.76417,0.917794,1.00532,1.0542,800,0.0342637,8.78906e-06,5.46875e-05,0.000514648,7.91016e-05,0.000307617,42.1079,18.2977,47.3431,28.1533,8,1.52981,,9.99171,4.99585,1.03248,3.26272,0.137134,0.927891,0.94035,0.961841,1.27874,0.727031,0.0936646,1.16215,1280
n6_warm_s-1_air,n6,warm,-1,air,M2,,processed,T1,51200,47444,0.370656,False,2.15857,1.54981,6.06515,1.54169,3.64849,1.75749,1.34084,0.993556,0.994298,0.105516,0.152543,12.0998,did not converge within ±5 %,-0.485984,-1.02033,-1.0779,-1.3484,False,4.75569,5.20475,7.05159,2.98181,5.86789,5.23027,10.1537,5.66945,10.6949,11.349,0,1.221,1.77524,1.89147,2.07458,1.4755,2.06119,2.10016,2.15857,800,0,0,0,0.000376953,0,0.000290039,25.3625,24.7167,32.9219,25.622,8,4.0025,,43.1667,21.5833,2.07458,7.29656,3.44358,1.27603,1.81349,1.82769,2.07506,1.05605,0.682639,4.59697,1280
n6_warm_s-1_air,n6,warm,-1,air,M2,,processed,T2,102400,99538,0.777641,True,2.05493,1.38384,6.25973,1.18319,2.78341,1.32449,1.18159,0.995449,0.996045,0.117942,0.155594,6.2839,,-0.473408,-1.02443,-1.07256,-1.35206,False,3.61885,3.80504,5.18511,2.9255,4.99426,5.26048,9.10043,5.64235,9.61701,9.90386,0,1.10164,1.81556,1.79743,1.924,1.21703,1.9537,1.99421,2.05493,800,0,0,0,0.000376953,0,0.000290039,21.8038,22.8952,34.8328,27.1966,8,3.12849,,20.5751,10.2875,1.924,6.9289,3.48361,1.13866,1.62468,1.63997,2.00931,0.946127,0.649584,4.55419,1280
n6_warm_s-1_air,n6,warm,-1,air,M2,,processed,T3,204800,208537,1.6292,True,1.96891,1.23535,6.52584,1.04163,2.27037,1.11736,1.07504,0.996504,0.997113,0.13558,0.174064,1.0151,,-0.479924,-1.03469,-1.07697,-1.38776,False,3.06171,2.95157,4.23625,2.98897,4.52173,5.33282,8.27987,5.66258,8.912,9.17305,0,1.15218,1.75129,1.84978,1.95898,1.15209,1.83215,1.92314,1.96891,800,0,0,0,0.000376953,0,0.000290039,21.0889,22.8952,32.9219,27.7616,8,3.57288,,9.8208,4.9104,1.95898,6.56147,3.46284,1.07166,1.51012,1.53272,1.97568,0.911864,0.635867,4.2799,1280
n6_warm_s-1_air,n6,warm,-1,air,M2h,,processed,T1,51200,51965,0.405977,True,1.22257,0.984285,1.08812,0.795833,2.39781,0.869587,0.849894,0.995289,0.995523,0.173461,0.0893299,57,,-0.0257277,0.00465413,-0.0775572,0.0999088,False,3.50963,3.08017,4.81636,0.677028,2.28009,0.930199,3.03154,0.977381,3.29331,3.55714,0,0.843356,1.08947,1.10246,1.04274,1.09067,1.21119,1.22583,1.22257,800,0,0,0,0.000376953,0,0.000290039,26.0625,22.3922,34.8328,27.1966,8,3.98394,,39.4111,19.7056,1.04274,2.25101,0.501081,1.04651,1.23765,1.21768,1.33038,0.779707,0.252967,4.88313,1280
n6_warm_s-1_air,n6,warm,-1,air,M2h,,processed,T2,102400,96064,0.7505,False,1.09514,0.810799,0.849266,0.588677,1.88207,0.653032,0.705074,0.996435,0.996773,0.234157,0.092892,66,bracketed (integer knob): metrics interpolated,-0.0228365,0.00145056,-0.0693332,0.0767532,False,2.9891,2.49372,4.10576,0.539713,1.89007,0.746456,2.43755,0.766462,2.58676,2.94684,0,0.835654,1.01191,1.05348,1.02335,0.985093,1.09531,1.11758,1.09514,800,0,0,0,0.000376953,0,0.000290039,23.9584,19.219,36.7325,27.1966,8,2.59851,,21.3191,10.6596,1.02335,2.15132,0.499504,0.940388,1.05568,1.03303,1.26101,0.627053,0.224656,2.69033,1280
n6_warm_s-1_air,n6,warm,-1,air,M2h,,processed,T2,102400,112989,0.882727,False,1.07704,0.711458,0.832276,0.563578,1.77544,0.629138,0.64107,0.996666,0.996978,0.314169,0.113675,67,bracketed (integer knob): metrics interpolated,-0.018405,0.00133395,-0.0667362,0.0857381,False,2.77985,2.33356,3.81212,0.518575,1.78635,0.689026,2.27326,0.738456,2.40877,2.8099,0,0.844677,1.05242,1.09128,0.931502,0.969882,1.05864,1.08992,1.07704,800,0,0,0,0.000376953,0,0.000290039,23.9584,19.219,34.8328,22.0889,8,2.19168,,18.1257,9.06283,0.931502,2.59291,0.394014,0.916546,1.01105,0.988521,1.25104,0.720863,0.201012,2.29045,1280
n6_warm_s-1_air,n6,warm,-1,air,M2h,,processed,T3,204800,189046,1.47692,False,1.0335,0.721697,0.73228,0.495937,1.63212,0.556796,0.645423,0.99732,0.997656,0.306057,0.129766,74,bracketed (integer knob): metrics interpolated,-0.0169215,-0.00196741,-0.0560341,0.0757049,False,2.71249,2.21348,3.5333,0.463826,1.6118,0.61573,2.05378,0.655678,2.14604,2.53766,0,0.858066,1.04912,1.04806,0.955456,0.881173,0.985872,1.01245,1.0335,800,0,0,0,0.000376953,0,0.000290039,21.8132,16.3944,29.0663,23.0377,8,2.72752,,10.8333,5.41667,0.955456,1.71993,0.380119,0.864518,0.900422,0.883394,1.20841,0.584728,0.190131,3.23595,1280
n6_warm_s-1_air,n6,warm,-1,air,M2h,,processed,T3,204800,221306,1.72895,False,1.0169,0.660748,0.716751,0.484171,1.59165,0.531522,0.595567,0.997508,0.997855,0.325672,0.120358,75,bracketed (integer knob): metrics interpolated,-0.0156445,-0.00407932,-0.0519239,0.0764347,False,2.70612,2.18302,3.49783,0.439827,1.60892,0.597648,1.95346,0.628061,2.07279,2.42765,0,0.86283,1.0444,1.04786,0.969711,0.872115,0.932413,1.00684,1.0169,800,0,0,0,0.000376953,0,0.000290039,20.36,19.219,29.0663,23.0377,8,2.53896,,9.25415,4.62708,0.969711,2.43654,0.391098,0.849903,0.867491,0.853196,1.19417,0.563014,0.184975,3.50891,1280
n6_warm_s-1_air,n6,warm,-1,air,C,C,lossless,lossless,,305411,2.38602,,0,0,0,0,0,0,0,1,1,0.109786,0.140038,,,0,0,0,0,True,0,0,0,0,0,0,0,0,0,0,0,0.802157,0.834893,0.835448,0.820062,0,0,0,0,800,,,,,,,0,0,0,0,8,0,True,6.70572,3.35286,0.820062,0,0,0,0,0,0,0,0,0,1280
n6_warm_s-1_air,n6,warm,-1,air,C-jls,C-jls,lossless,lossless,,267319,2.08843,,0,0,0,0,0,0,0,1,1,0.0150657,0.0160731,,,0,0,0,0,True,0,0,0,0,0,0,0,0,0,0,0,0.802157,0.834893,0.835448,0.820062,0,0,0,0,800,,,,,,,0,0,0,0,8,0,,7.66126,3.83063,0.820062,0,0,0,0,0,0,0,0,0,1280
n6_warm_s-1_air,n6,warm,-1,air,C-png,C-png,lossless,lossless,,341451,2.66759,,0,0,0,0,0,0,0,1,1,1.49784,0.0104796,,,0,0,0,0,True,0,0,0,0,0,0,0,0,0,0,0,0.802157,0.834893,0.835448,0.820062,0,0,0,0,800,,,,,,,0,0,0,0,8,0,,5.99793,2.99897,0.820062,0,0,0,0,0,0,0,0,0,1280
n6_warm_s-1_air,n6,warm,-1,air,C2,C2/e3,lossless,lossless,,266406,2.0813,,0,0,0,0,0,0,0,1,1,0.142211,0.13487,,,0,0,0,0,True,0,0,0,0,0,0,0,0,0,0,0,0.802157,0.834893,0.835448,0.820062,0,0,0,0,800,,,,,,,0,0,0,0,8,0,,7.68751,3.84376,0.820062,0,0,0,0,0,0,0,0,0,1280
n6_warm_s-1_air,n6,warm,-1,air,C2,C2/e7,lossless,lossless,,251502,1.96486,,0,0,0,0,0,0,0,1,1,0.504212,0.167256,,,0,0,0,0,True,0,0,0,0,0,0,0,0,0,0,0,0.802157,0.834893,0.835448,0.820062,0,0,0,0,800,,,,,,,0,0,0,0,8,0,,8.14308,4.07154,0.820062,0,0,0,0,0,0,0,0,0,1280
n6_warm_s-1_air,n6,warm,-1,air,C2,C2/e7/tiled,lossless,lossless,,245204,1.91566,,0,0,0,0,0,0,0,1,1,0.524921,0.0946035,,,0,0,0,0,True,0,0,0,0,0,0,0,0,0,0,0,0.802157,0.834893,0.835448,0.820062,0,0,0,0,800,,,,,,,0,0,0,0,8,0,,8.35223,4.17611,0.820062,0,0,0,0,0,0,0,0,0,1280
n6_warm_s-1_air,n6,warm,-1,air,N,N/b7,near-lossless,near-lossless,,260241,2.03313,,0.689222,1.70341,0.613277,0.695482,1.97207,0.879302,1.41955,0.998886,0.99905,0.084416,0.0881887,,,0.0345302,0.0304409,0.0281893,0.0471336,False,3.04748,3.33022,5.1911,0.81977,2.11885,0.785624,2.26741,0.799678,2.33217,1.83568,0,0.953291,1.20057,1.1887,1.03827,0.542726,0.825522,0.838564,0.689222,800,,,,,,,1.27038,1.86112,1.73979,1.64152,8,4.92431,,7.86963,3.93481,1.03827,2.28883,0.582069,0.369054,0.586299,0.585231,0.558429,1.73659,0.451658,6.50703,1280
n6_warm_s-1_air,n6,warm,-1,air,N,N/b8,near-lossless,near-lossless,,360085,2.81316,,0.326046,0.759309,0.416947,0.374028,1.07219,0.466102,0.642367,0.999736,0.999783,0.0844624,0.0885037,,,-0.0172192,-0.0178307,-0.0188061,-0.0387789,False,1.43517,1.52717,2.20017,0.444129,1.29679,0.49604,1.42583,0.496503,1.46398,1.18053,0,0.873035,0.88262,0.89191,0.881546,0.212824,0.384757,0.377008,0.326046,800,,,,,,,0.584314,0.866667,0.898039,0.8,8,1.61755,,5.68755,2.84377,0.881546,1.58311,0.47163,0.188457,0.303503,0.303036,0.289591,0.359668,0.194995,2.66358,1280
n6_warm_s-1_air,n6,warm,-1,air,N,N/b9,near-lossless,near-lossless,,484993,3.78901,,0.145918,0.352315,0.160292,0.145928,0.540302,0.182878,0.290946,0.999938,0.999952,0.0869134,0.0896662,,,0.000227141,0.00637341,0.00621955,0.00830096,False,0.766207,0.78848,1.13888,0.152504,0.568702,0.183429,0.561551,0.189676,0.585403,0.469147,0,0.820999,0.864355,0.859762,0.855781,0.117966,0.163157,0.166255,0.145918,800,,,,,,,0.284788,0.406532,0.471758,0.406532,8,1.38164,,4.22274,2.11137,0.855781,1.09132,0.178918,0.0876862,0.13946,0.140152,0.134817,0.363899,0.0930081,1.52128,1280
n6_warm_s-1_air,n6,warm,-1,air,N,N/b10,near-lossless,near-lossless,,612072,4.78181,,0.077338,0.135016,0.0851697,0.0745519,0.203438,0.0883981,0.12419,0.999984,0.999992,0.088111,0.0920831,,,-0.0114008,-0.00665042,-0.0064285,-0.00284518,False,0.307787,0.291895,0.427902,0.0892382,0.262593,0.100531,0.31304,0.100689,0.324019,0.237421,0,0.801695,0.850163,0.843684,0.829637,0.0532222,0.0942443,0.095178,0.077338,800,,,,,,,0.143202,0.226403,0.220727,0.194242,8,0.665111,,3.34601,1.67301,0.829637,0.505252,0.0453742,0.0428968,0.0698355,0.0697127,0.0651723,0.177358,0.0412732,0.756788,1280
n6_warm_s-1_air,n6,warm,-1,air,D,D,raw,T1,51200,50327,0.39318,True,2.01424,1.38676,2.28448,1.74946,4.32405,2.1449,1.18587,0.974888,0.977727,0.0765631,0.0830369,45,,0.0308039,0.0408278,0.031216,-0.0069441,False,5.762,6.19522,8.72088,1.93937,4.52222,2.76719,6.26408,2.86857,6.43396,5.17835,3.90634e-06,1.60476,2.39708,2.3127,1.93796,1.7491,2.52063,2.36473,2.01424,800,,,,,,,28.1922,76.9961,66.3373,46.7647,8,4.01658,,40.6939,20.3469,1.93796,3.57351,0.564944,1.75745,2.80083,2.79459,2.58907,0.824144,0.366579,3.40996,1280
n6_warm_s-1_air,n6,warm,-1,air,D,D,raw,T2,102400,100552,0.785563,True,1.29959,0.993211,0.806396,0.664618,1.70115,0.806614,0.855028,0.990267,0.991437,0.0736752,0.0852022,82,,-0.0156196,-0.00832538,-0.00988664,-0.0327451,False,2.43926,2.57391,3.6227,0.721454,1.97828,0.980506,2.55121,1.03289,2.69745,2.12733,0,1.1252,1.4648,1.50617,1.31531,1.2332,1.53536,1.48098,1.29959,800,,,,,,,17.6667,31.349,30.6706,23.6039,8,2.90779,,20.3676,10.1838,1.31531,2.49251,0.442886,1.09748,1.6524,1.66157,1.54555,0.804011,0.264742,3.42805,1280
n6_warm_s-1_air,n6,warm,-1,air,D,D,raw,T3,204800,194080,1.51625,False,0.926272,0.753054,0.480242,0.416012,1.15904,0.506266,0.643385,0.996127,0.996916,0.0788461,0.0848117,94,bracketed (integer knob): metrics interpolated,-0.0195374,-0.0167431,-0.0154564,-0.0381983,False,1.6492,1.70099,2.41572,0.476187,1.38155,0.57597,1.63562,0.571839,1.69787,1.3237,0,1.03153,1.19609,1.17963,1.06976,0.862602,1.10932,1.04261,0.926272,800,,,,,,,7.93725,11.3294,12.2706,11.5922,8,1.68216,,10.5523,5.27617,1.06976,1.32509,0.410217,0.692149,0.987044,0.983506,0.935041,0.457196,0.19621,2.4367,1280
n6_warm_s-1_air,n6,warm,-1,air,D,D,raw,T3,204800,216750,1.69336,False,0.89917,0.739469,0.470034,0.415849,1.14957,0.518044,0.632136,0.99667,0.997288,0.0766412,0.0835213,95,bracketed (integer knob): metrics interpolated,-0.0196913,-0.0168333,-0.0144681,-0.0380555,False,1.63363,1.66664,2.35495,0.469498,1.37664,0.568905,1.61023,0.589584,1.68622,1.33762,0,1.02415,1.12519,1.19396,1.05031,0.838584,1.00241,1.02743,0.89917,800,,,,,,,6.60784,14.0824,10.5647,9.36863,8,1.80475,,9.44867,4.72434,1.05031,1.65211,0.46232,0.640764,0.906226,0.906979,0.862286,0.422156,0.191917,2.23189,1280
n6_warm_s-1_air,n6,warm,-1,air,D2,D2/modular,raw,T1,51200,50148,0.391781,True,1.18839,0.444497,0.487002,0.374944,1.2367,0.436019,0.370799,0.985784,0.98421,0.450344,0.140593,3.3104,,-0.00558958,-0.00429822,-0.00612141,-0.00734688,False,2.67487,1.75986,3.42008,0.407865,1.36399,0.543827,1.80999,0.574104,1.8911,1.48658,7.81268e-06,0.859412,1.19875,1.12496,1.00279,1.12978,1.37956,1.36774,1.18839,800,,,,,,,17.4886,36.1095,37.0354,25.824,8,0.953074,,40.8391,20.4196,1.00279,1.54833,0.267559,1.39796,2.27851,2.25463,2.12138,0.367104,0.133915,1.3039,1280
n6_warm_s-1_air,n6,warm,-1,air,D2,D2/modular,raw,T2,102400,102069,0.797414,True,0.939526,0.209881,0.181913,0.145836,0.415582,0.174493,0.187473,0.995053,0.995232,0.466916,0.139543,1.0521,,-0.00345943,0.000919093,-0.00176459,-0.00175189,False,0.75321,0.628049,1.04314,0.152053,0.491365,0.215354,0.699648,0.231793,0.693115,0.571313,0,0.8492,0.976125,0.978796,0.905415,0.906456,1.00587,1.02901,0.939526,800,,,,,,,7.51703,12.5566,21.0108,11.1004,8,0.676106,,20.0649,10.0324,0.905415,0.404142,0.109858,0.753209,1.12525,1.12647,1.10977,0.156448,0.0590862,0.817282,1280
n6_warm_s-1_air,n6,warm,-1,air,D2,D2/modular,raw,T3,204800,206355,1.61215,True,0.682794,0.102937,0.114293,0.0865317,0.237908,0.103197,0.0827328,0.998358,0.998517,0.494546,0.146227,0.3527,,-7.14563e-05,0.000714282,0.00131213,0.000739264,False,0.357184,0.336275,0.548062,0.0941936,0.284081,0.138333,0.402707,0.143118,0.407659,0.322938,0,0.937049,0.940363,0.924036,0.902339,0.616947,0.716693,0.752887,0.682794,800,,,,,,,3.72268,6.58268,8.13597,5.05598,8,0.240043,,9.92464,4.96232,0.902339,0.285382,0.0586207,0.425519,0.611673,0.614546,0.629737,0.0641977,0.0272814,0.308487,1280
n6_warm_s-1_air,n6,warm,-1,air,D,D/red+1.5,raw,T1,51200,50747,0.396461,True,1.58109,1.89843,1.2307,2.13834,5.30487,2.7085,1.6747,0.973255,0.976004,0.0880977,0.116417,"{""R"": 72, ""GB"": 34}",R share 0.38 (eq 0.25),-0.0295327,-0.0114894,-0.00931861,-0.0286946,False,7.40722,8.23696,11.6949,2.63017,5.72425,3.54367,7.69036,3.79801,7.97637,2.9653,0,1.89724,2.73539,2.58507,1.56544,1.94043,2.75337,2.73681,1.58109,800,,,,,,,35.7255,68.902,69.4157,37.298,8,5.94484,,40.3571,20.1785,1.56544,2.73375,0.624244,1.991,3.18945,3.1895,1.90618,1.36457,0.494899,7.10841,1280
n6_warm_s-1_air,n6,warm,-1,air,D,D/red+1.5,raw,T2,102400,100861,0.787977,True,1.0493,0.893201,0.540708,0.76514,2.01971,0.981599,0.789554,0.989026,0.990587,0.07322,0.0869958,"{""R"": 91, ""GB"": 76}",R share 0.38 (eq 0.25),-0.0199484,-0.0129418,-0.017831,-0.0381018,False,2.67793,3.03404,4.38663,0.902379,2.34378,1.2698,3.03127,1.27502,3.09889,1.51324,0,1.30086,1.62661,1.64877,1.13607,1.39855,1.69132,1.67416,1.0493,800,,,,,,,24.6824,35.8667,42.4667,15.4353,8,2.508,,20.3052,10.1526,1.13607,1.34002,0.416685,1.24885,1.89277,1.91112,1.1199,0.652572,0.233402,2.93283,1280
n6_warm_s-1_air,n6,warm,-1,air,D,D/red+1.5,raw,T3,204800,210193,1.64213,True,0.725989,0.747828,0.439185,0.411971,1.14859,0.505498,0.648512,0.99602,0.996831,0.0753027,0.0754565,"{""R"": 98, ""GB"": 93}",R share 0.37 (eq 0.25),-0.0203622,-0.015775,-0.0151713,-0.0366526,False,1.63377,1.71372,2.37174,0.472835,1.38556,0.568851,1.61424,0.578659,1.719,1.2542,0,1.04088,1.22459,1.21913,1.0262,0.902388,1.15494,1.13741,0.725989,800,,,,,,,10.2588,13.5686,15.451,4.33725,8,1.94104,,9.74343,4.87171,1.0262,1.63584,0.460555,0.736424,1.05985,1.05782,0.620964,0.384095,0.195146,2.06717,1280
n6_warm_s-1_air,n6,warm,-1,air,D,D/red+2,raw,T1,51200,50233,0.392445,True,1.29959,2.27834,0.806396,2.94283,7.99557,3.85961,1.76951,0.965723,0.965327,0.0692711,0.0837594,"{""R"": 82, ""GB"": 23}",R share 0.50 (eq 0.25),-0.00187705,0.0397531,0.00742353,-0.0327451,False,10.6635,11.8544,16.7811,3.7786,8.39368,5.16498,11.3472,5.30712,11.6526,2.12733,0,2.25898,3.278,3.01189,1.31531,2.38051,3.29459,3.13536,1.29959,800,,,,,,,40.2314,87.349,68.102,23.6039,8,7.09235,,40.77,20.385,1.31531,2.49251,0.442886,2.36821,3.8283,3.81161,1.54555,1.61046,0.53249,7.04794,1280
n6_warm_s-1_air,n6,warm,-1,air,D,D/red+2,raw,T2,102400,104931,0.819773,True,0.89917,0.886318,0.470034,1.01714,2.8125,1.32839,0.784007,0.986097,0.987785,0.0741121,0.102886,"{""R"": 95, ""GB"": 66}",R share 0.52 (eq 0.25),-0.00947589,0.00449707,-0.000948711,-0.0380555,False,3.90372,4.08693,5.87675,1.24391,3.16535,1.71602,4.10934,1.72045,4.26342,1.33762,0,1.41945,1.875,1.99554,1.05031,1.49961,1.93133,2.01321,0.89917,800,,,,,,,25.7686,49.6824,44.1961,9.36863,8,2.40564,,19.5176,9.75879,1.05031,1.65211,0.46232,1.44109,2.23092,2.25133,0.862286,0.643605,0.243725,3.35829,1280
n6_warm_s-1_air,n6,warm,-1,air,D,D/red+2,raw,T3,204800,199526,1.5588,True,0.610928,0.766379,0.439415,0.494174,1.34589,0.623869,0.650658,0.994424,0.995437,0.0708835,0.07198,"{""R"": 99, ""GB"": 89}",R share 0.49 (eq 0.25),-0.0233059,-0.0114978,-0.0134761,-0.0369756,False,1.96261,2.02898,2.8958,0.557041,1.61115,0.715184,1.99626,0.756163,2.03417,1.21293,0,1.10162,1.30184,1.35987,1.00137,1.0313,1.27245,1.28208,0.610928,800,,,,,,,14.6039,21.7647,21.3961,3.09804,8,1.59945,,10.2643,5.13216,1.00137,1.52429,0.463492,0.890791,1.30917,1.3223,0.500819,0.499476,0.203224,2.74604,1280
n6_warm_s-1_air,n6,warm,-1,air,D,D/3pl,raw,T1,51200,50781,0.396727,True,1.68336,1.22642,1.45436,1.29262,3.26858,1.56586,1.08244,0.979363,0.978139,0.0656349,0.072101,67,,-0.010194,0.262227,0.199685,-0.00717989,False,4.36252,4.77174,6.88903,1.23197,3.15818,2.77978,13.8886,2.82168,14.0273,3.41339,0,1.39297,1.95633,1.88338,1.57994,1.49115,1.89543,2.00509,1.68336,800,,,,,,,25.7686,104.275,72.3961,38.3373,8,3.04522,,40.33,20.165,1.57994,2.06723,0.693227,1.42303,3.46261,3.44588,2.06294,0.79017,0.34624,3.9969,1280
n6_warm_s-1_air,n6,warm,-1,air,D,D/3pl,raw,T2,102400,100309,0.783664,True,1.09374,0.769711,0.63,0.739571,1.96962,0.897956,0.719861,0.987942,0.986427,0.0730435,0.0587592,89,,-0.0233059,0.237991,0.176089,-0.0351288,False,2.78443,2.94769,3.9476,0.557041,1.61115,1.96742,13.9202,1.94704,13.829,1.67685,0,1.10162,1.3961,1.44552,1.16497,1.0313,1.43475,1.41768,1.09374,800,,,,,,,14.6039,78.298,70.8078,17.1373,8,2.06868,,20.4169,10.2085,1.16497,1.71161,0.380287,0.890791,3.04858,3.05001,1.23412,0.843497,0.239037,1.7553,1280
n6_warm_s-1_air,n6,warm,-1,air,D,D/3pl,raw,T3,204800,204195,1.59527,True,0.769975,0.784979,0.440305,0.662785,1.63276,0.798331,0.693527,0.991343,0.989467,0.067136,0.0584182,97,,-0.0197079,0.236541,0.174605,-0.036583,False,2.16824,2.43372,3.29007,0.458961,1.32777,1.82343,13.8197,1.82527,13.9965,1.22165,0,1.01735,1.1804,1.15465,1.01352,0.751438,1.0729,1.1152,0.769975,800,,,,,,,4.53333,87.8039,70.8078,6.21569,8,2.52228,,10.0296,5.01481,1.01352,1.76471,0.442571,0.518637,2.89571,2.8863,0.701509,0.539785,0.220983,2.32283,1280
n6_warm_s-1_air,n6,warm,-1,air,D,D/tiled,raw,T1,51200,50929,0.397883,True,2.0062,1.3323,2.21456,1.68539,4.16398,2.05047,1.14662,0.975944,0.978783,0.0187168,0.0230163,47,,-0.0122686,0.00803766,0.00635501,-0.0212772,False,5.60509,5.91173,8.41007,1.95438,4.71125,2.5573,5.90971,2.61781,6.15257,5.03456,0,1.64436,2.22354,2.23629,1.91095,1.73287,2.29695,2.36957,2.0062,800,,,,,,,28.1922,71.6314,68.7843,42.7843,8,4.17498,,40.2128,20.1064,1.91095,4.97988,0.613219,1.73211,2.73828,2.73707,2.53924,1.14409,0.368849,4.93349,1280
n6_warm_s-1_air,n6,warm,-1,air,D,D/tiled,raw,T2,102400,100002,0.781266,True,1.29959,0.993211,0.806396,0.664618,1.70115,0.806614,0.855028,0.990267,0.991437,0.0219628,0.0371997,82,,-0.0156196,-0.00832538,-0.00988664,-0.0327451,False,2.43926,2.57391,3.6227,0.721454,1.97828,0.980506,2.55121,1.03289,2.69745,2.12733,0,1.1252,1.4648,1.50617,1.31531,1.2332,1.53536,1.48098,1.29959,800,,,,,,,17.6667,31.349,30.6706,23.6039,8,2.90779,,20.4796,10.2398,1.31531,2.49251,0.442886,1.09748,1.6524,1.66157,1.54555,0.804011,0.264742,3.42805,1280
n6_warm_s-1_air,n6,warm,-1,air,D,D/tiled,raw,T3,204800,193436,1.51122,False,0.926272,0.753054,0.480242,0.416012,1.15904,0.506266,0.643385,0.996127,0.996916,0.0317438,0.025002,94,bracketed (integer knob): metrics interpolated,-0.0195374,-0.0167431,-0.0154564,-0.0381983,False,1.6492,1.70099,2.41572,0.476187,1.38155,0.57597,1.63562,0.571839,1.69787,1.3237,0,1.03153,1.19609,1.17963,1.06976,0.862602,1.10932,1.04261,0.926272,800,,,,,,,7.93725,11.3294,12.2706,11.5922,8,1.68216,,10.5875,5.29374,1.06976,1.32509,0.410217,0.692149,0.987044,0.983506,0.935041,0.457196,0.19621,2.4367,1280
n6_warm_s-1_air,n6,warm,-1,air,D,D/tiled,raw,T3,204800,216209,1.68913,False,0.89917,0.739469,0.470034,0.415849,1.14957,0.518044,0.632136,0.99667,0.997288,0.0242432,0.0252009,95,bracketed (integer knob): metrics interpolated,-0.0196913,-0.0168333,-0.0144681,-0.0380555,False,1.63363,1.66664,2.35495,0.469498,1.37664,0.568905,1.61023,0.589584,1.68622,1.33762,0,1.02415,1.12519,1.19396,1.05031,0.838584,1.00241,1.02743,0.89917,800,,,,,,,6.60784,14.0824,10.5647,9.36863,8,1.80475,,9.47232,4.73616,1.05031,1.65211,0.46232,0.640764,0.906226,0.906979,0.862286,0.422156,0.191917,2.23189,1280
n6_warm_s-1_air,n6,warm,-1,air,D2,D2/modular/red+1.5,raw,T1,51200,51391,0.401492,True,1.0321,0.517285,0.244265,0.403928,1.58047,0.50872,0.407471,0.984339,0.982184,0.484528,0.130916,"{""R"": 1.6072, ""GB"": 4.2919}",R share 0.38 (eq 0.25),-0.00977812,-0.0131093,-0.0097976,-0.00434029,False,3.31923,2.33335,4.68894,0.497548,1.76965,0.705019,2.26706,0.724043,2.24011,0.777237,0,0.873581,1.27404,1.21307,0.894431,1.13987,1.44023,1.41277,1.0321,800,,,,,,,23.9368,36.2882,43.1184,15.2673,8,1.72223,,39.8513,19.9257,0.894431,0.995733,0.129988,1.64754,2.69503,2.67082,1.39687,0.35331,0.133008,2.50841,1280
n6_warm_s-1_air,n6,warm,-1,air,D2,D2/modular/red+1.5,raw,T2,102400,103209,0.80632,True,0.789443,0.264842,0.130636,0.172025,0.570018,0.212777,0.205923,0.994341,0.994453,0.448609,0.135906,"{""R"": 0.5479, ""GB"": 1.3789}",R share 0.37 (eq 0.25),-0.00363173,-0.00149405,0.00183493,-0.00143886,False,1.15389,0.842805,1.53658,0.204386,0.662681,0.294243,0.91411,0.300958,0.918598,0.353714,0,0.867734,0.990241,1.01703,0.913822,0.964268,1.04576,1.11869,0.789443,800,,,,,,,10.1542,17.4904,16.8333,7.53184,8,0.919658,,19.8432,9.92162,0.913822,0.282885,0.047391,0.862768,1.32415,1.31946,0.792618,0.190222,0.0617916,1.43027,1280
n6_warm_s-1_air,n6,warm,-1,air,D2,D2/modular/red+1.5,raw,T3,204800,206439,1.6128,True,0.445209,0.114523,0.0826412,0.0840632,0.250538,0.102717,0.0951172,0.997935,0.998075,0.500573,0.139779,"{""R"": 0.1801, ""GB"": 0.4743}",R share 0.37 (eq 0.25),-0.000496684,-1.23203e-05,0.000448873,0.000776047,False,0.404894,0.372751,0.576732,0.0949122,0.280471,0.135303,0.396302,0.14102,0.406859,0.233142,0,0.910303,0.956552,0.897517,0.916113,0.710958,0.789299,0.840551,0.445209,800,,,,,,,5.48814,9.56827,9.16804,3.28249,8,0.356897,,9.92061,4.9603,0.916113,0.234752,0.0271167,0.501995,0.723691,0.726489,0.403779,0.106859,0.0320069,0.429647,1280
n6_warm_s-1_air,n6,warm,-1,air,D2,D2/modular/red+2,raw,T1,51200,51136,0.3995,True,0.942878,0.727696,0.179895,0.558971,2.06502,0.710713,0.628924,0.979913,0.976361,0.442753,0.133829,"{""R"": 1.0287, ""GB"": 5.975}",R share 0.50 (eq 0.25),-0.0217174,-0.0181098,-0.0219547,-0.00122664,False,4.11891,2.90414,5.16878,0.674464,2.4355,0.935289,3.10698,0.975779,3.22126,0.575988,0,0.924585,1.24383,1.36279,0.923181,1.1649,1.45973,1.57728,0.942878,800,,,,,,,29.5734,48.3582,52.2177,10.7374,8,2.37631,,40.0501,20.025,0.923181,0.410186,0.106191,1.94448,3.24344,3.23559,1.09928,0.705227,0.197357,2.63682,1280
n6_warm_s-1_air,n6,warm,-1,air,D2,D2/modular/red+2,raw,T2,102400,103431,0.808055,True,0.691001,0.278255,0.112496,0.194027,0.68763,0.251185,0.228687,0.99287,0.992659,0.458093,0.134763,"{""R"": 0.3572, ""GB"": 1.9049}",R share 0.48 (eq 0.25),-0.00370532,-0.000916073,-0.000515635,0.000871616,False,1.66697,1.01315,2.20242,0.233182,0.802648,0.324687,1.03092,0.33502,1.09581,0.319959,0,0.82707,1.01498,1.03272,0.904391,1.01454,1.17207,1.22173,0.691001,800,,,,,,,12.7967,19.4629,21.6161,5.05598,8,0.887,,19.8006,9.90032,0.904391,0.286228,0.0471822,1.01557,1.59388,1.59354,0.634669,0.204629,0.0693431,1.04113,1280
n6_warm_s-1_air,n6,warm,-1,air,D2,D2/modular/red+2,raw,T3,204800,202372,1.58103,True,0.212931,0.169073,0.0569869,0.109005,0.338305,0.13726,0.135427,0.997184,0.997327,0.496678,0.140273,"{""R"": 0.1077, ""GB"": 0.6586}",R share 0.49 (eq 0.25),-8.7106e-05,-0.000828085,-0.000935408,0.000399584,False,0.528315,0.468308,0.778628,0.128069,0.412084,0.182339,0.60136,0.185113,0.589423,0.166581,0,0.851593,0.967641,0.948926,0.867018,0.812775,0.880531,0.921005,0.212931,800,,,,,,,6.66907,10.4754,12.4262,2.27167,8,0.576102,,10.12,5.05999,0.867018,0.0941021,0.0258151,0.600155,0.878709,0.885937,0.26162,0.135319,0.0413315,0.634994,1280
n6_warm_s-1_air,n6,warm,-1,air,D2,D2/modular/3pl,raw,T1,51200,50484,0.394406,True,1.10083,0.592191,0.30827,0.560528,1.54721,0.700087,0.531668,0.985092,0.982213,0.323056,0.101369,2.0,,-0.00202641,0.247963,0.185786,-0.00536637,False,2.63067,2.14607,3.20235,0.266067,0.860757,1.66145,13.943,1.69457,14.2182,0.952267,0,0.836022,1.05,1.14756,0.939875,1.02762,1.24034,1.28875,1.10083,800,,,,,,,11.0012,83.3234,71.1529,17.5712,8,2.17883,,40.5673,20.2837,0.939875,0.697445,0.163033,1.04175,3.26052,3.22388,1.57822,0.426056,0.167073,2.11218,1280
n6_warm_s-1_air,n6,warm,-1,air,D2,D2/modular/3pl,raw,T2,102400,101847,0.79568,True,0.856103,0.617778,0.158178,0.526831,1.24745,0.687037,0.527671,0.990378,0.988177,0.358998,0.102226,0.6638,,-0.000189146,0.250569,0.188707,-0.000280764,False,1.94335,1.72106,2.29909,0.128188,0.419035,1.61463,13.7603,1.59085,13.918,0.471569,0,0.84821,1.04266,1.04586,0.915085,0.818235,1.07521,1.06315,0.856103,800,,,,,,,6.83243,91.5233,68.9344,9.18215,8,1.41641,,20.1086,10.0543,0.915085,0.574976,0.0816383,0.602551,2.92951,2.93717,0.877937,0.286266,0.161824,1.76792,1280
n6_warm_s-1_air,n6,warm,-1,air,D2,D2/modular/3pl,raw,T3,204800,209838,1.63936,True,0.53404,0.583353,0.0781645,0.504951,1.24901,0.693768,0.496627,0.992281,0.990282,0.389951,0.130341,0.2179,,-0.000176437,0.252021,0.19008,0.000346603,False,1.98493,1.66225,2.30179,0.0671533,0.194549,1.6023,13.7551,1.54868,14.0319,0.229198,0,0.936635,1.09085,1.06907,0.947439,0.321192,0.948929,0.899068,0.53404,800,,,,,,,2.8198,85.0066,69.2247,3.73274,8,1.65743,,9.75991,4.87996,0.947439,0.137477,0.0297688,0.292677,2.85192,2.84237,0.467868,0.32709,0.152008,1.86524,1280
n6_warm_s-1_air,n6,warm,-1,air,D2,D2/modular/tiled,raw,T1,51200,52283,0.408461,True,1.13853,0.391017,0.423287,0.316494,1.04957,0.367577,0.334657,0.98747,0.986365,0.424037,0.0686921,2.8712,,-0.00545993,-0.00487203,-0.00284403,-0.00545526,False,1.94957,1.51445,2.70312,0.343719,1.19537,0.502462,1.65672,0.480561,1.61921,1.34225,0,0.818269,1.13906,1.02806,0.972323,1.11948,1.33847,1.24327,1.13853,800,,,,,,,17.3635,51.2328,26.6622,28.102,8,1.54343,,39.1714,19.5857,0.972323,1.25899,0.203714,1.28068,2.08231,2.0562,1.9434,0.378404,0.113626,1.7502,1280
n6_warm_s-1_air,n6,warm,-1,air,D2,D2/modular/tiled,raw,T2,102400,101360,0.791875,True,0.939284,0.197987,0.179485,0.149595,0.427156,0.177693,0.178007,0.995129,0.995343,0.397655,0.0707594,1.0173,,-0.00248105,0.0005826,-0.00185067,-0.00101903,False,0.701506,0.655065,1.06103,0.154403,0.486563,0.215452,0.694619,0.23053,0.691387,0.576272,0,0.844785,0.972057,0.980011,0.92744,0.918395,1.00191,1.03431,0.939284,800,,,,,,,7.51703,12.2786,17.8741,10.8133,8,0.671581,,20.2052,10.1026,0.92744,0.410186,0.111137,0.74793,1.10953,1.11334,1.09724,0.179815,0.0581747,0.81189,1280
n6_warm_s-1_air,n6,warm,-1,air,D2,D2/modular/tiled,raw,T3,204800,204926,1.60098,True,0.682972,0.103744,0.114692,0.0870582,0.234774,0.103056,0.0831706,0.99837,0.998542,0.434138,0.0760732,0.3477,,0.000386322,0.000851902,0.00140514,0.000898133,False,0.362149,0.342672,0.543312,0.0936389,0.283191,0.136798,0.40329,0.142607,0.406854,0.323512,0,0.938303,0.940533,0.91726,0.901357,0.616974,0.715948,0.752889,0.682972,800,,,,,,,3.7102,6.58268,7.95538,4.9824,8,0.216851,,9.99385,4.99693,0.901357,0.283519,0.0568353,0.423839,0.609914,0.612909,0.628119,0.0619273,0.0269747,0.307166,1280
n6_warm_s-1_air,n6,warm,-1,air,D-j,D-j,raw,T1,51200,50850,0.397266,True,1.71424,1.16796,2.25288,1.68777,4.15903,2.04635,0.993101,0.976928,0.97827,0.076953,0.0821654,48,,-0.0728134,-0.0406419,-0.0437885,-0.0674901,False,5.97098,6.18949,8.70307,1.97136,5.06774,2.57568,6.17381,2.67842,6.30041,5.16384,3.90634e-06,1.34951,2.09871,1.91166,1.63197,1.49139,2.09675,2.16139,1.71424,800,,,,,,,32.749,88.6078,74.7647,55.5255,8,4.40029,,40.2753,20.1377,1.63197,5.4735,0.619108,1.72277,2.76282,2.76216,2.55013,1.16333,0.330447,5.02547,1280
n6_warm_s-1_air,n6,warm,-1,air,D-j,D-j,raw,T2,102400,100796,0.787469,True,1.2179,0.946629,0.725534,0.609037,1.67199,0.743562,0.796279,0.990827,0.991747,0.0832515,0.134697,83,,-0.039844,-0.0275952,-0.0282121,-0.0514713,False,2.63395,2.47887,3.54526,0.699036,2.01015,0.887895,2.41269,0.915127,2.48274,1.9759,0,1.00719,1.29702,1.36912,1.12774,1.08502,1.39322,1.41055,1.2179,800,,,,,,,23.6314,44.4353,45.9176,35.8588,8,2.35744,,20.3183,10.1591,1.12774,2.61024,0.458188,1.07651,1.64928,1.64598,1.52687,0.593438,0.236443,4.33807,1280
n6_warm_s-1_air,n6,warm,-1,air,D-j,D-j,raw,T3,204800,201609,1.57507,True,0.849683,0.727272,0.481461,0.42552,1.137,0.525821,0.623031,0.996722,0.997346,0.0780633,0.0808692,95,,-0.0289218,-0.0233945,-0.0208113,-0.0447078,False,1.72285,1.7202,2.40081,0.489519,1.37189,0.58047,1.60964,0.5914,1.69047,1.33735,0,0.922951,1.04498,1.01332,0.954428,0.773444,0.955866,0.907962,0.849683,800,,,,,,,9.93725,16.3294,16.9255,12.2314,8,1.77255,,10.1583,5.07914,0.954428,1.58212,0.448833,0.641026,0.916603,0.918678,0.868504,0.4058,0.189849,2.5355,1280
n6_warm_s-1_air,n6,warm,-1,air,L,L,raw,T1,51200,49147,0.383961,True,1.09941,0.403364,0.576394,0.498995,1.34869,0.588595,0.354247,0.990613,0.988462,0.151581,0.0436703,0.5001,,-0.0126222,0.0339034,-0.0279945,-0.0116455,False,2.10939,2.0755,3.278,0.518531,1.52992,1.19405,13.8431,1.21213,13.872,1.7131,0,0.879188,0.916621,0.918441,0.929052,1.06597,1.0368,1.04683,1.09941,800,,,,,,,24.4237,89.3388,74.0021,31.0199,8,0.936831,,41.6709,20.8355,0.929052,1.10328,0.190295,1.08231,2.91513,2.89761,1.29383,0.340029,0.114663,1.17166,1280
n6_warm_s-1_air,n6,warm,-1,air,L,L,raw,T2,102400,103906,0.811766,True,0.771707,0.257184,0.308991,0.270178,0.721583,0.315929,0.218957,0.992316,0.989949,0.173879,0.0384963,0.2073,,-0.00700462,0.0363001,-0.025599,-0.00657844,False,1.0872,1.07665,1.53336,0.271497,0.767068,0.988147,13.8233,1.01448,13.9309,0.872369,0,0.830705,0.835858,0.854503,0.847296,0.894079,0.8169,0.836219,0.771707,800,,,,,,,13.5934,85.048,69.8852,20.904,8,0.969098,,19.7101,9.85506,0.847296,0.713245,0.128808,0.758043,2.84469,2.84277,0.830195,0.244699,0.0730042,1.09773,1280
n6_warm_s-1_air,n6,warm,-1,air,L,L,raw,T3,204800,206575,1.61387,True,0.470177,0.199145,0.181632,0.147748,0.391682,0.171667,0.170687,0.993185,0.990779,0.18183,0.0393656,0.0731,,-0.00413111,0.036518,-0.0253978,-0.00784686,False,0.586334,0.591963,0.857238,0.136148,0.380355,0.917397,13.6245,0.953647,13.819,0.498777,0,0.829076,0.82631,0.825758,0.838679,0.617089,0.684651,0.670611,0.470177,800,,,,,,,7.59938,85.5813,68.8472,7.05639,8,0.573108,,9.91407,4.95704,0.838679,0.608574,0.110097,0.445898,2.8129,2.81277,0.452528,0.142328,0.0566369,0.946699,1280
n6_warm_s-1_air,n6,warm,-1,air,D-lin,D-lin,raw,T1,51200,50812,0.396969,True,2.11046,2.85995,1.99263,1.95665,8.13965,2.49721,2.32386,0.967912,0.971031,0.0659516,0.068846,58,,0.0242915,0.00431029,0.00684934,0.0318889,False,15.123,10.8569,18.4793,2.63681,7.7162,2.26163,5.88346,2.35038,5.98848,4.85557,0.00199223,2.02585,2.44415,2.41469,1.99183,2.17086,2.52777,2.44969,2.11046,800,,,,,,,24,45,44,36,8,17.2031,,40.3054,20.1527,1.99183,8.14815,0.549682,1.82791,2.4094,2.4147,2.30609,6.28185,0.728883,22.2232,1280
n6_warm_s-1_air,n6,warm,-1,air,D-lin,D-lin,raw,T2,102400,100759,0.78718,True,1.32371,0.895083,0.588535,0.583891,2.70368,0.776918,0.718801,0.986579,0.988189,0.0670585,0.0744782,86,,0.0195936,-0.000391134,-0.00565628,-0.00584349,False,5.80237,3.71336,7.37306,0.810471,2.45418,0.664447,1.72978,0.689874,1.83704,1.49883,0.000257819,1.38693,1.52247,1.48539,1.26383,1.41308,1.58109,1.53708,1.32371,800,,,,,,,15,20,19,17,8,4.70503,,20.3257,10.1629,1.26383,2.55396,0.230434,1.17118,1.42254,1.43169,1.37485,1.10834,0.220888,5.54241,1280
n6_warm_s-1_air,n6,warm,-1,air,D-lin,D-lin,raw,T3,204800,208162,1.62627,True,0.850658,0.205486,0.17501,0.178013,0.739837,0.228597,0.172394,0.995478,0.996818,0.0678367,0.0741335,96,,-0.00547243,-0.00579269,-0.00541767,-0.00836629,False,1.52663,1.05781,1.81712,0.236407,0.738602,0.196814,0.603604,0.203915,0.642255,0.557543,0,1.07726,1.15761,1.11559,0.993377,0.983949,0.982263,0.98447,0.850658,800,,,,,,,7,6,6,6,8,1.04928,,9.83849,4.91925,0.993377,0.382305,0.0649769,0.695501,0.771254,0.769225,0.762298,0.268033,0.0549828,1.19961,1280
n6_warm_s-1_air,n6,warm,-1,air,D2-lin,D2-lin/modular,raw,T1,51200,51716,0.404031,True,1.3952,0.770726,0.349042,0.374378,1.7018,0.494556,0.608867,0.983129,0.985785,0.424489,0.128724,2.3819,,0.000430284,-0.00366101,-0.000891862,0.000915246,False,3.6553,2.4122,4.14608,0.497948,1.7585,0.399361,1.30643,0.414905,1.32933,1.14023,8.98459e-05,1.30403,1.39953,1.33038,1.21508,1.50898,1.55414,1.49603,1.3952,800,,,,,,,18,20,19,18,8,3.02515,,39.6009,19.8004,1.21508,3.11688,0.241402,1.58848,1.8482,1.8606,1.83883,0.630817,0.182788,3.90387,1280
n6_warm_s-1_air,n6,warm,-1,air,D2-lin,D2-lin/modular,raw,T2,102400,102847,0.803492,True,1.14252,0.54408,0.187492,0.202307,0.942939,0.265393,0.471955,0.992323,0.995119,0.444945,0.136921,0.7872,,0.00205754,-0.00164667,-0.000672808,0.000203388,False,1.97509,1.32353,2.50569,0.274009,0.960425,0.215505,0.749147,0.228935,0.792669,0.672036,3.90634e-05,1.19921,1.26959,1.24099,1.12533,1.34178,1.30896,1.29262,1.14252,800,,,,,,,8,13,11,11,8,2.77515,,19.9131,9.95654,1.12533,0.90535,0.0848452,0.948505,1.0333,1.03192,1.05306,0.688987,0.148426,2.81787,1280
n6_warm_s-1_air,n6,warm,-1,air,D2-lin,D2-lin/modular,raw,T3,204800,198922,1.55408,True,0.983452,0.25412,0.127315,0.142454,0.635627,0.182691,0.214409,0.995821,0.998152,0.482542,0.138727,0.2924,,0.00138082,-0.000105606,-0.000621956,0.00151368,False,1.53071,0.902936,1.64477,0.176698,0.647129,0.142222,0.481428,0.157849,0.514476,0.425424,3.90634e-06,1.22388,1.2247,1.19909,1.11173,1.13543,1.0664,1.08908,0.983452,800,,,,,,,4,5,5,4,8,1.46758,,10.2955,5.14775,1.11173,0.459418,0.0832657,0.65138,0.675633,0.676218,0.706461,0.386358,0.074111,1.55945,1280
n6_warm_s-1_uw,n6,warm,-1,uw,W,W,raw,T1,51200,51201,0.400008,True,1.0381,2.34328,1.07186,1.12968,4.02367,1.1435,1.16781,0.95813,0.959023,0.0805788,0.0964533,496.0396,,-0.023022,-0.00728623,-0.0126768,-0.0254119,False,6.2327,5.33954,9.45338,0.991788,3.66552,1.25362,4.79779,1.32717,4.72234,3.85332,0.000329028,0.813217,1.20559,1.23464,0.720687,1.08718,1.31275,1.34336,1.0381,800,,,,,,,23.8148,46.3318,54.64,10.5348,8,7.15118,,39.9992,19.9996,0.720687,2.36134,0.751612,1.6204,2.99179,3.06481,0.750679,13.4995,1.63789,16.0487,1280
n6_warm_s-1_uw,n6,warm,-1,uw,W,W,raw,T2,102400,103935,0.811992,True,0.951124,0.591468,0.556518,0.577932,1.60181,0.572431,0.39272,0.981395,0.984616,0.080182,0.100377,176.418,,0.00174021,0.0144558,0.013019,-0.00857066,False,2.43088,1.97703,3.39679,0.433455,1.36606,0.592048,1.84991,0.582823,1.86098,1.68085,8.00338e-05,0.749795,0.884563,0.900479,0.74214,0.962865,1.03929,1.02063,0.951124,800,,,,,,,11.2597,18.7383,18.2811,4.92257,8,1.50335,,19.7046,9.85231,0.74214,1.461,0.339021,0.898285,1.48919,1.44901,0.591313,4.47894,0.377862,2.87538,1280
n6_warm_s-1_uw,n6,warm,-1,uw,W,W,raw,T3,204800,207606,1.62192,True,0.646933,0.232373,0.238821,0.259294,0.662352,0.253007,0.155026,0.99342,0.995253,0.0798737,0.0986865,61.0016,,0.00429171,0.0125753,0.0124229,7.64559e-05,False,0.891016,0.817203,1.24299,0.190861,0.577183,0.257468,0.741778,0.261397,0.766991,0.770593,0,0.771751,0.845684,0.823314,0.840245,0.777059,0.783322,0.777561,0.646933,800,,,,,,,4.30164,7.22209,6.56586,2.54298,8,0.470603,,9.86484,4.93242,0.840245,0.397716,0.118913,0.525857,0.712258,0.708058,0.400218,1.69697,0.147333,1.27993,1280
n6_warm_s-1_uw,n6,warm,-1,uw,M0-r1,repeat,floor,floor,,,,,1.41869,1.41751,0.977147,1.17189,3.24995,1.20516,0.902144,0.962563,0.979053,,,,,-0.00366199,-0.0254446,-0.0251304,-0.00284852,False,4.66889,4.31031,6.77129,0.92275,2.87436,0.956083,2.79628,0.976374,2.87193,2.86029,0.0006047,0.81254,0.81993,0.823407,0.816726,1.40498,1.43495,1.4313,1.41869,800,,,,,,,9,136,75,4,8,3.12185,,,,0.816726,3.93162,0.446246,1.00536,1.30362,1.28286,0.758423,7.52495,0.848079,8.05624,1280
n6_warm_s-1_uw,n6,warm,-1,uw,M1-q∞,isp-floor,floor,floor,,,,,0.0313315,0.447966,0.162045,0.268264,0.759157,0.291018,0.361021,0.999777,0.999786,,,,,0.0194869,0.00217552,0.00292207,-0.0060652,False,0.99623,0.936535,1.51914,0.257723,0.892755,0.340716,1.10361,0.361567,1.14719,0.524772,0,0.841234,0.91805,0.878902,0.817652,0.107173,0.319106,0.326989,0.0313315,800,,,,,,,0.316453,0.921927,0.921927,0.106616,8,1.33864,,,,0.817652,0.719802,0.207673,0.108428,0.292843,0.29419,0.0270369,0.903638,0.191734,1.47726,1280
n6_warm_s-1_uw,n6,warm,-1,uw,M1,,processed,T1,51200,50307,0.393023,True,0.952894,2.61435,0.936572,2.32106,5.6268,2.65972,1.7935,0.981338,0.987528,0.0219925,0.101234,56,,-0.0700592,0.0601892,-0.0783105,-0.00560425,False,7.17154,7.74925,10.7876,1.90372,5.23366,2.26125,6.26078,2.17291,6.35034,2.94667,8.89264e-06,1.18445,2.74431,3.02916,0.643085,1.4021,2.74965,3.02606,0.952894,800,0,0,0,0.000399414,0,0.000514648,27.7668,34.9333,53.6839,3.48227,8,5.15346,,40.71,20.355,0.643085,4.53092,0.678567,1.26285,2.02551,2.03794,0.541952,7.25447,1.47526,12.5609,1280
n6_warm_s-1_uw,n6,warm,-1,uw,M1,,processed,T2,102400,100158,0.782484,True,0.817783,1.79259,0.577572,1.11023,3.02512,1.28689,1.17551,0.989073,0.992689,0.0222561,0.101044,82,,0.00536698,0.047906,-0.0949012,-0.0194593,False,4.02154,3.94695,6.35395,0.862449,2.75108,1.13804,3.72962,1.15335,3.8809,1.71533,4.44632e-06,1.06576,2.44414,2.46855,0.59787,1.23948,2.37206,2.46044,0.817783,800,0,0,0,0.000399414,0,0.000514648,24.6936,28.3236,49.4737,3.6722,8,3.21951,,20.4477,10.2238,0.59787,2.13056,0.80563,1.105,1.74283,1.75611,0.472751,5.0767,0.872391,9.98895,1280
n6_warm_s-1_uw,n6,warm,-1,uw,M1,,processed,T3,204800,194203,1.51721,False,0.715116,1.24482,0.403415,0.577174,1.89368,0.626683,0.769445,0.993066,0.99508,0.0279232,0.102242,93,bracketed (integer knob): metrics interpolated,0.00435647,0.079562,-0.058434,-0.0259931,False,3.07583,2.39993,4.50201,0.476503,1.783,0.749144,2.57866,0.761364,2.61497,1.14543,0,0.97233,2.24773,2.22048,0.594436,1.11058,2.14986,2.20606,0.715116,800,0,0,0,0.000399414,0,0.000514648,23.6412,23.1569,34.764,3.40147,8,2.72253,,10.5457,5.27283,0.594436,1.40442,0.403389,0.98231,1.54193,1.55183,0.412153,5.06221,0.734051,7.90355,1280
n6_warm_s-1_uw,n6,warm,-1,uw,M1,,processed,T3,204800,217170,1.69664,False,0.689449,1.22691,0.389052,0.582846,1.87217,0.621878,0.7455,0.993473,0.995448,0.0251968,0.10308,94,bracketed (integer knob): metrics interpolated,0.00424755,0.0783915,-0.056221,-0.0259386,False,3.09475,2.50635,4.57866,0.475654,1.68833,0.740854,2.45418,0.739402,2.59541,1.12805,0,0.959651,2.19078,2.17862,0.59595,1.05896,2.11526,2.18179,0.689449,800,0,0,0,0.000399414,0,0.000514648,22.5746,21.1569,34.764,4.56339,8,2.91264,,9.4304,4.7152,0.59595,1.61683,0.406745,0.966566,1.50478,1.51432,0.403536,4.30714,0.694295,7.44305,1280
n6_warm_s-1_uw,n6,warm,-1,uw,M1-444,,processed,T1,51200,50982,0.398297,True,0.948656,2.19747,0.682494,1.5016,4.35001,1.68519,1.47578,0.975507,0.983366,0.0254521,0.103932,39,,0.109572,0.0750109,0.0117663,-0.00685762,False,5.98642,6.55059,11.6337,1.36139,4.2454,2.08392,6.61655,2.1649,6.70024,2.13359,1.3339e-05,1.24101,2.47564,2.44956,0.699382,1.42256,2.52215,2.51198,0.948656,800,0,0,0,0.000399414,0,0.000514648,22.8755,43.3632,74.06,3.9709,8,3.85142,,40.171,20.0855,0.699382,2.62637,0.787679,1.1884,2.19757,2.20469,0.543188,3.09626,0.882995,12.6754,1280
n6_warm_s-1_uw,n6,warm,-1,uw,M1-444,,processed,T2,102400,98997,0.773414,True,0.779419,0.989032,0.451469,0.938067,2.84372,1.0728,0.749283,0.984129,0.989346,0.0265072,0.101486,70,,0.0142236,0.0296574,-0.0477184,-0.0150963,False,3.89499,3.40351,5.28067,0.832939,2.94567,1.20585,3.79497,1.23554,3.90841,1.58377,0,1.07703,2.15331,2.2979,0.692446,1.17934,2.14544,2.29788,0.779419,800,0,0,0,0.000399414,0,0.000514648,15.6547,32.4605,62.1569,3.58054,8,2.48077,,20.6875,10.3437,0.692446,1.38327,0.383637,1.02129,1.80812,1.79622,0.468983,2.03994,0.439662,4.42003,1280
n6_warm_s-1_uw,n6,warm,-1,uw,M1-444,,processed,T3,204800,199337,1.55732,True,0.614665,0.86001,0.288939,0.527392,1.91247,0.605174,0.588053,0.990052,0.993303,0.0309064,0.0989653,87,,0.00999435,0.0160786,-0.0571265,-0.00767487,False,3.23557,2.36598,4.1252,0.475972,1.82187,0.740999,2.61986,0.770657,2.71388,0.962458,0,0.971537,1.96047,2.00339,0.686841,0.976256,1.8996,1.98093,0.614665,800,0,0,0,0.000399414,0,0.000514648,11.5464,26.7167,40.4982,2.59216,8,2.34123,,10.2741,5.13703,0.686841,1.06671,0.303833,0.816317,1.50683,1.50929,0.371967,4.74408,0.46797,3.57699,1280
n6_warm_s-1_uw,n6,warm,-1,uw,M1j,,processed,T1,51200,50001,0.390633,True,0.944561,1.70117,0.612081,1.04958,2.98876,1.14985,1.11102,0.979806,0.986761,0.0289785,0.106126,68,,-0.0280486,0.0648574,-0.0109833,-0.0237606,False,4.3533,3.79821,6.54882,0.839406,2.5121,1.23916,3.88955,1.24172,4.03897,1.70382,1.3339e-05,0.905677,1.80506,1.80254,0.604242,1.17267,1.86318,1.84996,0.944561,800,0,0,0,0.000399414,0,0.000514648,30.1096,48.2371,80.6232,4.56339,8,3.57861,,40.9592,20.4796,0.604242,2.41104,0.436524,1.21473,1.85929,1.86715,0.537067,6.80269,0.948821,10.2399,1280
n6_warm_s-1_uw,n6,warm,-1,uw,M1j,,processed,T2,102400,101049,0.789445,True,0.778381,1.2033,0.333332,0.574099,1.93775,0.632966,0.707372,0.988083,0.991979,0.0291906,0.109603,88,,-0.00966147,0.0527833,-0.0302319,-0.0157182,False,3.23057,2.5848,4.52716,0.469585,1.65348,0.690605,2.53692,0.717338,2.59903,1.0471,0,0.858181,1.59445,1.59846,0.586074,1.09837,1.64064,1.62856,0.778381,800,0,0,0,0.000399414,0,0.000514648,25.732,32.2371,65.6123,4.18045,8,2.80218,,20.2674,10.1337,0.586074,1.07635,0.211622,1.04893,1.45329,1.45516,0.460739,6.53745,0.732173,7.75539,1280
n6_warm_s-1_uw,n6,warm,-1,uw,M1j,,processed,T3,204800,200001,1.56251,True,0.633315,1.00263,0.26291,0.413508,1.59007,0.450979,0.568096,0.993601,0.995351,0.0349102,0.115239,95,,-0.000479723,0.0547418,-0.0262243,-0.0143214,False,2.62598,2.12615,3.89703,0.344035,1.29155,0.553501,2.02267,0.550968,2.10732,0.908727,0,0.833965,1.45012,1.52941,0.571284,0.998218,1.40364,1.44186,0.633315,800,0,0,0,0.000399414,0,0.000514648,23.1096,21.0627,46.0627,3.59786,8,2.63573,,10.2399,5.11997,0.571284,1.08133,0.302235,0.931689,1.19168,1.19037,0.374083,5.84635,0.662877,7.31265,1280
n6_warm_s-1_uw,n6,warm,-1,uw,M1-fix,,processed,T1,51200,50523,0.394711,True,15.3997,29.0529,169.534,36.9057,47.3203,24.5418,35.0237,0.948419,0.961373,0.0214768,0.11037,62,,1.69173,5.48068,5.33076,14.8349,False,55.43,44.5053,73.4755,12.4129,17.3854,24.0077,48.7695,23.6278,50.5507,401.541,0,2.08156,6.52128,6.26765,15.383,2.17939,6.43065,6.15216,15.3997,800,0.40983,0,0.999925,0.000198242,0.000924805,0,30.2111,63.5554,80.0627,38.7475,8,66.5678,,40.536,20.268,15.383,514.943,154,2.15499,6.79469,6.68213,17.8094,46.4876,18.7387,73.9928,1280
n6_warm_s-1_uw,n6,warm,-1,uw,M1-fix,,processed,T2,102400,97824,0.76425,True,15.279,29.0676,168.82,36.8997,47.3508,24.5234,34.9868,0.952233,0.964918,0.0237392,0.112648,85,,1.66855,5.3723,5.23221,14.7817,False,55.5584,44.747,72.9466,12.3829,16.4735,23.636,47.4328,23.4275,49.142,399.501,0,1.87878,5.83301,5.98452,15.2621,1.92423,5.84932,5.74153,15.279,800,0.40983,0,0.999925,0.000198242,0.000924805,0,22.597,51.9095,73.9316,40.1286,8,66.717,,20.9356,10.4678,15.2621,513.901,155.04,2.03406,6.53466,6.42238,17.7485,46.4332,18.724,73.7214,1280
n6_warm_s-1_uw,n6,warm,-1,uw,M1-fix,,processed,T3,204800,187705,1.46645,False,15.2395,29.0698,168.693,36.8944,47.2898,24.547,34.9816,0.954898,0.967999,0.0252295,0.111628,94,bracketed (integer knob): metrics interpolated,1.67921,5.37034,5.25925,14.7772,False,55.4255,44.4866,73.0853,12.4738,16.463,23.6293,47.578,23.5425,49.7638,399.141,0,1.88882,5.9842,5.83743,15.2219,1.96765,5.95601,5.62366,15.2395,800,0.40983,0,0.999925,0.000198242,0.000924805,0,24.935,43.1525,82.2891,39.2395,8,66.6125,,10.9107,5.45537,15.2219,512.838,154.674,2.00317,6.46556,6.37179,17.7457,46.4445,18.709,73.8166,1280
n6_warm_s-1_uw,n6,warm,-1,uw,M1-fix,,processed,T3,204800,215061,1.68016,False,15.2602,29.0733,168.905,36.8978,47.3081,24.567,34.9799,0.955259,0.968246,0.0256135,0.112724,95,bracketed (integer knob): metrics interpolated,1.68148,5.36879,5.26091,14.7759,False,55.6036,44.5262,73.0696,12.4635,16.4892,23.5733,47.5781,23.4628,49.7844,399.176,0,1.87635,5.96175,5.85323,15.2422,1.94258,5.90539,5.663,15.2602,800,0.40983,0,0.999925,0.000198242,0.000924805,0,24.3508,40.2833,82.4245,39.2192,8,66.5603,,9.52288,4.76144,15.2422,513.359,154.688,2.00171,6.45563,6.36511,17.7439,46.448,18.7058,73.8466,1280
n6_warm_s-1_uw,n6,warm,-1,uw,M2,,processed,T1,51200,53908,0.421156,False,0.971307,1.6946,2.24233,1.48397,3.68117,1.63544,1.19569,0.982936,0.989138,0.105688,0.155083,17.0995,did not converge within ±5 %,-0.348634,-0.975457,-1.05076,-0.169987,False,4.85635,4.44721,6.52979,2.35309,5.61861,5.01067,10.1141,5.41443,10.9121,4.43212,0,0.985051,2.44599,2.6519,0.661849,1.22052,2.54306,2.7634,0.971307,800,0,0,0,0.000399414,0,0.000514648,21.9309,25.219,56.8916,3.79315,8,2.73948,,37.9907,18.9953,0.661849,5.21907,2.71626,1.17055,1.98656,2.02487,0.556225,7.47034,1.1404,6.96472,1280
n6_warm_s-1_uw,n6,warm,-1,uw,M2,,processed,T2,102400,96105,0.75082,False,0.853873,1.48467,2.40108,1.31837,3.24299,1.44854,1.03415,0.986209,0.991773,0.135304,0.167901,12.0999,did not converge within ±5 %,-0.403335,-1.13711,-1.21366,-0.183004,False,4.6447,3.94982,5.71364,2.63608,6.03231,5.69879,10.1626,6.15403,10.9819,4.55372,0,1.02585,2.65027,2.81586,0.676729,1.22672,2.68551,2.80901,0.853873,800,0,0,0,0.000399414,0,0.000514648,20.7275,30.1144,23.696,3.29773,8,2.01045,,21.31,10.655,0.676729,4.7397,2.82785,1.11124,1.98524,2.02155,0.519594,6.13015,1.07203,5.13601,1280
n6_warm_s-1_uw,n6,warm,-1,uw,M2,,processed,T3,204800,210477,1.64435,True,0.628456,1.40509,2.4505,1.02267,2.33322,1.06542,0.945641,0.991002,0.994103,0.188478,0.191639,6.7584,,-0.382861,-1.14625,-1.20004,-0.182614,False,3.20643,2.92796,4.18386,2.56841,4.98937,5.70112,9.39254,6.07325,10.1986,4.09618,0,1.09398,2.53531,2.68137,0.686095,1.1477,2.4622,2.7056,0.628456,800,0,0,0,0.000399414,0,0.000514648,18.7296,21.0627,30.9997,3.79315,8,1.87556,,9.73028,4.86514,0.686095,5.06305,3.13154,0.998172,1.8644,1.91688,0.421624,5.22812,1.01885,5.21465,1280
n6_warm_s-1_uw,n6,warm,-1,uw,M2h,,processed,T1,51200,50107,0.391461,True,0.920331,1.74861,0.551362,1.07654,3.42768,1.18085,1.30172,0.985834,0.989523,0.249128,0.101501,48,,-0.00344859,0.0298908,-0.061459,-0.0173421,False,5.2765,4.34771,7.5287,0.922989,3.10079,1.15921,3.96702,1.15571,4.20501,1.84393,4.44632e-06,0.915945,1.83685,1.8518,0.603047,1.18427,2.00617,1.92907,0.920331,800,0,0,0,0.000399414,0,0.000514648,22.5746,23.1569,39.2868,3.98735,8,4.15659,,40.8725,20.4363,0.603047,2.85528,0.633167,1.07331,1.6343,1.59984,0.501305,4.0282,0.880178,6.42583,1280
n6_warm_s-1_uw,n6,warm,-1,uw,M2h,,processed,T2,102400,100239,0.783117,True,0.796604,1.13166,0.42513,0.769108,2.49864,0.847372,0.783322,0.989579,0.992237,0.228903,0.0984996,56,,-0.00659969,0.0157253,-0.0710226,-0.0138553,False,3.89963,3.17552,5.23055,0.66876,2.38804,0.896012,3.15883,0.961819,3.39508,1.40088,0,0.903295,1.90279,1.90329,0.602506,1.09371,1.96885,1.93029,0.796604,800,0,0,0,0.000399414,0,0.000514648,18.7296,19.3642,34.8328,3.98735,8,2.47614,,20.4312,10.2156,0.602506,2.04951,0.404861,0.954657,1.50233,1.46469,0.429205,3.60695,0.63296,4.46861,1280
n6_warm_s-1_uw,n6,warm,-1,uw,M2h,,processed,T3,204800,204599,1.59843,True,0.581076,0.949298,0.290906,0.56195,1.86232,0.63076,0.646396,0.992437,0.994803,0.313414,0.110382,66,,-0.00402825,0.00905408,-0.0638066,-0.0078714,False,2.86741,2.29767,3.7269,0.519918,1.82594,0.699999,2.38949,0.764767,2.63885,0.957057,0,0.937115,1.84876,1.90292,0.633356,0.986071,1.83091,1.93743,0.581076,800,0,0,0,0.000399414,0,0.000514648,18.7296,17.3642,29.0663,2.8057,8,1.50843,,10.0098,5.00491,0.633356,0.965117,0.259569,0.834103,1.30484,1.28697,0.326908,2.54439,0.497205,3.76681,1280
n6_warm_s-1_uw,n6,warm,-1,uw,C,C,lossless,lossless,,290370,2.26852,,0,0,0,0,0,0,0,1,1,0.086244,0.0851537,,,0,0,0,0,True,0,0,0,0,0,0,0,0,0,0,0,0.836622,0.834893,0.835448,0.815476,0,0,0,0,800,,,,,,,0,0,0,0,8,0,True,7.05307,3.52654,0.815476,0,0,0,0,0,0,0,0,0,1280
n6_warm_s-1_uw,n6,warm,-1,uw,C-jls,C-jls,lossless,lossless,,252485,1.97254,,0,0,0,0,0,0,0,1,1,0.0159213,0.0165702,,,0,0,0,0,True,0,0,0,0,0,0,0,0,0,0,0,0.836622,0.834893,0.835448,0.815476,0,0,0,0,800,,,,,,,0,0,0,0,8,0,,8.11137,4.05569,0.815476,0,0,0,0,0,0,0,0,0,1280
n6_warm_s-1_uw,n6,warm,-1,uw,C-png,C-png,lossless,lossless,,324263,2.5333,,0,0,0,0,0,0,0,1,1,1.34128,0.0106245,,,0,0,0,0,True,0,0,0,0,0,0,0,0,0,0,0,0.836622,0.834893,0.835448,0.815476,0,0,0,0,800,,,,,,,0,0,0,0,8,0,,6.31586,3.15793,0.815476,0,0,0,0,0,0,0,0,0,1280
n6_warm_s-1_uw,n6,warm,-1,uw,C2,C2/e3,lossless,lossless,,255157,1.99341,,0,0,0,0,0,0,0,1,1,0.146214,0.13694,,,0,0,0,0,True,0,0,0,0,0,0,0,0,0,0,0,0.836622,0.834893,0.835448,0.815476,0,0,0,0,800,,,,,,,0,0,0,0,8,0,,8.02643,4.01322,0.815476,0,0,0,0,0,0,0,0,0,1280
n6_warm_s-1_uw,n6,warm,-1,uw,C2,C2/e7,lossless,lossless,,234828,1.83459,,0,0,0,0,0,0,0,1,1,0.477854,0.174142,,,0,0,0,0,True,0,0,0,0,0,0,0,0,0,0,0,0.836622,0.834893,0.835448,0.815476,0,0,0,0,800,,,,,,,0,0,0,0,8,0,,8.72128,4.36064,0.815476,0,0,0,0,0,0,0,0,0,1280
n6_warm_s-1_uw,n6,warm,-1,uw,C2,C2/e7/tiled,lossless,lossless,,230258,1.79889,,0,0,0,0,0,0,0,1,1,0.5011,0.0957378,,,0,0,0,0,True,0,0,0,0,0,0,0,0,0,0,0,0.836622,0.834893,0.835448,0.815476,0,0,0,0,800,,,,,,,0,0,0,0,8,0,,8.89437,4.44719,0.815476,0,0,0,0,0,0,0,0,0,1280
n6_warm_s-1_uw,n6,warm,-1,uw,N,N/b7,near-lossless,near-lossless,,298563,2.33252,,0.186948,1.88044,1.11698,1.1031,2.16479,0.976636,1.57528,0.998615,0.99881,0.0899211,0.0890106,,,0.0425035,0.0304706,0.0281783,0.0357063,False,2.79104,2.6404,3.53749,0.731945,2.22054,0.785624,2.2678,0.800076,2.33237,3.44889,0,0.943659,1.20057,1.1887,0.833891,0.4126,0.825522,0.838564,0.186948,800,,,,,,,1.02877,1.67896,1.67896,0.510199,8,4.71071,,6.85952,3.42976,0.833891,2.75278,1.79741,0.32628,0.586242,0.585181,0.20172,3.06231,0.800573,7.94537,1280
n6_warm_s-1_uw,n6,warm,-1,uw,N,N/b8,near-lossless,near-lossless,,407094,3.18042,,0.122049,0.919279,0.687727,0.544318,1.17916,0.456285,0.72945,0.999696,0.999705,0.0922682,0.0935702,,,-0.0233452,-0.0178156,-0.0187944,0.0169734,False,1.72764,1.43347,2.0765,0.426987,1.06165,0.496305,1.42586,0.496607,1.46451,1.3616,0,0.841799,0.88262,0.89191,0.829184,0.190331,0.384757,0.377008,0.122049,800,,,,,,,0.529412,0.803922,0.898039,0.25098,8,2.6342,,5.03078,2.51539,0.829184,3.02197,0.980589,0.163356,0.303465,0.303014,0.0897113,1.04301,0.360292,3.28403,1280
n6_warm_s-1_uw,n6,warm,-1,uw,N,N/b9,near-lossless,near-lossless,,532915,4.1634,,0.0716229,0.406453,0.223744,0.230784,0.580336,0.214075,0.327059,0.999915,0.999925,0.0939108,0.100379,,,-0.00381619,0.00636724,0.00620925,-0.000401995,False,0.747745,0.665942,0.88674,0.146288,0.490458,0.183446,0.561935,0.189813,0.585423,0.607449,0,0.831449,0.864355,0.859762,0.81702,0.0941396,0.163157,0.166255,0.0716229,800,,,,,,,0.249723,0.398647,0.406532,0.139736,8,0.920874,,3.84301,1.92151,0.81702,1.35541,0.332261,0.0753302,0.139444,0.14013,0.0444785,0.943338,0.195801,1.13242,1280
n6_warm_s-1_uw,n6,warm,-1,uw,N,N/b10,near-lossless,near-lossless,,660137,5.15732,,0.0187772,0.139733,0.113983,0.107657,0.268482,0.0978806,0.118793,0.99998,0.999986,0.0939029,0.0965469,,,-0.00737492,-0.00665247,-0.00642887,-0.0044169,False,0.367043,0.304492,0.390501,0.0818706,0.230004,0.100531,0.313128,0.10071,0.324032,0.34184,0,0.835244,0.850163,0.843684,0.814364,0.0398002,0.0942443,0.095178,0.0187772,800,,,,,,,0.123365,0.205981,0.220727,0.070364,8,0.369822,,3.10239,1.55119,0.814364,0.448272,0.159672,0.037066,0.0698271,0.0697055,0.0220922,0.294816,0.0644022,0.482187,1280
n6_warm_s-1_uw,n6,warm,-1,uw,D,D,raw,T1,51200,50880,0.3975,True,1.11543,2.46685,1.93204,2.10161,4.83373,2.11207,1.48365,0.962827,0.97256,0.0763195,0.083433,53,,-0.0230917,0.0076843,-0.00662852,0.00530678,False,6.43691,5.7435,9.26664,1.61472,4.0758,2.23715,5.31821,2.29687,5.46017,5.45085,0.000342367,1.22679,2.18054,2.07044,0.912529,1.46038,2.15702,2.18714,1.11543,800,,,,,,,23.4157,75.6667,63.8588,10.251,8,5.97856,,40.2516,20.1258,0.912529,6.15653,1.31225,1.42471,2.59117,2.58592,0.733079,13.4687,1.74108,15.5224,1280
n6_warm_s-1_uw,n6,warm,-1,uw,D,D,raw,T2,102400,101913,0.796195,True,1.0041,1.37226,0.748397,0.838884,2.00062,0.814735,0.858234,0.979378,0.986286,0.0778808,0.089654,83,,-0.03134,-0.00778496,-0.00892636,0.00397274,False,2.76815,2.40592,3.77951,0.619709,1.80036,0.86995,2.32133,0.884944,2.41687,2.3621,0.000115604,1.04901,1.49609,1.54149,0.913063,1.14592,1.52022,1.46291,1.0041,800,,,,,,,13.102,29.8078,30.8078,5.76863,8,2.73376,,20.0956,10.0478,0.913063,4.19299,1.15844,0.965506,1.59913,1.60947,0.591068,10.904,0.829839,10.6813,1280
n6_warm_s-1_uw,n6,warm,-1,uw,D,D,raw,T3,204800,199504,1.55862,True,0.798846,1.12564,0.701086,0.633556,1.45716,0.571282,0.837553,0.990449,0.993902,0.0861559,0.0866363,94,,-0.0256098,-0.0166538,-0.0154375,0.0145682,False,1.96172,1.79346,2.54426,0.46265,1.23821,0.576398,1.63566,0.571956,1.69801,1.57001,0,0.968342,1.19609,1.17963,0.967517,0.902408,1.10932,1.04261,0.798846,800,,,,,,,7.63137,11.3294,11.3686,3.59216,8,2.46218,,10.2655,5.13273,0.967517,3.57843,1.15523,0.66397,0.985844,0.981987,0.469652,1.22472,0.473219,3.91473,1280
n6_warm_s-1_uw,n6,warm,-1,uw,D2,D2/modular,raw,T1,51200,50727,0.396305,True,1.02474,1.7399,0.478526,0.502416,1.99067,0.500983,0.860794,0.971678,0.977565,0.450154,0.143002,3.0701,,-0.00340747,-0.00253222,-0.00344716,-0.0149223,False,3.73874,2.7004,6.34555,0.380879,1.33755,0.523176,1.7903,0.529816,1.80725,1.58767,0.000377937,0.76727,1.12448,1.04606,0.725917,1.03911,1.29179,1.32392,1.02474,800,,,,,,,18.4868,30.8471,31.3633,7.28012,8,6.71839,,40.373,20.1865,0.725917,1.61644,0.527168,1.19231,2.15901,2.13584,0.678644,16.3859,1.37717,16.3141,1280
n6_warm_s-1_uw,n6,warm,-1,uw,D2,D2/modular,raw,T2,102400,102110,0.797734,True,0.900032,0.434844,0.195359,0.218638,0.714689,0.218624,0.259401,0.9875,0.99131,0.454476,0.146853,1.1557,,-0.000106177,-0.00136461,-0.00229144,-0.000438707,False,1.1935,0.934525,1.84625,0.158225,0.516544,0.22521,0.723001,0.234097,0.719185,0.651021,0,0.852997,0.96283,1.03231,0.870539,0.949286,1.02199,1.07749,0.900032,800,,,,,,,7.99422,15.7576,15.7301,3.99108,8,0.966566,,20.0568,10.0284,0.870539,1.02718,0.321674,0.743507,1.19393,1.19244,0.518887,3.05866,0.28399,2.82471,1280
n6_warm_s-1_uw,n6,warm,-1,uw,D2,D2/modular,raw,T3,204800,200371,1.5654,True,0.388444,0.4206,0.140433,0.142291,0.409939,0.139684,0.228087,0.995804,0.996277,0.577748,0.157464,0.4671,,0.00151652,0.000169019,0.000620423,0.00285696,False,0.774514,0.541159,1.18849,0.100201,0.292062,0.134348,0.396961,0.140667,0.406583,0.394232,0,0.931419,0.950374,0.912383,0.919158,0.682218,0.781493,0.838062,0.388444,800,,,,,,,4.23004,9.48592,8.73215,2.59571,8,1.40589,,10.221,5.11052,0.919158,0.78622,0.159201,0.481818,0.714015,0.717264,0.329892,4.921,0.306496,3.68089,1280
n6_warm_s-1_uw,n6,warm,-1,uw,D,D/red+1.5,raw,T1,51200,50830,0.397109,True,1.06329,2.188,1.22531,2.0454,4.85038,2.25169,1.41708,0.962274,0.97262,0.0819225,0.0972714,"{""R"": 71, ""GB"": 44}",R share 0.28 (eq 0.19),-0.00494229,0.0384613,0.0318048,0.012022,False,6.35438,6.38679,9.13978,1.94583,4.75016,2.74318,6.28422,2.87434,6.46217,3.69373,0.000235655,1.3633,2.38812,2.33095,0.865952,1.53409,2.52559,2.43961,1.06329,800,,,,,,,26.1373,75.6667,66.3373,8.25098,8,5.93514,,40.2912,20.1456,0.865952,2.89261,0.918162,1.52323,2.80849,2.80231,0.656135,13.4083,1.43904,10.5824,1280
n6_warm_s-1_uw,n6,warm,-1,uw,D,D/red+1.5,raw,T2,102400,102119,0.797805,True,0.910654,1.44969,0.65318,0.925883,2.21131,0.974946,1.06942,0.981048,0.986894,0.0941644,0.089075,"{""R"": 90, ""GB"": 78}",R share 0.34 (eq 0.22),-0.0210644,-0.00730935,-0.0238353,0.0107129,False,3.10135,2.86881,4.19033,0.809178,2.15057,1.08495,2.88538,1.14295,2.96439,1.73585,1.3339e-05,1.1052,1.61671,1.53005,0.918807,1.21985,1.58707,1.61002,0.910654,800,,,,,,,16.3961,38.7843,35.0824,4.60392,8,3.57655,,20.055,10.0275,0.918807,3.54081,1.00118,1.06942,1.81088,1.82061,0.533349,2.71986,0.585547,4.60711,1280
n6_warm_s-1_uw,n6,warm,-1,uw,D,D/red+1.5,raw,T3,204800,203321,1.58845,True,0.536583,1.03048,0.670788,0.657818,1.48678,0.62329,0.782001,0.992936,0.994687,0.0785372,0.101133,"{""R"": 97, ""GB"": 92}",R share 0.40 (eq 0.26),-0.0261113,-0.0159166,-0.0184312,0.0171855,False,2.06345,1.77538,2.57166,0.504928,1.38662,0.630539,1.81308,0.6496,1.82806,1.47071,0,0.999909,1.24776,1.24445,0.930329,0.963568,1.15898,1.18864,0.536583,800,,,,,,,8.19216,16.8588,16.0745,2.07451,8,2.74396,,10.0727,5.03637,0.930329,3.28885,1.00376,0.74162,1.12917,1.13178,0.358361,2.10173,0.463403,3.02576,1280
n6_warm_s-1_uw,n6,warm,-1,uw,D,D/red+2,raw,T1,51200,50355,0.393398,True,1.02547,2.32237,0.979792,2.36259,5.9926,2.68326,1.641,0.961126,0.969515,0.0773217,0.0791987,"{""R"": 79, ""GB"": 35}",R share 0.37 (eq 0.19),-0.00933452,-0.00195999,-0.0122247,0.00661593,False,7.63981,7.9135,10.4148,2.51151,5.83408,3.5406,7.65512,3.56393,7.97339,2.97792,0.000177853,1.43631,2.72689,2.64723,0.877582,1.58641,2.75676,2.80408,1.02547,800,,,,,,,28.6824,75.1412,62.0745,6.89804,8,5.2817,,40.6712,20.3356,0.877582,3.83668,1.02708,1.68869,3.13311,3.11609,0.618741,13.6834,1.39569,9.52222,1280
n6_warm_s-1_uw,n6,warm,-1,uw,D,D/red+2,raw,T2,102400,102319,0.799367,True,0.824255,1.36409,0.688412,1.09556,2.70141,1.22797,0.986722,0.981629,0.986716,0.0808144,0.0857288,"{""R"": 93, ""GB"": 72}",R share 0.45 (eq 0.22),-0.0182866,-0.00644642,-0.00132934,0.0138242,False,3.74559,3.41062,4.97902,1.05699,2.72597,1.40752,3.43471,1.41821,3.58738,1.60017,0,1.20989,1.69681,1.63717,0.950302,1.29397,1.81268,1.76979,0.824255,800,,,,,,,19.0353,50.1412,41.6314,4.60392,8,2.70288,,20.0158,10.0079,0.950302,3.09569,1.09701,1.17635,2.02002,2.04494,0.491979,2.39065,0.607518,6.24515,1280
n6_warm_s-1_uw,n6,warm,-1,uw,D,D/red+2,raw,T3,204800,213612,1.66884,True,0.255991,1.01672,0.659613,0.696261,1.58147,0.673906,0.805731,0.993804,0.995039,0.0815958,0.084902,"{""R"": 99, ""GB"": 88}",R share 0.54 (eq 0.26),-0.0280823,-0.0108449,-0.0139755,0.0160397,False,2.13534,1.91448,2.69721,0.54594,1.57082,0.724265,2.01907,0.764834,2.04995,1.43697,0,1.04284,1.30526,1.40021,0.866105,1.04971,1.30565,1.29419,0.255991,800,,,,,,,10.4706,21.9843,26.3294,1.21569,8,2.77856,,9.58748,4.79374,0.866105,3.12182,1.00048,0.851367,1.35241,1.36548,0.186406,1.21024,0.406388,3.81194,1280
n6_warm_s-1_uw,n6,warm,-1,uw,D,D/3pl,raw,T1,51200,51100,0.399219,True,1.06147,2.28247,1.21917,1.45515,3.53874,1.48026,1.52982,0.967295,0.973195,0.0668901,0.0751877,72,,-0.0182866,0.254125,0.191408,0.012329,False,5.0362,4.37677,6.57851,1.05699,2.72597,2.47459,13.9531,2.50971,13.9916,3.71462,0.000235655,1.20989,1.67047,1.73352,0.862359,1.29397,1.76398,1.81253,1.06147,800,,,,,,,19.0353,92.3373,71.2,7.93725,8,5.80834,,40.0783,20.0391,0.862359,3.42853,0.878849,1.17635,3.34729,3.32986,0.653078,12.8606,1.40722,11.2238,1280
n6_warm_s-1_uw,n6,warm,-1,uw,D,D/3pl,raw,T2,102400,98915,0.772773,True,0.930353,1.10659,0.687361,0.855679,2.02534,0.870117,0.876343,0.979193,0.982659,0.0609148,0.0723763,89,,-0.0277869,0.238209,0.175962,0.00971096,False,2.72804,2.32181,3.36313,0.540456,1.57094,1.96742,13.922,1.94704,13.8338,1.94951,2.22316e-05,1.05406,1.3961,1.44552,0.89642,1.04652,1.43475,1.41768,0.930353,800,,,,,,,13.6824,67.1922,70.8078,5.21569,8,2.58938,,20.7046,10.3523,0.89642,2.95425,0.871266,0.828166,3.0263,3.02572,0.545804,7.32891,0.602064,2.95906,1280
n6_warm_s-1_uw,n6,warm,-1,uw,D,D/3pl,raw,T3,204800,193660,1.51297,False,0.665335,0.989767,0.681049,0.692246,1.56048,0.716101,0.809295,0.987755,0.987759,0.0640795,0.105997,96,bracketed (integer knob): metrics interpolated,-0.0257253,0.237489,0.175376,0.0164666,False,2.04581,1.60353,2.32579,0.441871,1.12732,1.82198,13.8295,1.80788,14.0674,1.42913,0,1.00937,1.15186,1.13288,0.964827,0.828096,1.12133,1.13176,0.665335,800,,,,,,,4.45098,70.298,67.702,2.70196,8,2.06379,,10.5752,5.28762,0.964827,3.37963,1.02705,0.566183,2.88708,2.88194,0.405521,1.36,0.424058,2.80032,1280
n6_warm_s-1_uw,n6,warm,-1,uw,D,D/3pl,raw,T3,204800,223763,1.74815,False,0.536583,0.974702,0.670788,0.693001,1.55916,0.709382,0.780158,0.989285,0.988559,0.0687924,0.0878789,97,bracketed (integer knob): metrics interpolated,-0.0253131,0.236542,0.174358,0.0171855,False,1.98183,1.59624,2.22217,0.442879,1.13604,1.82343,13.8226,1.82527,14.0045,1.47071,0,0.985758,1.1804,1.15465,0.930329,0.733509,1.0729,1.1152,0.536583,800,,,,,,,4.08235,67.1922,70.8078,2.07451,8,1.91487,,9.15254,4.57627,0.930329,3.28885,1.00376,0.504246,2.8703,2.86266,0.358361,1.46918,0.420948,2.47896,1280
n6_warm_s-1_uw,n6,warm,-1,uw,D,D/tiled,raw,T1,51200,50907,0.397711,True,1.11543,2.50466,1.9311,2.10144,4.84445,2.12302,1.49457,0.96308,0.972465,0.0248585,0.0263927,54,,-0.0225829,0.00869407,-0.00590949,0.00550616,False,6.37617,5.73597,9.10358,1.62827,4.07164,2.25633,5.3108,2.29366,5.42607,5.44101,0.000320135,1.22679,2.15249,2.05384,0.92569,1.46038,2.16098,2.18555,1.11543,800,,,,,,,21.0627,74.3294,65.102,9.65098,8,5.86539,,40.2302,20.1151,0.92569,6.15653,1.31225,1.41494,2.57145,2.56909,0.731997,13.611,1.76138,15.536,1280
n6_warm_s-1_uw,n6,warm,-1,uw,D,D/tiled,raw,T2,102400,101848,0.795687,True,1.0041,1.37226,0.748397,0.838884,2.00062,0.814735,0.858234,0.979378,0.986286,0.0239247,0.0277195,83,,-0.03134,-0.00778496,-0.00892636,0.00397274,False,2.76815,2.40592,3.77951,0.619709,1.80036,0.86995,2.32133,0.884944,2.41687,2.3621,0.000115604,1.04901,1.49609,1.54149,0.913063,1.14592,1.52022,1.46291,1.0041,800,,,,,,,13.102,29.8078,30.8078,5.76863,8,2.73376,,20.1084,10.0542,0.913063,4.19299,1.15844,0.965506,1.59913,1.60947,0.591068,10.904,0.829839,10.6813,1280
n6_warm_s-1_uw,n6,warm,-1,uw,D,D/tiled,raw,T3,204800,199446,1.55817,True,0.798846,1.12564,0.701086,0.633556,1.45716,0.571282,0.837553,0.990449,0.993902,0.0256682,0.0564292,94,,-0.0256098,-0.0166538,-0.0154375,0.0145682,False,1.96172,1.79346,2.54426,0.46265,1.23821,0.576398,1.63566,0.571956,1.69801,1.57001,0,0.968342,1.19609,1.17963,0.967517,0.902408,1.10932,1.04261,0.798846,800,,,,,,,7.63137,11.3294,11.3686,3.59216,8,2.46218,,10.2684,5.13422,0.967517,3.57843,1.15523,0.66397,0.985844,0.981987,0.469652,1.22472,0.473219,3.91473,1280
n6_warm_s-1_uw,n6,warm,-1,uw,D2,D2/modular/red+1.5,raw,T1,51200,51820,0.404844,True,1.03139,2.86279,0.378303,0.510249,2.92715,0.558201,1.55639,0.974164,0.977593,0.449909,0.142307,"{""R"": 2.1349, ""GB"": 3.8004}",R share 0.33 (eq 0.22),-0.00596852,-0.0051299,-0.00823513,0.00660329,False,5.94397,3.94811,12.1502,0.462031,1.58399,0.575613,1.93512,0.618955,2.07678,2.13117,7.55875e-05,0.809343,1.26922,1.11858,0.77903,1.07332,1.4555,1.34152,1.03139,800,,,,,,,18.3432,37.5044,34.3133,5.54488,8,11.3194,,39.5214,19.7607,0.77903,1.95792,0.470869,1.35138,2.47985,2.45408,0.626865,28.9278,1.98439,22.2422,1280
n6_warm_s-1_uw,n6,warm,-1,uw,D2,D2/modular/red+1.5,raw,T2,102400,102170,0.798203,True,0.776031,0.949343,0.173122,0.252945,0.918517,0.263155,0.476935,0.988472,0.990659,0.480414,0.14379,"{""R"": 0.7386, ""GB"": 1.5528}",R share 0.40 (eq 0.27),0.000411232,-0.00168311,0.000393491,-0.00156606,False,2.09277,1.38882,2.92671,0.219414,0.755246,0.289297,0.931979,0.305063,0.956508,0.622108,0,0.819279,0.948072,1.02881,0.920631,1.00594,1.07542,1.13118,0.776031,800,,,,,,,9.00436,17.1205,15.9762,3.46516,8,3.16412,,20.045,10.0225,0.920631,0.81564,0.223277,0.851148,1.41613,1.4192,0.446533,9.19163,0.657306,7.23377,1280
n6_warm_s-1_uw,n6,warm,-1,uw,D2,D2/modular/red+1.5,raw,T3,204800,206597,1.61404,True,0.162908,0.296462,0.0854629,0.126824,0.414982,0.135336,0.178567,0.9971,0.997344,0.505241,0.149211,"{""R"": 0.1967, ""GB"": 0.65}",R share 0.46 (eq 0.31),0.00173339,-0.00114341,-0.000745885,0.00274693,False,0.91165,0.588665,0.98464,0.115886,0.344173,0.154303,0.442914,0.156777,0.455153,0.281152,0,0.90388,0.965688,0.895046,0.83353,0.82486,0.853261,0.896892,0.162908,800,,,,,,,6.51086,10.4754,10.4153,0.887514,8,0.883761,,9.91302,4.95651,0.83353,0.289792,0.0769126,0.573082,0.858216,0.867119,0.109772,3.54485,0.215668,2.2827,1280
n6_warm_s-1_uw,n6,warm,-1,uw,D2,D2/modular/red+2,raw,T1,51200,50859,0.397336,True,0.94762,1.458,0.273746,0.572826,2.49087,0.652159,0.839426,0.973943,0.976637,0.465406,0.143265,"{""R"": 1.4896, ""GB"": 4.9077}",R share 0.43 (eq 0.22),-0.0166598,-0.0151495,-0.0124565,0.000673545,False,5.2154,3.50022,5.9916,0.570576,2.12594,0.771121,2.48761,0.846247,2.68557,0.996394,4.44632e-06,0.788666,1.36246,1.29984,0.824176,1.11322,1.49517,1.52086,0.94762,800,,,,,,,27.336,38.9425,53.9264,4.27747,8,4.34224,,40.2682,20.1341,0.824176,1.28639,0.321472,1.52952,2.90529,2.91264,0.560764,17.2885,1.03204,12.0928,1280
n6_warm_s-1_uw,n6,warm,-1,uw,D2,D2/modular/red+2,raw,T2,102400,102467,0.800523,True,0.563282,0.438623,0.156542,0.284774,0.966954,0.310979,0.349333,0.988924,0.989459,0.460007,0.141788,"{""R"": 0.5645, ""GB"": 2.2545}",R share 0.53 (eq 0.27),-0.00485786,-0.0044862,-0.00440086,0.00501315,False,2.46839,1.26149,2.33411,0.268083,0.949771,0.383161,1.2365,0.371278,1.23557,0.421597,0,0.791259,1.06049,1.07963,0.934852,1.02344,1.26526,1.28134,0.563282,800,,,,,,,11.5435,19.8067,22.446,2.1805,8,1.11609,,19.9869,9.99346,0.934852,1.27295,0.19403,1.00973,1.76918,1.74435,0.37786,0.831687,0.221951,0.971294,1280
n6_warm_s-1_uw,n6,warm,-1,uw,D2,D2/modular/red+2,raw,T3,204800,205807,1.60787,True,0.0571129,0.192704,0.0499415,0.154732,0.475236,0.176526,0.147511,0.995776,0.995915,0.494707,0.159165,"{""R"": 0.0686, ""GB"": 1.118}",R share 0.63 (eq 0.31),-0.00130345,-0.000238128,-0.00246915,0.00161173,False,0.813405,0.617023,1.06377,0.15831,0.510268,0.214043,0.70606,0.230656,0.719348,0.184687,0,0.84877,0.964366,1.00406,0.823419,0.952542,1.02407,1.06528,0.0571129,800,,,,,,,6.70043,14.3321,13.5543,0.352715,8,0.555462,,9.95107,4.97554,0.823419,0.189871,0.0590899,0.732087,1.16592,1.16577,0.0487423,0.442639,0.0859359,0.720745,1280
n6_warm_s-1_uw,n6,warm,-1,uw,D2,D2/modular/3pl,raw,T1,51200,52577,0.410758,True,1.01807,2.45594,0.371939,0.670399,2.18857,0.725073,1.33696,0.974986,0.977009,0.345312,0.108948,2.0,,0.00567385,0.247822,0.185545,0.00533589,False,5.92612,2.98167,10.2534,0.272496,1.08207,1.66145,13.9565,1.69282,14.2187,1.86264,2.66779e-05,0.788514,1.05,1.14756,0.780431,1.00871,1.24034,1.28875,1.01807,800,,,,,,,11.4794,66.8471,71.1529,4.81078,8,9.67975,,38.9524,19.4762,0.780431,1.95531,0.49356,0.949136,3.23658,3.20018,0.613363,27.6651,1.78844,20.4178,1280
n6_warm_s-1_uw,n6,warm,-1,uw,D2,D2/modular/3pl,raw,T2,102400,99906,0.780516,True,0.815669,0.9247,0.177133,0.551282,1.18091,0.629661,0.587468,0.984571,0.985261,0.361035,0.112668,0.8285,,-0.000172513,0.25013,0.187884,-0.000406916,False,1.9418,1.56887,2.39592,0.129487,0.453645,1.60499,13.7801,1.58126,13.8026,0.584311,0,0.837604,1.04442,1.05621,0.883498,0.889079,1.10292,1.09574,0.815669,800,,,,,,,6.14927,67.5206,70.4794,3.05412,8,2.08233,,20.4993,10.2496,0.883498,1.20593,0.182985,0.645918,2.9419,2.94138,0.4659,6.89113,0.528165,5.33099,1280
n6_warm_s-1_uw,n6,warm,-1,uw,D2,D2/modular/3pl,raw,T3,204800,200439,1.56593,True,0.213893,0.866542,0.102128,0.50363,1.12479,0.596438,0.554944,0.991688,0.989832,0.371224,0.108098,0.3177,,0.00187787,0.252427,0.190271,0.00159767,False,1.94631,1.58956,2.34492,0.0755397,0.234247,1.59579,13.7178,1.56063,14.0432,0.345478,0,0.98439,1.0059,1.01478,0.845015,0.472292,0.956087,0.933919,0.213893,800,,,,,,,3.05493,68.6786,69.3214,1.46272,8,1.64297,,10.2176,5.10879,0.845015,0.351966,0.103086,0.372964,2.84284,2.83584,0.232084,4.45881,0.451714,5.29111,1280
n6_warm_s-1_uw,n6,warm,-1,uw,D2,D2/modular/tiled,raw,T1,51200,50315,0.393086,True,1.02564,1.64888,0.47286,0.497519,2.02069,0.494624,0.828027,0.971886,0.978709,0.376049,0.0731215,2.9836,,-0.00248389,-0.0036702,-0.00415511,-0.0139952,False,3.76544,2.755,6.25158,0.384268,1.34248,0.530454,1.71455,0.521799,1.77054,1.58583,0.000355706,0.783201,1.09611,1.08316,0.718551,1.05373,1.2755,1.30412,1.02564,800,,,,,,,17.5506,27.1221,28.9489,7.07304,8,6.68805,,40.7036,20.3518,0.718551,1.46941,0.57054,1.1762,2.12547,2.10235,0.676415,16.3895,1.33238,15.4361,1280
n6_warm_s-1_uw,n6,warm,-1,uw,D2,D2/modular/tiled,raw,T2,102400,101461,0.792664,True,0.899274,0.389441,0.194032,0.21733,0.684734,0.218311,0.241528,0.987529,0.99136,0.382083,0.0713174,1.1426,,0.000113276,-0.000741614,-0.00202066,-0.000561046,False,1.11727,0.879838,1.69477,0.158366,0.519457,0.228175,0.720125,0.235785,0.72167,0.646247,0,0.852576,0.963044,1.03231,0.867971,0.948894,1.02199,1.07749,0.899274,800,,,,,,,7.99422,15.6719,15.8021,3.9102,8,0.871595,,20.1851,10.0925,0.867971,1.0539,0.321222,0.742875,1.19026,1.18962,0.518321,2.3129,0.245567,2.55762,1280
n6_warm_s-1_uw,n6,warm,-1,uw,D2,D2/modular/tiled,raw,T3,204800,199916,1.56184,True,0.39825,0.365863,0.138869,0.14476,0.408024,0.139627,0.209456,0.995679,0.996247,0.424248,0.0784208,0.47,,0.00191524,-6.05748e-05,0.000417379,0.00343375,False,0.703059,0.530662,1.01683,0.102744,0.287262,0.135366,0.394019,0.141819,0.405118,0.384366,0,0.936125,0.956259,0.897547,0.933506,0.697307,0.786901,0.839971,0.39825,800,,,,,,,4.4901,9.56827,9.16804,1.97361,8,1.04712,,10.2443,5.12215,0.933506,0.819545,0.141797,0.487166,0.722188,0.725456,0.333768,4.3436,0.263443,2.99116,1280
n6_warm_s-1_uw,n6,warm,-1,uw,D-j,D-j,raw,T1,51200,50277,0.392789,True,1.08089,3.11535,1.95211,2.05685,5.15806,2.08256,1.59624,0.962678,0.971141,0.0784785,0.0944209,56,,-0.0712521,-0.0197539,-0.00650536,-0.024165,False,7.41883,6.59122,10.8078,1.67476,4.12686,2.13142,5.18861,2.20011,5.48464,5.42752,0.000293457,1.04033,2.00481,1.83706,0.802327,1.22535,2.0135,1.98102,1.08089,800,,,,,,,28.6824,92.3373,71.2,8.58431,8,7.46107,,40.7343,20.3672,0.802327,4.39072,1.02122,1.38545,2.55289,2.52012,0.718147,14.36,2.06541,21.6521,1280
n6_warm_s-1_uw,n6,warm,-1,uw,D-j,D-j,raw,T2,102400,100715,0.786836,True,0.946422,2.30882,0.840354,0.898904,2.63071,0.847095,1.19545,0.979205,0.98563,0.087726,0.0820689,85,,-0.0520018,-0.0267693,-0.0291385,-0.0108316,False,4.11486,3.47834,6.69875,0.677911,1.92145,0.881596,2.38838,0.897113,2.44433,2.58564,0.000102265,0.900899,1.25438,1.32813,0.748825,1.00426,1.33119,1.38329,0.946422,800,,,,,,,17.9961,45.9373,40.1412,7.39608,8,5.58661,,20.3346,10.1673,0.748825,3.14724,0.779678,0.924834,1.5459,1.55544,0.569237,14.123,1.53756,17.019,1280
n6_warm_s-1_uw,n6,warm,-1,uw,D-j,D-j,raw,T3,204800,204518,1.5978,True,0.740239,1.28912,0.648584,0.609291,1.50647,0.543942,0.798709,0.991023,0.994107,0.0825299,0.0832147,95,,-0.0368426,-0.0232705,-0.0207303,0.00216197,False,2.23115,1.85078,3.35976,0.481249,1.24321,0.580886,1.60973,0.5914,1.69052,1.57879,0,0.871474,1.04498,1.01332,0.762333,0.801541,0.955866,0.907962,0.740239,800,,,,,,,8.63137,16.3294,16.9255,3.67059,8,2.44971,,10.0138,5.00689,0.762333,2.49869,1.13126,0.611625,0.914548,0.915457,0.436841,8.32507,0.796742,8.91739,1280
n6_warm_s-1_uw,n6,warm,-1,uw,L,L,raw,T1,51200,51306,0.400828,True,0.801321,0.686976,0.33881,0.733955,1.98697,0.807722,0.539342,0.979402,0.982967,0.148978,0.0395905,0.707,,-0.00580161,0.060107,-0.00189295,-0.00845179,False,3.06563,2.63462,4.23574,0.658226,1.99868,1.39454,13.7423,1.49025,14.0061,1.08074,4.44632e-06,1.0254,2.11168,2.14378,0.650349,1.25788,2.14404,2.14475,0.801321,800,,,,,,,22.1557,60.2383,80.3769,2.94145,8,1.48456,,39.9174,19.9587,0.650349,0.995831,0.153053,1.17093,3.0522,3.04837,0.478807,1.31594,0.27769,2.75586,1280
n6_warm_s-1_uw,n6,warm,-1,uw,L,L,raw,T2,102400,99914,0.780578,True,0.550552,0.425868,0.196461,0.457907,1.2814,0.518464,0.33974,0.986061,0.986608,0.148122,0.0373935,0.381,,-0.00582063,0.0571035,-0.0050475,-0.00499423,False,1.84991,1.66905,2.54082,0.41827,1.21086,1.15683,13.6544,1.22218,13.861,0.605391,0,0.96292,1.81671,1.78526,0.711387,1.13819,1.81055,1.76091,0.550552,800,,,,,,,16.554,69.5343,68.4657,2.43069,8,1.12319,,20.4976,10.2488,0.711387,0.846601,0.121891,0.95219,2.97504,2.96719,0.361768,0.663614,0.207297,1.44634,1280
n6_warm_s-1_uw,n6,warm,-1,uw,L,L,raw,T3,204800,205362,1.60439,True,0.216735,0.246012,0.0988066,0.239392,0.658332,0.276368,0.173145,0.992214,0.990415,0.168883,0.0407627,0.1628,,-0.00417734,0.0482947,-0.013879,-0.00286514,False,0.934912,0.830539,1.29296,0.213891,0.63063,1.00336,13.6492,1.03786,13.85,0.314724,0,0.832026,1.15441,1.1915,0.791312,0.85685,1.02494,1.06485,0.216735,800,,,,,,,9.68622,67.9538,70.0462,1.59215,8,0.541572,,9.97263,4.98632,0.791312,0.492248,0.113992,0.655242,2.84137,2.84508,0.166239,1.1385,0.125281,0.735775,1280
n6_warm_s-1_uw,n6,warm,-1,uw,D-lin,D-lin,raw,T1,51200,50382,0.393609,True,1.39244,3.87082,4.10402,3.42046,9.57505,3.02805,3.15114,0.954478,0.968651,0.0678865,0.073632,72,,0.0242998,0.00541441,0.00841592,0.0149861,False,16.2708,11.3591,20.4129,2.18359,6.16991,1.52043,4.03042,1.53595,4.14758,10.8556,0.00110713,1.64634,1.86928,1.84227,1.11299,1.79451,2.04328,1.98684,1.39244,800,,,,,,,19,34,35,10,8,12.3641,,40.6494,20.3247,1.11299,9.2883,3.88383,1.42319,1.99345,2.00531,0.896287,31.7114,3.11956,23.9709,1280
n6_warm_s-1_uw,n6,warm,-1,uw,D-lin,D-lin,raw,T2,102400,98865,0.772383,True,1.21084,2.66758,1.56344,1.22662,4.88263,1.07182,1.73909,0.967911,0.980206,0.066698,0.0754156,90,,-0.00279735,-0.00688929,-0.00831028,0.00976245,False,7.94985,5.61857,13.1059,0.718067,2.10466,0.493925,1.30909,0.517278,1.36149,5.80788,0.000409062,1.09748,1.36877,1.36099,0.965563,1.223,1.34318,1.31608,1.21084,800,,,,,,,12,14,15,7,8,9.23032,,20.7151,10.3576,0.965563,7.17593,2.10162,0.975554,1.20752,1.21277,0.694059,27.3814,2.0272,20.4992,1280
n6_warm_s-1_uw,n6,warm,-1,uw,D-lin,D-lin,raw,T3,204800,201794,1.57652,True,1.01409,0.665513,0.491391,0.435224,1.46343,0.386484,0.416503,0.979354,0.989399,0.0708903,0.0743018,97,,-0.00521911,-0.0057978,-0.00514893,-0.00509447,False,2.31369,1.774,3.95747,0.276811,0.838149,0.195878,0.592674,0.203525,0.59767,1.45706,7.11411e-05,1.01656,1.07386,1.08775,0.952749,0.961377,0.876676,0.892296,1.01409,800,,,,,,,5,5,5,4,8,1.14408,,10.149,5.07448,0.952749,2.66904,0.286535,0.642461,0.671641,0.670948,0.555499,13.2278,0.603028,3.96624,1280
n6_warm_s-1_uw,n6,warm,-1,uw,D2-lin,D2-lin/modular,raw,T1,51200,51292,0.400719,True,1.33918,1.47272,0.868784,0.761086,2.50358,0.693862,0.951228,0.956787,0.974507,0.415807,0.131964,1.6483,,-0.00225744,-0.00255072,-0.00018389,-0.00748911,False,4.42406,3.10029,6.64713,0.466858,1.52837,0.32961,1.07494,0.337148,1.10646,2.60225,0.00125831,1.11777,1.31291,1.31791,1.05797,1.32899,1.42589,1.47743,1.33918,800,,,,,,,11,15,24,8,8,3.04559,,39.9283,19.9641,1.05797,4.6875,0.975228,1.27563,1.5032,1.51306,0.875479,5.32479,0.7968,6.57613,1280
n6_warm_s-1_uw,n6,warm,-1,uw,D2-lin,D2-lin/modular,raw,T2,102400,101920,0.79625,True,1.31112,0.711457,0.491569,0.445105,1.58015,0.406084,0.499948,0.966634,0.982767,0.476144,0.135926,0.5714,,0.00104852,-0.0004186,0.00047342,-0.00405367,False,2.65861,1.8673,4.59441,0.267798,0.867706,0.19528,0.615976,0.19873,0.658422,1.52115,0.000546898,1.08865,1.2237,1.21691,1.07372,1.22454,1.21094,1.26141,1.31112,800,,,,,,,7,8,8,5,8,2.06798,,20.0942,10.0471,1.07372,2.05128,0.4948,0.84959,0.897156,0.893551,0.734148,1.95192,0.387917,3.55105,1280
n6_warm_s-1_uw,n6,warm,-1,uw,D2-lin,D2-lin/modular,raw,T3,204800,208749,1.63085,True,1.15128,0.648757,0.411095,0.343829,1.29341,0.313194,0.434404,0.977287,0.989206,0.48564,0.137188,0.2069,,0.00140063,-7.8243e-06,-5.47759e-05,-0.000500839,False,2.27528,1.60085,3.85938,0.186736,0.674061,0.146984,0.474076,0.143132,0.497422,1.22836,1.77853e-05,1.22976,1.18561,1.1735,1.18418,1.07071,0.972528,1.00685,1.15128,800,,,,,,,3,3,4,3,8,2.28552,,9.81083,4.90541,1.18418,1.8622,0.331647,0.604975,0.585323,0.588008,0.596542,15.01,0.672488,3.78859,1280
