label,t,cma_free_kb,mem_available_kb
cap_plain_1,1791061551.22,115028,222032
cap_plain_1,1791061551.32,115048,222016
cap_plain_1,1791061551.42,115048,222548
cap_plain_1,1791061551.53,115048,224068
cap_plain_1,1791061551.63,115048,226024
cap_plain_1,1791061551.73,100784,217544
cap_plain_1,1791061551.83,100784,217048
cap_plain_1,1791061551.93,100784,215064
cap_plain_1,1791061552.03,100784,215064
cap_plain_1,1791061552.13,100784,215064
cap_plain_1,1791061552.23,100784,215064
cap_plain_1,1791061552.33,100784,215064
cap_plain_1,1791061552.44,100784,215064
cap_plain_1,1791061552.54,100784,215064
cap_plain_1,1791061552.64,100784,215064
cap_plain_1,1791061552.74,100784,214900
cap_plain_1,1791061552.84,100784,214852
cap_plain_1,1791061552.94,100784,214852
cap_plain_1,1791061553.04,100784,214852
cap_plain_1,1791061553.14,100784,214852
cap_plain_1,1791061553.24,100784,214852
cap_plain_1,1791061553.35,100784,214852
cap_plain_1,1791061553.45,100784,214852
cap_plain_1,1791061553.55,100784,214852
cap_plain_1,1791061553.65,100784,214852
cap_plain_1,1791061553.75,128372,242592
cap_plain_1,1791061553.85,100696,218604
cap_plain_1,1791061553.95,100696,218604
cap_plain_1,1791061554.05,100696,218480
cap_plain_1,1791061554.15,100696,218480
cap_plain_1,1791061554.25,100696,218356
cap_plain_1,1791061554.36,100696,217672
cap_plain_1,1791061554.46,100696,216760
cap_plain_1,1791061554.56,100696,215876
idle,1791061554.66,122812,238448
idle,1791061554.76,122884,238168
idle,1791061554.86,122884,238168
idle,1791061554.96,122884,238168
idle,1791061555.06,122884,238168
idle,1791061555.16,122884,238168
idle,1791061555.26,122884,238168
idle,1791061555.36,122884,238168
idle,1791061555.46,122884,238168
idle,1791061555.57,122884,238168
idle,1791061555.67,122884,238168
idle,1791061555.77,122884,238168
idle,1791061555.87,122884,238168
idle,1791061555.97,122884,238168
idle,1791061556.07,122884,238168
idle,1791061556.17,122884,238168
idle,1791061556.27,122884,238168
idle,1791061556.37,122884,238168
idle,1791061556.47,122884,238168
idle,1791061556.57,122884,238168
idle,1791061556.67,123436,238852
idle,1791061556.78,123436,238852
idle,1791061556.88,123436,238852
idle,1791061556.98,123436,238852
idle,1791061557.08,123436,238852
idle,1791061557.18,123436,238852
idle,1791061557.28,123436,238852
idle,1791061557.38,123436,238852
idle,1791061557.48,123436,238852
idle,1791061557.58,123436,238852
cap_plain_2,1791061557.69,126952,242292
cap_plain_2,1791061557.79,126652,240680
cap_plain_2,1791061557.89,126652,240684
cap_plain_2,1791061557.99,103056,215064
cap_plain_2,1791061558.09,103056,213576
cap_plain_2,1791061558.19,103056,213576
cap_plain_2,1791061558.29,103056,213452
cap_plain_2,1791061558.39,103056,213452
cap_plain_2,1791061558.50,103056,213452
cap_plain_2,1791061558.60,103056,213396
cap_plain_2,1791061558.70,103056,213396
cap_plain_2,1791061558.80,103056,213300
cap_plain_2,1791061558.90,103056,213300
cap_plain_2,1791061559.00,103056,213300
cap_plain_2,1791061559.10,103056,213300
cap_plain_2,1791061559.20,103056,213300
cap_plain_2,1791061559.30,103056,213300
cap_plain_2,1791061559.41,103056,213300
cap_plain_2,1791061559.51,103056,213300
cap_plain_2,1791061559.61,103056,213300
cap_plain_2,1791061559.71,103056,213300
cap_plain_2,1791061559.81,103056,213300
cap_plain_2,1791061559.91,103056,213300
cap_plain_2,1791061560.01,103056,213300
cap_plain_2,1791061560.11,103296,217724
cap_plain_2,1791061560.21,103296,217724
cap_plain_2,1791061560.31,103296,217600
cap_plain_2,1791061560.42,103296,217600
cap_plain_2,1791061560.52,103296,217600
cap_plain_2,1791061560.62,103296,215624
cap_plain_2,1791061560.72,103296,215624
cap_plain_2,1791061560.82,103296,215244
cap_plain_2,1791061560.92,131948,244276
idle,1791061561.02,131796,243848
idle,1791061561.12,131836,243856
idle,1791061561.22,131836,243856
idle,1791061561.32,131836,243856
idle,1791061561.42,131836,243856
idle,1791061561.52,131836,243856
idle,1791061561.63,131836,243856
idle,1791061561.73,131836,243856
idle,1791061561.83,131836,243856
idle,1791061561.93,131836,243856
idle,1791061562.03,131836,243856
idle,1791061562.13,131836,243856
idle,1791061562.23,131836,243856
idle,1791061562.33,131836,243856
idle,1791061562.43,131836,243856
idle,1791061562.53,131836,243856
idle,1791061562.63,131836,243856
idle,1791061562.73,131760,243780
idle,1791061562.84,131712,243732
idle,1791061562.94,131712,243732
idle,1791061563.04,131712,243732
idle,1791061563.14,131712,243732
idle,1791061563.24,131712,243732
idle,1791061563.34,131712,243732
idle,1791061563.44,131712,243732
idle,1791061563.54,131712,243732
idle,1791061563.64,131712,243732
idle,1791061563.75,131712,243732
idle,1791061563.85,131712,243732
idle,1791061563.95,131712,243732
cap_plain_3,1791061564.05,133080,245100
cap_plain_3,1791061564.15,132640,244664
cap_plain_3,1791061564.25,101660,219284
cap_plain_3,1791061564.35,101660,210980
cap_plain_3,1791061564.45,101660,210980
cap_plain_3,1791061564.55,101612,210828
cap_plain_3,1791061564.66,101612,210828
cap_plain_3,1791061564.76,101612,210732
cap_plain_3,1791061564.86,101612,210732
cap_plain_3,1791061564.96,101612,210732
cap_plain_3,1791061565.06,101612,210732
cap_plain_3,1791061565.16,101612,210732
cap_plain_3,1791061565.26,101612,210732
cap_plain_3,1791061565.36,101612,210732
cap_plain_3,1791061565.46,101612,210732
cap_plain_3,1791061565.56,101612,210732
cap_plain_3,1791061565.67,101612,210732
cap_plain_3,1791061565.77,101612,210732
cap_plain_3,1791061565.87,101612,210732
cap_plain_3,1791061565.97,101612,210732
cap_plain_3,1791061566.07,101612,210732
cap_plain_3,1791061566.17,101612,210732
cap_plain_3,1791061566.27,101612,210732
cap_plain_3,1791061566.37,101524,218352
cap_plain_3,1791061566.47,101524,218352
cap_plain_3,1791061566.57,101524,214384
cap_plain_3,1791061566.68,101524,214384
cap_plain_3,1791061566.78,101524,214384
cap_plain_3,1791061566.88,101524,213928
cap_plain_3,1791061566.98,101524,213168
cap_plain_3,1791061567.08,101524,211344
cap_plain_3,1791061567.18,123564,234676
idle,1791061567.28,130404,240984
idle,1791061567.38,130408,240980
idle,1791061567.48,130408,240980
idle,1791061567.58,130408,240980
idle,1791061567.69,130408,240980
idle,1791061567.79,130408,240980
idle,1791061567.89,130408,240980
idle,1791061567.99,130408,240980
idle,1791061568.09,130408,240980
idle,1791061568.19,130408,240980
idle,1791061568.29,130408,240980
idle,1791061568.39,130408,240980
idle,1791061568.49,130408,240980
idle,1791061568.59,130408,240980
idle,1791061568.69,130408,240980
idle,1791061568.79,130408,240980
idle,1791061568.89,130408,240980
idle,1791061568.99,130408,240980
idle,1791061569.10,130408,240980
idle,1791061569.20,130408,240980
idle,1791061569.30,130408,240980
idle,1791061569.40,130408,240980
idle,1791061569.50,130408,240980
idle,1791061569.60,130408,240980
idle,1791061569.70,130408,240980
idle,1791061569.80,130408,240980
idle,1791061569.91,130936,241912
idle,1791061570.01,130936,241912
idle,1791061570.11,130936,241912
idle,1791061570.21,130936,241912
cap_plain_4,1791061570.31,131012,241760
cap_plain_4,1791061570.41,131060,241668
cap_plain_4,1791061570.51,103156,218496
cap_plain_4,1791061570.61,103156,212284
cap_plain_4,1791061570.72,103156,212284
cap_plain_4,1791061570.82,103156,212064
cap_plain_4,1791061570.92,103156,212064
cap_plain_4,1791061571.02,103156,212064
cap_plain_4,1791061571.12,103156,212064
cap_plain_4,1791061571.22,103156,212064
cap_plain_4,1791061571.32,103156,212064
cap_plain_4,1791061571.42,103156,212064
cap_plain_4,1791061571.52,103156,212064
cap_plain_4,1791061571.62,103156,212064
cap_plain_4,1791061571.73,103156,212064
cap_plain_4,1791061571.83,103156,212064
cap_plain_4,1791061571.93,103156,212064
cap_plain_4,1791061572.03,103156,212064
cap_plain_4,1791061572.13,103156,212064
cap_plain_4,1791061572.23,103156,211988
cap_plain_4,1791061572.33,103156,211988
cap_plain_4,1791061572.43,103156,211988
cap_plain_4,1791061572.53,103156,211988
cap_plain_4,1791061572.63,103068,218344
cap_plain_4,1791061572.74,103068,217888
cap_plain_4,1791061572.84,103068,217352
cap_plain_4,1791061572.94,103068,217228
cap_plain_4,1791061573.04,103068,217228
cap_plain_4,1791061573.14,103068,217228
cap_plain_4,1791061573.24,103068,216544
cap_plain_4,1791061573.34,103068,214644
cap_plain_4,1791061573.44,103980,216620
idle,1791061573.54,125008,237880
idle,1791061573.64,125008,237880
idle,1791061573.75,125008,237880
idle,1791061573.85,125008,237880
idle,1791061573.95,125008,237880
idle,1791061574.05,125008,237880
idle,1791061574.15,125008,237880
idle,1791061574.25,125008,237880
idle,1791061574.35,125008,237880
idle,1791061574.45,125008,237880
idle,1791061574.55,125008,237880
idle,1791061574.65,125008,237880
idle,1791061574.75,125008,237880
idle,1791061574.85,125268,238452
idle,1791061574.95,125268,238452
idle,1791061575.06,125268,238452
idle,1791061575.16,125268,238452
idle,1791061575.26,125268,238452
idle,1791061575.36,125268,238452
idle,1791061575.46,125268,238452
idle,1791061575.56,125268,238452
idle,1791061575.66,125268,238452
idle,1791061575.76,125268,238452
idle,1791061575.86,125268,238452
idle,1791061575.96,125268,238452
idle,1791061576.07,125268,238452
idle,1791061576.17,125268,238452
idle,1791061576.27,125268,238452
idle,1791061576.37,125268,238452
idle,1791061576.47,125268,238452
cap_plain_5,1791061576.57,127360,240496
cap_plain_5,1791061576.67,126588,239648
cap_plain_5,1791061576.77,110628,228116
cap_plain_5,1791061576.88,102052,214520
cap_plain_5,1791061576.98,102052,214024
cap_plain_5,1791061577.08,102052,214024
cap_plain_5,1791061577.18,102052,214024
cap_plain_5,1791061577.28,102052,214024
cap_plain_5,1791061577.38,102052,214024
cap_plain_5,1791061577.48,102052,214024
cap_plain_5,1791061577.58,102052,213984
cap_plain_5,1791061577.68,102052,213984
cap_plain_5,1791061577.79,102052,213860
cap_plain_5,1791061577.89,102052,213860
cap_plain_5,1791061577.99,102052,213860
cap_plain_5,1791061578.09,102052,213860
cap_plain_5,1791061578.19,102052,213860
cap_plain_5,1791061578.29,102052,213860
cap_plain_5,1791061578.39,102052,213860
cap_plain_5,1791061578.49,102052,213860
cap_plain_5,1791061578.59,102052,213860
cap_plain_5,1791061578.69,102052,213860
cap_plain_5,1791061578.80,102052,213860
cap_plain_5,1791061578.90,102180,217468
cap_plain_5,1791061579.00,102180,217468
cap_plain_5,1791061579.10,102180,216972
cap_plain_5,1791061579.20,102180,216972
cap_plain_5,1791061579.30,102180,216972
cap_plain_5,1791061579.40,102180,214996
cap_plain_5,1791061579.50,102180,214996
cap_plain_5,1791061579.60,102180,214988
cap_plain_5,1791061579.70,102180,214684
idle,1791061579.81,125568,239468
idle,1791061579.91,125636,239524
idle,1791061580.01,125636,239524
idle,1791061580.11,125636,239524
idle,1791061580.21,125636,239524
idle,1791061580.31,125636,239524
idle,1791061580.41,125636,239524
idle,1791061580.51,125636,240208
idle,1791061580.61,125636,240264
idle,1791061580.71,125636,240264
idle,1791061580.81,125636,240264
idle,1791061580.91,125636,240264
idle,1791061581.01,125636,240264
idle,1791061581.12,125636,240264
idle,1791061581.22,125636,240264
idle,1791061581.32,125636,240264
idle,1791061581.42,125636,240264
idle,1791061581.52,126688,241652
idle,1791061581.62,126688,241652
idle,1791061581.72,126688,241652
idle,1791061581.82,126688,241652
idle,1791061581.92,126688,241652
idle,1791061582.02,126688,241576
idle,1791061582.13,126688,241576
idle,1791061582.23,126688,241576
idle,1791061582.33,126688,241576
idle,1791061582.43,126688,241576
idle,1791061582.53,127904,242792
idle,1791061582.63,127904,242744
idle,1791061582.73,128172,242892
cap_plain_6,1791061582.83,127108,241220
cap_plain_6,1791061582.94,126044,239928
cap_plain_6,1791061583.04,114512,231768
cap_plain_6,1791061583.14,102104,214880
cap_plain_6,1791061583.24,102104,214220
cap_plain_6,1791061583.34,102104,214220
cap_plain_6,1791061583.44,102104,214220
cap_plain_6,1791061583.54,102104,214220
cap_plain_6,1791061583.64,102104,214220
cap_plain_6,1791061583.74,102104,214220
cap_plain_6,1791061583.84,102104,214220
cap_plain_6,1791061583.95,102104,214220
cap_plain_6,1791061584.05,102104,214220
cap_plain_6,1791061584.15,102104,213228
cap_plain_6,1791061584.25,102104,213228
cap_plain_6,1791061584.35,102104,213228
cap_plain_6,1791061584.45,102104,213228
cap_plain_6,1791061584.55,102104,213228
cap_plain_6,1791061584.65,102104,213228
cap_plain_6,1791061584.75,102104,213228
cap_plain_6,1791061584.86,102104,213228
cap_plain_6,1791061584.96,102104,213228
cap_plain_6,1791061585.06,102104,213228
cap_plain_6,1791061585.16,102016,218296
cap_plain_6,1791061585.26,102016,218248
cap_plain_6,1791061585.36,102016,218096
cap_plain_6,1791061585.46,102016,218096
cap_plain_6,1791061585.56,102016,218096
cap_plain_6,1791061585.66,102016,217620
cap_plain_6,1791061585.76,102016,217240
cap_plain_6,1791061585.87,102016,216860
cap_plain_6,1791061585.97,102016,215036
idle,1791061586.07,124056,237584
idle,1791061586.17,124080,237520
idle,1791061586.27,124080,237520
idle,1791061586.37,124080,237520
idle,1791061586.47,124080,237520
idle,1791061586.57,124080,237520
idle,1791061586.67,124080,237480
idle,1791061586.77,124080,237480
idle,1791061586.87,124080,237480
idle,1791061586.98,124080,237480
idle,1791061587.08,124080,237480
idle,1791061587.18,124080,237480
idle,1791061587.28,124080,237480
idle,1791061587.38,124080,237480
idle,1791061587.48,124080,237480
idle,1791061587.58,124080,237480
idle,1791061587.68,124484,238048
idle,1791061587.78,124484,238048
idle,1791061587.88,124484,238048
idle,1791061587.98,124484,238048
idle,1791061588.08,124484,238048
idle,1791061588.19,124484,238048
idle,1791061588.29,124484,238048
idle,1791061588.39,124484,238048
idle,1791061588.49,124484,238048
idle,1791061588.59,124484,238048
idle,1791061588.69,125660,239224
idle,1791061588.79,125660,239128
idle,1791061588.89,125660,239128
idle,1791061589.00,125660,239128
cap_plain_7,1791061589.10,125736,239052
cap_plain_7,1791061589.20,125784,239004
cap_plain_7,1791061589.30,107792,224456
cap_plain_7,1791061589.40,102460,208992
cap_plain_7,1791061589.50,101732,207504
cap_plain_7,1791061589.60,101732,207440
cap_plain_7,1791061589.70,101732,207440
cap_plain_7,1791061589.81,101732,207440
cap_plain_7,1791061589.91,101732,207440
cap_plain_7,1791061590.01,101732,207440
cap_plain_7,1791061590.11,101732,207440
cap_plain_7,1791061590.21,101732,207440
cap_plain_7,1791061590.31,101732,207440
cap_plain_7,1791061590.41,101732,207440
cap_plain_7,1791061590.51,101732,207440
cap_plain_7,1791061590.61,101732,207440
cap_plain_7,1791061590.71,101732,207440
cap_plain_7,1791061590.82,101732,207440
cap_plain_7,1791061590.92,101732,207440
cap_plain_7,1791061591.02,101732,207440
cap_plain_7,1791061591.12,101732,207440
cap_plain_7,1791061591.22,101732,207440
cap_plain_7,1791061591.32,101732,207440
cap_plain_7,1791061591.42,102600,216748
cap_plain_7,1791061591.52,102600,214664
cap_plain_7,1791061591.62,102600,214512
cap_plain_7,1791061591.73,102600,214492
cap_plain_7,1791061591.83,102600,214492
cap_plain_7,1791061591.93,102600,214036
cap_plain_7,1791061592.03,102600,213656
cap_plain_7,1791061592.13,102600,213276
cap_plain_7,1791061592.23,102600,211452
idle,1791061592.33,130340,238760
idle,1791061592.43,130376,238732
idle,1791061592.53,130376,238732
idle,1791061592.63,130376,238732
idle,1791061592.73,130376,238732
idle,1791061592.84,130376,238732
idle,1791061592.94,130376,238732
idle,1791061593.04,130376,238732
idle,1791061593.14,130376,238732
idle,1791061593.24,130376,238732
idle,1791061593.34,130376,238732
idle,1791061593.44,130376,238732
idle,1791061593.54,130376,238732
idle,1791061593.64,130376,238732
idle,1791061593.74,130376,238732
idle,1791061593.84,130376,238732
idle,1791061593.94,130376,238732
idle,1791061594.04,130376,238732
idle,1791061594.15,130376,238732
idle,1791061594.25,130376,238732
idle,1791061594.35,130376,238732
idle,1791061594.45,130376,238732
idle,1791061594.55,130376,238732
idle,1791061594.65,130376,238732
idle,1791061594.75,130376,238636
idle,1791061594.86,130376,238636
idle,1791061594.96,130376,238636
idle,1791061595.06,130376,238636
idle,1791061595.16,130376,238636
idle,1791061595.26,130376,238636
cap_plain_8,1791061595.36,130376,238636
cap_plain_8,1791061595.46,130376,238648
cap_plain_8,1791061595.56,111176,226376
cap_plain_8,1791061595.67,103052,207900
cap_plain_8,1791061595.77,102556,207156
cap_plain_8,1791061595.87,102556,207156
cap_plain_8,1791061595.97,102556,207156
cap_plain_8,1791061596.07,102556,207156
cap_plain_8,1791061596.17,102556,207156
cap_plain_8,1791061596.27,102556,207156
cap_plain_8,1791061596.37,102556,207156
cap_plain_8,1791061596.47,102556,207156
cap_plain_8,1791061596.57,102556,207156
cap_plain_8,1791061596.68,102556,207156
cap_plain_8,1791061596.78,102556,207156
cap_plain_8,1791061596.88,102556,207156
cap_plain_8,1791061596.98,102556,207156
cap_plain_8,1791061597.08,102556,207060
cap_plain_8,1791061597.18,102556,207060
cap_plain_8,1791061597.28,102556,207060
cap_plain_8,1791061597.38,102556,207060
cap_plain_8,1791061597.48,102556,207060
cap_plain_8,1791061597.59,102556,207060
cap_plain_8,1791061597.69,102952,216716
cap_plain_8,1791061597.79,102952,216668
cap_plain_8,1791061597.89,102952,216468
cap_plain_8,1791061597.99,102952,216468
cap_plain_8,1791061598.09,102952,216468
cap_plain_8,1791061598.19,102952,215936
cap_plain_8,1791061598.29,102952,215556
cap_plain_8,1791061598.39,102952,215176
cap_plain_8,1791061598.49,102952,213352
idle,1791061598.60,128784,240364
idle,1791061598.70,128736,240344
idle,1791061598.80,128736,240344
idle,1791061598.90,128736,240344
idle,1791061599.00,128736,240344
idle,1791061599.10,128736,240344
idle,1791061599.20,128736,240344
idle,1791061599.30,128736,240344
idle,1791061599.40,128736,240344
idle,1791061599.50,128736,240344
idle,1791061599.60,128736,240344
idle,1791061599.70,128736,240344
idle,1791061599.80,128736,240344
idle,1791061599.90,128736,240344
idle,1791061600.01,128736,240344
idle,1791061600.11,128736,240344
idle,1791061600.21,128736,240344
idle,1791061600.31,128736,240344
idle,1791061600.41,128736,240344
idle,1791061600.51,128736,240344
idle,1791061600.61,128736,240344
idle,1791061600.71,128736,240532
idle,1791061600.81,128736,240436
idle,1791061600.92,128736,240436
idle,1791061601.02,128736,240436
idle,1791061601.12,128736,240436
idle,1791061601.22,128736,240436
idle,1791061601.32,128736,240436
idle,1791061601.42,128736,240436
idle,1791061601.52,128736,240436
cap_plain_9,1791061601.62,131288,242636
cap_plain_9,1791061601.72,131248,242580
cap_plain_9,1791061601.83,109712,225620
cap_plain_9,1791061601.93,99516,200544
cap_plain_9,1791061602.03,98524,199056
cap_plain_9,1791061602.13,98524,199056
cap_plain_9,1791061602.23,98524,199056
cap_plain_9,1791061602.33,98524,199056
cap_plain_9,1791061602.43,98524,199056
cap_plain_9,1791061602.53,98524,199056
cap_plain_9,1791061602.63,98524,199056
cap_plain_9,1791061602.74,98524,199056
cap_plain_9,1791061602.84,98524,199056
cap_plain_9,1791061602.94,98524,197072
cap_plain_9,1791061603.04,98524,197080
cap_plain_9,1791061603.14,98524,197080
cap_plain_9,1791061603.24,98524,197080
cap_plain_9,1791061603.34,98524,197080
cap_plain_9,1791061603.44,98524,197080
cap_plain_9,1791061603.54,98524,197080
cap_plain_9,1791061603.65,98524,197080
cap_plain_9,1791061603.75,98524,197080
cap_plain_9,1791061603.85,98524,197080
cap_plain_9,1791061603.95,102156,215908
cap_plain_9,1791061604.05,102156,215784
cap_plain_9,1791061604.15,102156,215660
cap_plain_9,1791061604.25,102156,215660
cap_plain_9,1791061604.35,102156,215660
cap_plain_9,1791061604.45,102156,215204
cap_plain_9,1791061604.55,102156,214544
cap_plain_9,1791061604.66,102156,214240
cap_plain_9,1791061604.76,102156,212340
idle,1791061604.86,123968,234856
idle,1791061604.96,123976,234844
idle,1791061605.06,123976,234844
idle,1791061605.16,123976,234844
idle,1791061605.26,123976,234844
idle,1791061605.36,123976,234844
idle,1791061605.46,123976,234844
idle,1791061605.56,123976,234844
idle,1791061605.66,123976,234844
idle,1791061605.77,123976,234844
idle,1791061605.87,123976,234844
idle,1791061605.97,123976,234844
idle,1791061606.07,123976,234844
idle,1791061606.17,123140,234008
idle,1791061606.27,122152,233020
idle,1791061606.37,122152,233020
idle,1791061606.47,122152,233020
idle,1791061606.57,122152,233020
idle,1791061606.67,122356,233528
idle,1791061606.77,122356,233528
idle,1791061606.88,122356,233528
idle,1791061606.98,122356,233528
idle,1791061607.08,122356,233528
idle,1791061607.18,122356,233528
idle,1791061607.28,122356,233528
idle,1791061607.38,122356,233528
idle,1791061607.48,122356,233528
idle,1791061607.58,123560,234732
idle,1791061607.69,123560,234732
idle,1791061607.79,123560,234732
cap_plain_10,1791061607.89,123636,234740
cap_plain_10,1791061607.99,123684,234760
cap_plain_10,1791061608.09,123380,234456
cap_plain_10,1791061608.19,97940,202420
cap_plain_10,1791061608.29,97444,199940
cap_plain_10,1791061608.39,97444,199940
cap_plain_10,1791061608.49,97444,199940
cap_plain_10,1791061608.60,97444,199940
cap_plain_10,1791061608.70,97444,199940
cap_plain_10,1791061608.80,97444,199940
cap_plain_10,1791061608.90,97444,199940
cap_plain_10,1791061609.00,97444,199940
cap_plain_10,1791061609.10,97444,199940
cap_plain_10,1791061609.20,97444,199940
cap_plain_10,1791061609.30,97444,199940
cap_plain_10,1791061609.40,97444,199940
cap_plain_10,1791061609.51,97444,199940
cap_plain_10,1791061609.61,97444,199940
cap_plain_10,1791061609.71,97444,199940
cap_plain_10,1791061609.81,97444,199940
cap_plain_10,1791061609.91,97444,199940
cap_plain_10,1791061610.01,97444,199940
cap_plain_10,1791061610.11,97444,199940
cap_plain_10,1791061610.21,118148,231324
cap_plain_10,1791061610.31,102416,212792
cap_plain_10,1791061610.42,102416,212792
cap_plain_10,1791061610.52,102416,212564
cap_plain_10,1791061610.62,102416,212496
cap_plain_10,1791061610.72,102416,212496
cap_plain_10,1791061610.82,102416,208544
cap_plain_10,1791061610.92,102416,208544
cap_plain_10,1791061611.02,102416,208544
idle,1791061611.12,123848,231952
idle,1791061611.22,123864,231904
idle,1791061611.32,123864,231904
idle,1791061611.42,123864,231904
idle,1791061611.53,123864,231904
idle,1791061611.63,123864,233092
idle,1791061611.73,123864,233092
idle,1791061611.83,123864,233092
idle,1791061611.93,123864,233092
idle,1791061612.03,123864,233092
idle,1791061612.13,123864,233092
idle,1791061612.23,123864,233092
idle,1791061612.33,123864,233092
idle,1791061612.43,123864,233092
idle,1791061612.53,123864,233092
idle,1791061612.63,124376,234544
idle,1791061612.73,124376,234552
idle,1791061612.84,124376,234552
idle,1791061612.94,124376,234552
idle,1791061613.04,124252,234352
idle,1791061613.14,124252,234304
idle,1791061613.24,124252,234304
idle,1791061613.34,124252,234304
idle,1791061613.44,124252,234304
idle,1791061613.54,124252,234304
idle,1791061613.65,125296,235496
idle,1791061613.75,125296,235496
idle,1791061613.85,125296,235496
idle,1791061613.95,125296,235496
idle,1791061614.05,125296,235496
cap_raw_1,1791061614.15,127424,237396
cap_raw_1,1791061614.25,127460,237336
cap_raw_1,1791061614.35,127460,237288
cap_raw_1,1791061614.45,98568,202280
cap_raw_1,1791061614.56,97556,197260
cap_raw_1,1791061614.66,97556,197260
cap_raw_1,1791061614.76,97556,197260
cap_raw_1,1791061614.86,97556,197260
cap_raw_1,1791061614.96,97556,197260
cap_raw_1,1791061615.06,97556,197260
cap_raw_1,1791061615.16,97556,197260
cap_raw_1,1791061615.26,97556,197260
cap_raw_1,1791061615.36,97556,197260
cap_raw_1,1791061615.47,97556,197260
cap_raw_1,1791061615.57,97556,197260
cap_raw_1,1791061615.67,97556,197260
cap_raw_1,1791061615.77,97556,197260
cap_raw_1,1791061615.87,97556,197260
cap_raw_1,1791061615.97,97556,197260
cap_raw_1,1791061616.07,97556,197260
cap_raw_1,1791061616.17,97556,197260
cap_raw_1,1791061616.27,97556,197260
cap_raw_1,1791061616.37,97556,197260
cap_raw_1,1791061616.48,97556,197260
cap_raw_1,1791061616.58,102620,212604
cap_raw_1,1791061616.68,102620,212604
cap_raw_1,1791061616.78,102620,212356
cap_raw_1,1791061616.88,102620,212356
cap_raw_1,1791061616.98,102620,212356
cap_raw_1,1791061617.08,102620,211900
cap_raw_1,1791061617.18,102620,211140
cap_raw_1,1791061617.28,102620,209316
cap_raw_1,1791061617.38,93956,197156
cap_raw_1,1791061617.49,85064,185376
cap_raw_1,1791061617.59,57628,149768
idle,1791061617.69,111532,218296
idle,1791061617.79,91420,193724
idle,1791061617.89,91420,193724
idle,1791061617.99,91420,193724
idle,1791061618.09,91420,193724
idle,1791061618.19,91420,193724
idle,1791061618.29,91420,193724
idle,1791061618.39,91420,193724
idle,1791061618.50,91420,193724
idle,1791061618.60,91420,193736
idle,1791061618.70,91420,193736
idle,1791061618.80,91420,193736
idle,1791061618.90,91420,193736
idle,1791061619.00,91420,193736
idle,1791061619.10,91420,193736
idle,1791061619.20,91420,193736
idle,1791061619.30,91420,193736
idle,1791061619.40,91420,193736
idle,1791061619.50,91420,193736
idle,1791061619.60,91420,193736
idle,1791061619.71,91420,193736
idle,1791061619.81,91420,193736
idle,1791061619.91,91420,193736
idle,1791061620.01,91420,193736
idle,1791061620.11,91420,193736
idle,1791061620.21,91420,193736
idle,1791061620.31,91420,193736
idle,1791061620.41,91420,193736
idle,1791061620.52,91420,193736
idle,1791061620.62,91420,193736
idle,1791061620.72,91420,193736
cap_raw_2,1791061620.82,110496,216764
cap_raw_2,1791061620.92,110192,216460
cap_raw_2,1791061621.02,114940,224112
cap_raw_2,1791061621.12,81620,180608
cap_raw_2,1791061621.22,79148,174772
cap_raw_2,1791061621.32,79148,174772
cap_raw_2,1791061621.43,79148,175076
cap_raw_2,1791061621.53,79148,175532
cap_raw_2,1791061621.63,79080,175528
cap_raw_2,1791061621.73,79080,175528
cap_raw_2,1791061621.83,79080,175528
cap_raw_2,1791061621.93,79080,175528
cap_raw_2,1791061622.03,79080,175528
cap_raw_2,1791061622.13,79080,175528
cap_raw_2,1791061622.23,79080,175528
cap_raw_2,1791061622.34,79080,175528
cap_raw_2,1791061622.44,79080,175528
cap_raw_2,1791061622.54,79080,175528
cap_raw_2,1791061622.64,79080,175528
cap_raw_2,1791061622.74,79080,175528
cap_raw_2,1791061622.84,79080,175528
cap_raw_2,1791061622.94,79080,175528
cap_raw_2,1791061623.04,79080,175480
cap_raw_2,1791061623.14,84000,191344
cap_raw_2,1791061623.24,83084,188512
cap_raw_2,1791061623.35,83084,188388
cap_raw_2,1791061623.45,83084,188388
cap_raw_2,1791061623.55,83084,188388
cap_raw_2,1791061623.65,83084,186364
cap_raw_2,1791061623.75,83084,186364
cap_raw_2,1791061623.85,83084,186364
cap_raw_2,1791061623.95,83084,185984
cap_raw_2,1791061624.05,66744,160752
cap_raw_2,1791061624.15,59068,151520
cap_raw_2,1791061624.26,85988,140904
idle,1791061624.36,135500,201008
idle,1791061624.46,135532,201012
idle,1791061624.56,135492,201028
idle,1791061624.66,135492,201028
idle,1791061624.76,135492,200932
idle,1791061624.86,135492,200932
idle,1791061624.96,135492,200932
idle,1791061625.06,135492,200932
idle,1791061625.16,135492,200932
idle,1791061625.26,135492,200932
idle,1791061625.36,135492,200932
idle,1791061625.46,135492,200932
idle,1791061625.57,135492,200932
idle,1791061625.67,135492,200932
idle,1791061625.77,135492,200932
idle,1791061625.87,135492,200932
idle,1791061625.97,135492,200932
idle,1791061626.07,135492,200932
idle,1791061626.17,135492,200932
idle,1791061626.27,135492,200932
idle,1791061626.37,135492,200932
idle,1791061626.48,135492,200932
idle,1791061626.58,135492,200932
idle,1791061626.68,135492,200932
idle,1791061626.78,135492,200932
idle,1791061626.88,135492,200932
idle,1791061626.98,135492,200932
idle,1791061627.08,135492,200932
idle,1791061627.18,135492,200932
idle,1791061627.28,135492,200932
cap_raw_3,1791061627.39,148640,224568
cap_raw_3,1791061627.49,148640,226012
cap_raw_3,1791061627.59,148252,226328
cap_raw_3,1791061627.69,148024,226128
cap_raw_3,1791061627.79,146584,226168
cap_raw_3,1791061627.89,145496,225992
cap_raw_3,1791061627.99,112404,190748
cap_raw_3,1791061628.09,112404,189632
cap_raw_3,1791061628.20,112404,189632
cap_raw_3,1791061628.30,112404,189260
cap_raw_3,1791061628.40,109608,184008
cap_raw_3,1791061628.50,76868,181448
cap_raw_3,1791061628.60,80544,185984
cap_raw_3,1791061628.70,80544,185984
cap_raw_3,1791061628.80,80544,185984
cap_raw_3,1791061628.90,80544,185984
cap_raw_3,1791061629.01,80544,185984
cap_raw_3,1791061629.11,80544,185984
cap_raw_3,1791061629.21,80544,185984
cap_raw_3,1791061629.31,80544,185984
cap_raw_3,1791061629.41,80544,185984
cap_raw_3,1791061629.51,80544,185984
cap_raw_3,1791061629.61,80544,185984
cap_raw_3,1791061629.71,80544,185984
cap_raw_3,1791061629.81,80544,185984
cap_raw_3,1791061629.91,80544,185984
cap_raw_3,1791061630.02,80544,185984
cap_raw_3,1791061630.12,83516,192724
cap_raw_3,1791061630.22,83516,192724
cap_raw_3,1791061630.32,83516,192496
cap_raw_3,1791061630.42,83516,192496
cap_raw_3,1791061630.52,83516,192496
cap_raw_3,1791061630.62,83516,191972
cap_raw_3,1791061630.72,83516,191212
cap_raw_3,1791061630.82,83516,189140
cap_raw_3,1791061630.92,83516,173104
cap_raw_3,1791061631.03,83516,165200
cap_raw_3,1791061631.13,70140,125604
idle,1791061631.23,93396,193960
idle,1791061631.33,93432,193916
idle,1791061631.43,93432,193916
idle,1791061631.53,93432,193916
idle,1791061631.63,93432,193896
idle,1791061631.73,93432,193896
idle,1791061631.83,93432,193896
idle,1791061631.93,93432,193896
idle,1791061632.03,93432,193896
idle,1791061632.14,93432,193896
idle,1791061632.24,93432,193896
idle,1791061632.34,93432,193896
idle,1791061632.44,93432,193896
idle,1791061632.54,93432,193896
idle,1791061632.64,93432,193896
idle,1791061632.74,93432,193896
idle,1791061632.84,93432,193896
idle,1791061632.94,93432,193896
idle,1791061633.04,93432,193896
idle,1791061633.15,93432,193896
idle,1791061633.25,93432,193896
idle,1791061633.35,93432,193896
idle,1791061633.45,93432,193896
idle,1791061633.55,93432,193896
idle,1791061633.65,93432,193988
idle,1791061633.75,93432,193988
idle,1791061633.85,93432,193988
idle,1791061633.95,93432,193988
idle,1791061634.06,93432,193988
idle,1791061634.16,93432,193988
cap_raw_4,1791061634.26,109544,216636
cap_raw_4,1791061634.36,109556,216644
cap_raw_4,1791061634.46,109556,216600
cap_raw_4,1791061634.56,84772,183612
cap_raw_4,1791061634.66,84772,180388
cap_raw_4,1791061634.76,84772,180388
cap_raw_4,1791061634.87,84772,179396
cap_raw_4,1791061634.97,84772,179396
cap_raw_4,1791061635.07,84772,179396
cap_raw_4,1791061635.17,84772,179396
cap_raw_4,1791061635.27,84772,179396
cap_raw_4,1791061635.37,84772,179396
cap_raw_4,1791061635.47,84772,179396
cap_raw_4,1791061635.57,84772,179396
cap_raw_4,1791061635.67,84772,179396
cap_raw_4,1791061635.77,84772,179396
cap_raw_4,1791061635.88,84772,179396
cap_raw_4,1791061635.98,84772,179396
cap_raw_4,1791061636.08,84772,179396
cap_raw_4,1791061636.18,84772,179396
cap_raw_4,1791061636.28,84772,179396
cap_raw_4,1791061636.38,84772,179396
cap_raw_4,1791061636.48,84772,179396
cap_raw_4,1791061636.58,85152,179928
cap_raw_4,1791061636.68,85116,191248
cap_raw_4,1791061636.78,85116,191124
cap_raw_4,1791061636.89,85116,190972
cap_raw_4,1791061636.99,85116,190972
cap_raw_4,1791061637.09,85116,190972
cap_raw_4,1791061637.19,85116,188996
cap_raw_4,1791061637.29,85116,188996
cap_raw_4,1791061637.39,85116,188616
cap_raw_4,1791061637.49,85116,171212
cap_raw_4,1791061637.59,85116,163308
cap_raw_4,1791061637.69,68624,123692
idle,1791061637.80,97580,194788
idle,1791061637.90,97596,194676
idle,1791061638.00,97596,194676
idle,1791061638.10,97596,194676
idle,1791061638.20,97596,194676
idle,1791061638.30,97596,194676
idle,1791061638.40,97596,194676
idle,1791061638.50,97596,194676
idle,1791061638.60,97596,194676
idle,1791061638.70,97596,194676
idle,1791061638.80,97596,194676
idle,1791061638.90,97596,194676
idle,1791061639.01,97596,194676
idle,1791061639.11,97596,194676
idle,1791061639.21,97596,194676
idle,1791061639.31,97596,194676
idle,1791061639.41,97596,194676
idle,1791061639.51,97596,194676
idle,1791061639.61,97596,194676
idle,1791061639.71,97596,194676
idle,1791061639.81,97596,194676
idle,1791061639.91,97596,194676
idle,1791061640.02,97596,194676
idle,1791061640.12,97596,194676
idle,1791061640.22,97596,194676
idle,1791061640.32,97596,194676
idle,1791061640.42,97596,194676
idle,1791061640.52,97596,194676
idle,1791061640.62,97596,194676
idle,1791061640.72,97596,194676
cap_raw_5,1791061640.83,116292,220592
cap_raw_5,1791061640.93,116292,219604
cap_raw_5,1791061641.03,116292,217780
cap_raw_5,1791061641.13,86572,183060
cap_raw_5,1791061641.23,86572,178612
cap_raw_5,1791061641.33,86572,178612
cap_raw_5,1791061641.43,86572,178612
cap_raw_5,1791061641.53,86572,178612
cap_raw_5,1791061641.63,86572,178564
cap_raw_5,1791061641.74,86572,178564
cap_raw_5,1791061641.84,86572,178564
cap_raw_5,1791061641.94,86572,178564
cap_raw_5,1791061642.04,86572,178564
cap_raw_5,1791061642.14,86572,178564
cap_raw_5,1791061642.24,86572,178564
cap_raw_5,1791061642.34,86572,178564
cap_raw_5,1791061642.44,86572,178564
cap_raw_5,1791061642.54,86572,178564
cap_raw_5,1791061642.64,86572,178564
cap_raw_5,1791061642.75,86572,178564
cap_raw_5,1791061642.85,86572,178564
cap_raw_5,1791061642.95,86572,178564
cap_raw_5,1791061643.05,86572,178564
cap_raw_5,1791061643.15,102648,206612
cap_raw_5,1791061643.25,86484,190904
cap_raw_5,1791061643.35,86484,190904
cap_raw_5,1791061643.45,86484,190780
cap_raw_5,1791061643.55,86484,190780
cap_raw_5,1791061643.66,86484,190780
cap_raw_5,1791061643.76,86484,190096
cap_raw_5,1791061643.86,86484,189184
cap_raw_5,1791061643.96,86484,188348
cap_raw_5,1791061644.06,86484,163876
cap_raw_5,1791061644.16,86484,159924
cap_raw_5,1791061644.26,62316,116300
idle,1791061644.36,99708,197784
idle,1791061644.46,99804,197764
idle,1791061644.57,99804,197764
idle,1791061644.67,99804,197764
idle,1791061644.77,99804,197764
idle,1791061644.87,99804,197764
idle,1791061644.97,99804,197764
idle,1791061645.07,99804,197764
idle,1791061645.17,99804,197764
idle,1791061645.27,99804,197764
idle,1791061645.37,99804,197764
idle,1791061645.47,99804,197764
idle,1791061645.57,99804,197764
idle,1791061645.67,99804,197764
idle,1791061645.77,99804,197764
idle,1791061645.87,99804,197764
idle,1791061645.98,99804,197764
idle,1791061646.08,99804,197764
idle,1791061646.18,99804,197764
idle,1791061646.28,99804,197764
idle,1791061646.38,99804,197764
idle,1791061646.48,99804,197764
idle,1791061646.58,99804,197764
idle,1791061646.68,99804,197764
idle,1791061646.79,99804,197764
idle,1791061646.89,99804,197764
idle,1791061646.99,99804,197764
idle,1791061647.09,99804,197764
idle,1791061647.19,99804,197764
idle,1791061647.29,99804,197764
cap_raw_6,1791061647.39,118728,223148
cap_raw_6,1791061647.50,118728,223136
cap_raw_6,1791061647.60,118760,223104
cap_raw_6,1791061647.70,85332,187412
cap_raw_6,1791061647.80,85332,186792
cap_raw_6,1791061647.90,85332,186792
cap_raw_6,1791061648.00,85332,186668
cap_raw_6,1791061648.10,85332,186668
cap_raw_6,1791061648.20,85332,186668
cap_raw_6,1791061648.30,85332,186668
cap_raw_6,1791061648.40,85332,186668
cap_raw_6,1791061648.51,85332,186668
cap_raw_6,1791061648.61,85332,186668
cap_raw_6,1791061648.71,85332,186668
cap_raw_6,1791061648.81,85332,186668
cap_raw_6,1791061648.91,85332,186668
cap_raw_6,1791061649.01,85332,186668
cap_raw_6,1791061649.11,85332,186668
cap_raw_6,1791061649.21,85332,186668
cap_raw_6,1791061649.31,85332,186668
cap_raw_6,1791061649.42,85332,186668
cap_raw_6,1791061649.52,85332,186668
cap_raw_6,1791061649.62,85332,186668
cap_raw_6,1791061649.72,101424,206940
cap_raw_6,1791061649.82,85244,190192
cap_raw_6,1791061649.92,85244,190192
cap_raw_6,1791061650.02,85244,189964
cap_raw_6,1791061650.12,85244,189964
cap_raw_6,1791061650.22,85244,189964
cap_raw_6,1791061650.32,85244,189128
cap_raw_6,1791061650.43,85244,188748
cap_raw_6,1791061650.53,85244,186924
cap_raw_6,1791061650.63,85244,163076
cap_raw_6,1791061650.73,85244,155248
cap_raw_6,1791061650.83,64800,137920
idle,1791061650.93,96724,193220
idle,1791061651.03,96724,193108
idle,1791061651.13,96724,193108
idle,1791061651.23,96724,193108
idle,1791061651.33,96724,193108
idle,1791061651.44,96724,193108
idle,1791061651.54,96724,193108
idle,1791061651.64,96724,193108
idle,1791061651.74,96724,193108
idle,1791061651.84,96724,193108
idle,1791061651.94,96724,193108
idle,1791061652.04,96724,193108
idle,1791061652.14,96724,193108
idle,1791061652.24,96724,193108
idle,1791061652.34,96724,193108
idle,1791061652.44,96724,193108
idle,1791061652.54,96724,193108
idle,1791061652.64,96724,193108
idle,1791061652.75,96724,193108
idle,1791061652.85,96724,193108
idle,1791061652.95,96724,193108
idle,1791061653.05,96724,193108
idle,1791061653.15,96724,193108
idle,1791061653.25,96724,193108
idle,1791061653.35,96724,193108
idle,1791061653.45,96724,193108
idle,1791061653.56,96724,193108
idle,1791061653.66,96724,193108
idle,1791061653.76,96724,193112
idle,1791061653.86,96724,193112
cap_raw_7,1791061653.96,113272,216844
cap_raw_7,1791061654.06,113272,216804
cap_raw_7,1791061654.16,113272,215740
cap_raw_7,1791061654.26,85420,177584
cap_raw_7,1791061654.36,85420,172872
cap_raw_7,1791061654.47,85420,172872
cap_raw_7,1791061654.57,85420,172872
cap_raw_7,1791061654.67,85420,172872
cap_raw_7,1791061654.77,85420,172776
cap_raw_7,1791061654.87,85420,172776
cap_raw_7,1791061654.97,85420,172776
cap_raw_7,1791061655.07,85420,172776
cap_raw_7,1791061655.17,85420,172776
cap_raw_7,1791061655.27,85420,172776
cap_raw_7,1791061655.38,85420,172776
cap_raw_7,1791061655.48,85420,172776
cap_raw_7,1791061655.58,85420,172776
cap_raw_7,1791061655.68,85420,172776
cap_raw_7,1791061655.78,85420,172776
cap_raw_7,1791061655.88,85420,172776
cap_raw_7,1791061655.98,85420,172776
cap_raw_7,1791061656.08,85420,172776
cap_raw_7,1791061656.18,85420,172776
cap_raw_7,1791061656.29,87380,190960
cap_raw_7,1791061656.39,85780,187488
cap_raw_7,1791061656.49,85780,187488
cap_raw_7,1791061656.59,85780,187364
cap_raw_7,1791061656.69,85780,187364
cap_raw_7,1791061656.79,85780,183364
cap_raw_7,1791061656.89,85780,183364
cap_raw_7,1791061656.99,85780,183364
cap_raw_7,1791061657.09,85780,183364
cap_raw_7,1791061657.19,85780,159804
cap_raw_7,1791061657.30,85780,151976
cap_raw_7,1791061657.40,68300,152128
idle,1791061657.50,99916,196160
idle,1791061657.60,99976,196156
idle,1791061657.70,99976,196156
idle,1791061657.80,99976,196156
idle,1791061657.90,99976,196156
idle,1791061658.00,99976,196156
idle,1791061658.10,99976,196156
idle,1791061658.20,99976,196156
idle,1791061658.30,99976,196156
idle,1791061658.41,99976,196156
idle,1791061658.51,99976,196156
idle,1791061658.61,99976,196156
idle,1791061658.71,99976,196156
idle,1791061658.81,99976,196156
idle,1791061658.91,99976,196156
idle,1791061659.01,99976,196156
idle,1791061659.11,99976,196156
idle,1791061659.21,99976,196156
idle,1791061659.31,99976,196156
idle,1791061659.41,99976,196156
idle,1791061659.52,99976,196156
idle,1791061659.62,99976,196156
idle,1791061659.72,99976,196156
idle,1791061659.82,99976,196156
idle,1791061659.92,99976,196156
idle,1791061660.02,99976,196156
idle,1791061660.12,99976,196156
idle,1791061660.22,99976,196156
idle,1791061660.32,99976,196156
idle,1791061660.43,99976,196156
cap_raw_8,1791061660.53,116392,219260
cap_raw_8,1791061660.63,116464,218852
cap_raw_8,1791061660.73,94684,198920
cap_raw_8,1791061660.83,85488,184504
cap_raw_8,1791061660.93,85488,183384
cap_raw_8,1791061661.03,85488,183384
cap_raw_8,1791061661.13,85488,183384
cap_raw_8,1791061661.24,85488,183384
cap_raw_8,1791061661.34,85488,183384
cap_raw_8,1791061661.44,85488,183384
cap_raw_8,1791061661.54,85488,183384
cap_raw_8,1791061661.64,85488,183384
cap_raw_8,1791061661.74,85488,183384
cap_raw_8,1791061661.84,85488,183384
cap_raw_8,1791061661.94,85488,183384
cap_raw_8,1791061662.04,85488,183384
cap_raw_8,1791061662.14,85488,183384
cap_raw_8,1791061662.25,85488,183384
cap_raw_8,1791061662.35,85488,183384
cap_raw_8,1791061662.45,85488,183384
cap_raw_8,1791061662.55,85488,183384
cap_raw_8,1791061662.65,85488,183384
cap_raw_8,1791061662.75,85488,183384
cap_raw_8,1791061662.85,85400,188684
cap_raw_8,1791061662.95,85400,188512
cap_raw_8,1791061663.05,85400,188264
cap_raw_8,1791061663.15,85400,188264
cap_raw_8,1791061663.26,85400,187456
cap_raw_8,1791061663.36,85400,187340
cap_raw_8,1791061663.46,85400,186792
cap_raw_8,1791061663.56,85400,186388
cap_raw_8,1791061663.66,85400,184564
cap_raw_8,1791061663.76,85400,160832
cap_raw_8,1791061663.86,81676,141148
idle,1791061663.96,97636,192832
idle,1791061664.06,97652,192608
idle,1791061664.17,97652,192608
idle,1791061664.27,97652,192192
idle,1791061664.37,97652,192520
idle,1791061664.47,97652,192436
idle,1791061664.57,97652,194032
idle,1791061664.67,97652,194700
idle,1791061664.77,97652,194516
idle,1791061664.87,97652,194516
idle,1791061664.97,97652,194516
idle,1791061665.07,97652,194516
idle,1791061665.18,97652,194516
idle,1791061665.28,97652,194516
idle,1791061665.38,97652,194516
idle,1791061665.48,97652,194516
idle,1791061665.58,97652,194496
idle,1791061665.68,97652,194496
idle,1791061665.78,97652,194496
idle,1791061665.88,97652,194496
idle,1791061665.98,97652,194496
idle,1791061666.09,97652,194496
idle,1791061666.19,97652,194496
idle,1791061666.29,97652,194496
idle,1791061666.39,97652,194840
idle,1791061666.49,97652,195708
idle,1791061666.59,97652,195880
idle,1791061666.69,97652,196592
idle,1791061666.79,97652,196376
idle,1791061666.90,97652,196376
cap_raw_9,1791061667.00,99324,200252
cap_raw_9,1791061667.10,114296,219932
cap_raw_9,1791061667.20,114296,219020
cap_raw_9,1791061667.30,85252,189180
cap_raw_9,1791061667.40,84156,177260
cap_raw_9,1791061667.50,84156,177120
cap_raw_9,1791061667.61,84156,177120
cap_raw_9,1791061667.71,84156,177120
cap_raw_9,1791061667.81,84156,177120
cap_raw_9,1791061667.91,84156,177120
cap_raw_9,1791061668.01,84156,177120
cap_raw_9,1791061668.11,84156,177120
cap_raw_9,1791061668.21,84156,177120
cap_raw_9,1791061668.31,84156,177120
cap_raw_9,1791061668.41,84156,177120
cap_raw_9,1791061668.51,84156,177120
cap_raw_9,1791061668.62,84156,177120
cap_raw_9,1791061668.72,84156,177120
cap_raw_9,1791061668.82,84156,177120
cap_raw_9,1791061668.92,84156,177120
cap_raw_9,1791061669.02,84156,177120
cap_raw_9,1791061669.12,84156,177120
cap_raw_9,1791061669.22,84156,177120
cap_raw_9,1791061669.32,84156,177120
cap_raw_9,1791061669.42,84516,186828
cap_raw_9,1791061669.52,84516,186828
cap_raw_9,1791061669.63,84516,186704
cap_raw_9,1791061669.73,84516,186704
cap_raw_9,1791061669.83,84516,185712
cap_raw_9,1791061669.93,84516,185712
cap_raw_9,1791061670.03,84516,185408
cap_raw_9,1791061670.13,84516,183508
cap_raw_9,1791061670.23,84516,183356
cap_raw_9,1791061670.33,84516,159796
cap_raw_9,1791061670.44,65440,132208
idle,1791061670.54,92164,189952
idle,1791061670.64,92164,189904
idle,1791061670.74,92164,189836
idle,1791061670.84,92164,189836
idle,1791061670.94,92164,189836
idle,1791061671.04,92164,189836
idle,1791061671.14,92164,189836
idle,1791061671.24,92164,189836
idle,1791061671.34,92164,189836
idle,1791061671.44,92164,189836
idle,1791061671.54,92164,189836
idle,1791061671.64,92164,189836
idle,1791061671.75,92164,189836
idle,1791061671.85,92164,189836
idle,1791061671.95,92164,189836
idle,1791061672.05,92164,189836
idle,1791061672.15,92164,189836
idle,1791061672.25,92164,189836
idle,1791061672.35,92164,189836
idle,1791061672.45,92164,189836
idle,1791061672.55,92164,189836
idle,1791061672.65,92164,189836
idle,1791061672.76,92164,189836
idle,1791061672.86,92164,189836
idle,1791061672.96,92164,189836
idle,1791061673.06,92164,189836
idle,1791061673.16,92164,189836
idle,1791061673.26,92164,189836
idle,1791061673.36,92164,189836
idle,1791061673.46,92164,189836
cap_raw_10,1791061673.57,111392,212636
cap_raw_10,1791061673.67,111392,212840
cap_raw_10,1791061673.77,111392,212844
cap_raw_10,1791061673.87,83924,179320
cap_raw_10,1791061673.97,83924,177760
cap_raw_10,1791061674.07,83924,177760
cap_raw_10,1791061674.17,83924,177388
cap_raw_10,1791061674.27,83924,177388
cap_raw_10,1791061674.38,83924,177388
cap_raw_10,1791061674.48,83924,177388
cap_raw_10,1791061674.58,83924,177388
cap_raw_10,1791061674.68,83924,177388
cap_raw_10,1791061674.78,83924,177388
cap_raw_10,1791061674.88,83924,177388
cap_raw_10,1791061674.98,83924,177388
cap_raw_10,1791061675.08,83924,177388
cap_raw_10,1791061675.18,83924,177388
cap_raw_10,1791061675.28,83924,177388
cap_raw_10,1791061675.39,83924,177388
cap_raw_10,1791061675.49,83924,177388
cap_raw_10,1791061675.59,83924,177388
cap_raw_10,1791061675.69,83924,177388
cap_raw_10,1791061675.79,83924,177388
cap_raw_10,1791061675.89,83924,177388
cap_raw_10,1791061675.99,84284,185196
cap_raw_10,1791061676.09,84284,185196
cap_raw_10,1791061676.19,84284,184968
cap_raw_10,1791061676.29,84284,184968
cap_raw_10,1791061676.40,84284,184968
cap_raw_10,1791061676.50,84284,181016
cap_raw_10,1791061676.60,84284,180932
cap_raw_10,1791061676.70,84284,180932
cap_raw_10,1791061676.80,84284,173180
cap_raw_10,1791061676.90,84284,157524
cap_raw_10,1791061677.00,57152,121956
idle,1791061677.10,92688,189728
idle,1791061677.20,92708,189680
idle,1791061677.31,92708,189680
idle,1791061677.41,92708,189680
idle,1791061677.51,92708,189680
idle,1791061677.61,92708,189680
idle,1791061677.71,92708,189680
idle,1791061677.81,92708,189680
idle,1791061677.91,92708,189680
idle,1791061678.01,92708,189680
idle,1791061678.11,92708,189680
idle,1791061678.21,92708,189680
idle,1791061678.31,92708,189680
idle,1791061678.41,92708,189680
idle,1791061678.52,92708,189680
idle,1791061678.62,92708,189680
idle,1791061678.72,92708,189680
idle,1791061678.82,92708,189584
idle,1791061678.92,92708,189584
idle,1791061679.02,92708,189584
idle,1791061679.12,92708,189584
idle,1791061679.22,92708,189584
idle,1791061679.32,92708,189584
idle,1791061679.43,92708,189584
idle,1791061679.53,92708,189584
idle,1791061679.63,92708,189584
idle,1791061679.73,92708,189584
idle,1791061679.83,92708,189584
idle,1791061679.93,92708,189584
idle,1791061680.03,92708,189584
idle,1791061680.13,110416,214740
idle,1791061680.23,110416,214892
enc_1600x900_1,1791061680.34,110416,214968
enc_1600x900_1,1791061680.44,110416,211244
enc_1600x900_1,1791061680.54,110416,207368
enc_1600x900_1,1791061680.64,110416,207748
enc_1600x900_1,1791061680.74,110416,207596
enc_1600x900_1,1791061680.84,110416,207140
enc_1600x900_1,1791061680.94,110416,205772
enc_1600x900_1,1791061681.04,110416,204100
enc_1600x900_1,1791061681.14,110416,203036
enc_1600x900_1,1791061681.25,110416,203264
enc_1600x900_1,1791061681.35,110416,202048
enc_1600x900_1,1791061681.45,107148,192168
enc_1600x900_1,1791061681.55,103424,188140
enc_1600x900_1,1791061681.65,100224,184736
enc_1600x900_1,1791061681.75,94220,176756
enc_1600x900_1,1791061681.85,92852,174932
enc_1600x900_1,1791061681.95,92852,174932
enc_1600x900_1,1791061682.05,92852,174932
enc_1600x900_1,1791061682.15,92852,174932
enc_1600x900_1,1791061682.26,92852,174932
enc_1600x900_1,1791061682.36,92852,174932
enc_1600x900_1,1791061682.46,92852,174932
enc_1600x900_1,1791061682.56,92816,174948
enc_1600x900_1,1791061682.66,92816,174948
enc_1600x900_1,1791061682.76,89928,171148
enc_1600x900_1,1791061682.86,86964,167196
enc_1600x900_1,1791061682.96,86964,167196
enc_1600x900_1,1791061683.06,86964,167196
enc_1600x900_1,1791061683.17,98288,181864
enc_1600x900_1,1791061683.27,98288,181932
enc_1600x900_1,1791061683.37,94944,178056
enc_1600x900_1,1791061683.47,92284,174392
enc_1600x900_1,1791061683.57,92240,174348
enc_1600x900_1,1791061683.67,92240,174348
enc_1600x900_1,1791061683.77,92240,174348
enc_1600x900_1,1791061683.87,92240,174348
enc_1600x900_1,1791061683.97,92240,174348
enc_1600x900_1,1791061684.08,92240,174348
enc_1600x900_1,1791061684.18,92240,174348
enc_1600x900_1,1791061684.28,90872,172524
enc_1600x900_1,1791061684.38,86464,166596
enc_1600x900_1,1791061684.48,86464,166596
enc_1600x900_1,1791061684.58,86404,166536
enc_1600x900_1,1791061684.68,98488,181812
enc_1600x900_1,1791061684.78,94400,177200
enc_1600x900_1,1791061684.88,88396,169220
enc_1600x900_1,1791061684.99,88320,169144
enc_1600x900_1,1791061685.09,88320,169144
enc_1600x900_1,1791061685.19,88320,169144
enc_1600x900_1,1791061685.29,88320,169144
enc_1600x900_1,1791061685.39,88320,169144
enc_1600x900_1,1791061685.49,88320,169144
enc_1600x900_1,1791061685.59,88320,169096
enc_1600x900_1,1791061685.69,88320,169096
enc_1600x900_1,1791061685.79,88320,169096
enc_1600x900_1,1791061685.89,85816,166380
enc_1600x900_1,1791061686.00,83308,162428
enc_1600x900_1,1791061686.10,83308,162428
enc_1600x900_1,1791061686.20,83308,162428
enc_1600x900_1,1791061686.30,92652,174764
enc_1600x900_1,1791061686.40,91812,173772
enc_1600x900_1,1791061686.50,91204,172936
enc_1600x900_1,1791061686.60,88360,169104
enc_1600x900_1,1791061686.70,88360,169104
enc_1600x900_1,1791061686.80,88360,169104
enc_1600x900_1,1791061686.91,88360,169104
enc_1600x900_1,1791061687.01,88360,169104
enc_1600x900_1,1791061687.11,88360,169104
enc_1600x900_1,1791061687.21,88360,169104
enc_1600x900_1,1791061687.31,88360,169104
enc_1600x900_1,1791061687.41,85396,165228
enc_1600x900_1,1791061687.51,82432,161276
enc_1600x900_1,1791061687.61,83328,162516
enc_1600x900_1,1791061687.71,83328,162516
enc_1600x900_1,1791061687.81,83328,162516
enc_1600x900_1,1791061687.92,101916,187632
enc_1600x900_1,1791061688.02,101916,187632
idle,1791061688.12,107700,204140
idle,1791061688.22,107700,201128
idle,1791061688.32,107700,200856
idle,1791061688.42,107700,200856
idle,1791061688.52,107700,200856
idle,1791061688.62,107700,200856
idle,1791061688.72,107700,201660
idle,1791061688.82,107700,201660
idle,1791061688.93,107700,201660
idle,1791061689.03,107700,201660
idle,1791061689.13,107700,201660
idle,1791061689.23,107700,201660
idle,1791061689.33,107700,201660
idle,1791061689.43,107700,201660
idle,1791061689.53,107700,201660
idle,1791061689.63,107700,202024
idle,1791061689.73,107700,203012
idle,1791061689.83,107700,203024
idle,1791061689.93,107744,203024
idle,1791061690.03,107744,203024
idle,1791061690.13,107744,203024
enc_1600x900_2,1791061690.24,107744,203024
enc_1600x900_2,1791061690.34,107744,203024
enc_1600x900_2,1791061690.44,107744,202976
enc_1600x900_2,1791061690.54,107744,201248
enc_1600x900_2,1791061690.64,108368,201224
enc_1600x900_2,1791061690.74,108368,197852
enc_1600x900_2,1791061690.84,108368,196940
enc_1600x900_2,1791061690.94,108140,195496
enc_1600x900_2,1791061691.04,107380,194508
enc_1600x900_2,1791061691.15,96892,180600
enc_1600x900_2,1791061691.25,95600,178736
enc_1600x900_2,1791061691.35,91116,172808
enc_1600x900_2,1791061691.45,88152,168932
enc_1600x900_2,1791061691.55,88152,168932
enc_1600x900_2,1791061691.65,88908,169840
enc_1600x900_2,1791061691.75,88908,169840
enc_1600x900_2,1791061691.85,88908,169840
enc_1600x900_2,1791061691.95,88908,169840
enc_1600x900_2,1791061692.05,88908,169840
enc_1600x900_2,1791061692.16,88908,169840
enc_1600x900_2,1791061692.26,88832,169764
enc_1600x900_2,1791061692.36,86020,166040
enc_1600x900_2,1791061692.46,83056,162088
enc_1600x900_2,1791061692.56,82996,162028
enc_1600x900_2,1791061692.66,83624,162892
enc_1600x900_2,1791061692.76,92972,177484
enc_1600x900_2,1791061692.86,92972,177484
enc_1600x900_2,1791061692.96,91756,173684
enc_1600x900_2,1791061693.06,88944,169884
enc_1600x900_2,1791061693.17,88944,169884
enc_1600x900_2,1791061693.27,88944,169884
enc_1600x900_2,1791061693.37,88944,169884
enc_1600x900_2,1791061693.47,88336,168896
enc_1600x900_2,1791061693.57,88672,169524
enc_1600x900_2,1791061693.67,88660,169492
enc_1600x900_2,1791061693.77,88660,169492
enc_1600x900_2,1791061693.87,87976,168656
enc_1600x900_2,1791061693.97,82808,161740
enc_1600x900_2,1791061694.07,82808,161740
enc_1600x900_2,1791061694.18,82808,161740
enc_1600x900_2,1791061694.28,82808,161740
enc_1600x900_2,1791061694.38,92992,177244
enc_1600x900_2,1791061694.48,91548,173444
enc_1600x900_2,1791061694.58,88976,170000
enc_1600x900_2,1791061694.68,88976,170044
enc_1600x900_2,1791061694.78,88976,170044
enc_1600x900_2,1791061694.88,88976,170044
enc_1600x900_2,1791061694.98,88976,170044
enc_1600x900_2,1791061695.08,88976,170044
enc_1600x900_2,1791061695.19,88976,170044
enc_1600x900_2,1791061695.29,88976,170044
enc_1600x900_2,1791061695.39,88976,170044
enc_1600x900_2,1791061695.49,86088,166168
enc_1600x900_2,1791061695.59,83112,162204
enc_1600x900_2,1791061695.69,83112,162204
enc_1600x900_2,1791061695.79,83112,162204
enc_1600x900_2,1791061695.89,92080,175656
enc_1600x900_2,1791061695.99,92172,175400
enc_1600x900_2,1791061696.10,92172,174564
enc_1600x900_2,1791061696.20,89512,170688
enc_1600x900_2,1791061696.30,89512,170688
enc_1600x900_2,1791061696.40,89512,170688
enc_1600x900_2,1791061696.50,89512,170688
enc_1600x900_2,1791061696.60,89512,170688
enc_1600x900_2,1791061696.70,89556,170628
enc_1600x900_2,1791061696.80,89556,170752
enc_1600x900_2,1791061696.90,89556,170752
enc_1600x900_2,1791061697.00,89328,170448
enc_1600x900_2,1791061697.11,83704,163000
enc_1600x900_2,1791061697.21,83704,163000
enc_1600x900_2,1791061697.31,83704,163000
enc_1600x900_2,1791061697.41,83704,163000
enc_1600x900_2,1791061697.51,97460,182936
enc_1600x900_2,1791061697.61,97496,183004
idle,1791061697.71,102892,199268
idle,1791061697.81,102892,199220
idle,1791061697.91,102932,199256
idle,1791061698.02,102932,199256
idle,1791061698.12,102932,199256
idle,1791061698.22,102932,199256
idle,1791061698.32,102932,199428
idle,1791061698.42,102932,199428
idle,1791061698.52,102932,199524
idle,1791061698.62,102932,199524
idle,1791061698.72,102964,199784
idle,1791061698.82,102964,199784
idle,1791061698.92,102964,199784
idle,1791061699.02,102964,199784
idle,1791061699.12,102964,199784
idle,1791061699.23,102964,199784
idle,1791061699.33,102964,199784
idle,1791061699.43,102964,199784
idle,1791061699.53,102964,199784
idle,1791061699.63,102964,199784
idle,1791061699.73,103512,201052
idle,1791061699.83,103512,201052
enc_1600x900_3,1791061699.93,103588,201204
enc_1600x900_3,1791061700.03,103632,199256
enc_1600x900_3,1791061700.13,103632,197280
enc_1600x900_3,1791061700.23,103632,196444
enc_1600x900_3,1791061700.34,103632,193936
enc_1600x900_3,1791061700.44,103632,192112
enc_1600x900_3,1791061700.54,103632,190592
enc_1600x900_3,1791061700.64,104044,190860
enc_1600x900_3,1791061700.74,96140,179916
enc_1600x900_3,1791061700.84,93252,175964
enc_1600x900_3,1791061700.94,90340,172140
enc_1600x900_3,1791061701.04,84336,164160
enc_1600x900_3,1791061701.15,84108,163856
enc_1600x900_3,1791061701.25,84108,163856
enc_1600x900_3,1791061701.35,84108,163856
enc_1600x900_3,1791061701.45,84108,163856
enc_1600x900_3,1791061701.55,84108,163856
enc_1600x900_3,1791061701.65,84748,164788
enc_1600x900_3,1791061701.75,84748,164788
enc_1600x900_3,1791061701.85,84748,164788
enc_1600x900_3,1791061701.95,82012,160988
enc_1600x900_3,1791061702.05,79048,157036
enc_1600x900_3,1791061702.16,79048,157036
enc_1600x900_3,1791061702.26,79048,157036
enc_1600x900_3,1791061702.36,88472,169576
enc_1600x900_3,1791061702.46,88496,169632
enc_1600x900_3,1791061702.56,87052,167772
enc_1600x900_3,1791061702.66,84876,164848
enc_1600x900_3,1791061702.76,84876,164724
enc_1600x900_3,1791061702.86,84876,164724
enc_1600x900_3,1791061702.96,84876,164724
enc_1600x900_3,1791061703.07,84876,164724
enc_1600x900_3,1791061703.17,84876,164724
enc_1600x900_3,1791061703.27,84876,164724
enc_1600x900_3,1791061703.37,84876,164724
enc_1600x900_3,1791061703.47,84876,164724
enc_1600x900_3,1791061703.57,81908,161292
enc_1600x900_3,1791061703.67,79324,157464
enc_1600x900_3,1791061703.77,79324,157464
enc_1600x900_3,1791061703.87,79324,157464
enc_1600x900_3,1791061703.98,89280,171144
enc_1600x900_3,1791061704.08,89280,171144
enc_1600x900_3,1791061704.18,87988,169016
enc_1600x900_3,1791061704.28,85328,165520
enc_1600x900_3,1791061704.38,85328,165520
enc_1600x900_3,1791061704.48,85328,165520
enc_1600x900_3,1791061704.58,85328,165488
enc_1600x900_3,1791061704.68,85332,165780
enc_1600x900_3,1791061704.78,85332,165780
enc_1600x900_3,1791061704.88,85332,165780
enc_1600x900_3,1791061704.99,85332,165780
enc_1600x900_3,1791061705.09,84192,163956
enc_1600x900_3,1791061705.19,79708,158028
enc_1600x900_3,1791061705.29,79708,158028
enc_1600x900_3,1791061705.39,79708,158028
enc_1600x900_3,1791061705.49,79708,158028
enc_1600x900_3,1791061705.59,90456,172844
enc_1600x900_3,1791061705.69,90456,172844
enc_1600x900_3,1791061705.79,87340,168132
enc_1600x900_3,1791061705.90,85136,165168
enc_1600x900_3,1791061706.00,85136,165168
enc_1600x900_3,1791061706.10,85136,165168
enc_1600x900_3,1791061706.20,85136,165168
enc_1600x900_3,1791061706.30,85136,165168
enc_1600x900_3,1791061706.40,85136,165168
enc_1600x900_3,1791061706.50,85136,165168
enc_1600x900_3,1791061706.60,85124,165156
enc_1600x900_3,1791061706.70,82236,161356
enc_1600x900_3,1791061706.81,79272,157404
enc_1600x900_3,1791061706.91,79272,157404
enc_1600x900_3,1791061707.01,79272,157404
enc_1600x900_3,1791061707.11,91048,173088
enc_1600x900_3,1791061707.21,96444,180536
idle,1791061707.31,103740,200372
idle,1791061707.41,103804,200356
idle,1791061707.51,103804,200356
idle,1791061707.61,103804,200356
idle,1791061707.71,103804,200356
idle,1791061707.81,103804,200356
idle,1791061707.92,103804,200356
idle,1791061708.02,103804,200356
idle,1791061708.12,103804,200356
idle,1791061708.22,103804,200356
idle,1791061708.32,103804,200356
idle,1791061708.42,103804,200356
idle,1791061708.52,103804,200356
idle,1791061708.62,103804,200356
idle,1791061708.72,103804,200356
idle,1791061708.82,103804,200356
idle,1791061708.92,103804,200356
idle,1791061709.02,103804,200356
idle,1791061709.12,103804,200356
idle,1791061709.23,103804,200356
idle,1791061709.33,103804,200356
idle,1791061709.43,103804,200356
enc_1600x900_4,1791061709.53,103804,200128
enc_1600x900_4,1791061709.63,103804,198308
enc_1600x900_4,1791061709.73,103940,197072
enc_1600x900_4,1791061709.83,103940,196160
enc_1600x900_4,1791061709.93,103940,193728
enc_1600x900_4,1791061710.03,103940,191828
enc_1600x900_4,1791061710.13,103940,190384
enc_1600x900_4,1791061710.24,102876,188864
enc_1600x900_4,1791061710.34,98392,182936
enc_1600x900_4,1791061710.44,92464,174956
enc_1600x900_4,1791061710.54,89484,170988
enc_1600x900_4,1791061710.64,84508,164336
enc_1600x900_4,1791061710.74,83900,163500
enc_1600x900_4,1791061710.84,83900,163500
enc_1600x900_4,1791061710.94,84016,163500
enc_1600x900_4,1791061711.04,84016,163500
enc_1600x900_4,1791061711.14,84016,163500
enc_1600x900_4,1791061711.25,84016,163500
enc_1600x900_4,1791061711.35,84016,163500
enc_1600x900_4,1791061711.45,84016,163500
enc_1600x900_4,1791061711.55,83580,163064
enc_1600x900_4,1791061711.65,78764,156696
enc_1600x900_4,1791061711.75,78764,156696
enc_1600x900_4,1791061711.85,78764,156696
enc_1600x900_4,1791061711.95,78764,156696
enc_1600x900_4,1791061712.05,90520,172236
enc_1600x900_4,1791061712.16,89000,170336
enc_1600x900_4,1791061712.26,84668,164560
enc_1600x900_4,1791061712.36,84668,164560
enc_1600x900_4,1791061712.46,84668,164560
enc_1600x900_4,1791061712.56,84608,164500
enc_1600x900_4,1791061712.66,85364,165484
enc_1600x900_4,1791061712.76,85364,165484
enc_1600x900_4,1791061712.86,85364,165484
enc_1600x900_4,1791061712.96,85364,165484
enc_1600x900_4,1791061713.06,85364,165484
enc_1600x900_4,1791061713.17,82476,161684
enc_1600x900_4,1791061713.27,79512,157732
enc_1600x900_4,1791061713.37,79512,157732
enc_1600x900_4,1791061713.47,79512,157732
enc_1600x900_4,1791061713.57,92448,175180
enc_1600x900_4,1791061713.67,92464,175220
enc_1600x900_4,1791061713.77,86916,167544
enc_1600x900_4,1791061713.87,85472,165644
enc_1600x900_4,1791061713.97,85472,165644
enc_1600x900_4,1791061714.08,85472,165644
enc_1600x900_4,1791061714.18,85472,165644
enc_1600x900_4,1791061714.28,85472,165644
enc_1600x900_4,1791061714.38,85472,165644
enc_1600x900_4,1791061714.48,85472,165644
enc_1600x900_4,1791061714.58,85896,166364
enc_1600x900_4,1791061714.68,85896,166364
enc_1600x900_4,1791061714.78,83256,162700
enc_1600x900_4,1791061714.88,80292,158748
enc_1600x900_4,1791061714.98,80292,158748
enc_1600x900_4,1791061715.09,80292,158748
enc_1600x900_4,1791061715.19,91360,173732
enc_1600x900_4,1791061715.29,91360,173732
enc_1600x900_4,1791061715.39,88700,169932
enc_1600x900_4,1791061715.49,85736,166056
enc_1600x900_4,1791061715.59,85892,166324
enc_1600x900_4,1791061715.69,85892,166324
enc_1600x900_4,1791061715.79,85892,166324
enc_1600x900_4,1791061715.89,85892,166324
enc_1600x900_4,1791061716.00,85892,166324
enc_1600x900_4,1791061716.10,85892,166324
enc_1600x900_4,1791061716.20,85892,166324
enc_1600x900_4,1791061716.30,85360,165488
enc_1600x900_4,1791061716.40,80116,158572
enc_1600x900_4,1791061716.50,80116,158572
enc_1600x900_4,1791061716.60,80056,158512
enc_1600x900_4,1791061716.70,80056,158512
enc_1600x900_4,1791061716.80,99428,184524
enc_1600x900_4,1791061716.91,99428,184524
idle,1791061717.01,105716,203672
idle,1791061717.11,105716,202836
idle,1791061717.21,105716,202760
idle,1791061717.31,105716,202760
idle,1791061717.41,105716,202760
idle,1791061717.51,105716,202760
idle,1791061717.61,105744,202912
idle,1791061717.71,105744,202912
idle,1791061717.81,105744,202912
idle,1791061717.91,105744,202912
idle,1791061718.01,105744,202912
idle,1791061718.12,105744,202912
idle,1791061718.22,105744,202912
idle,1791061718.32,105744,202912
idle,1791061718.42,105744,202912
idle,1791061718.52,105744,202912
idle,1791061718.62,105744,202912
idle,1791061718.72,105744,202912
idle,1791061718.82,105744,202912
idle,1791061718.92,105744,202912
idle,1791061719.02,105744,202912
enc_1600x900_5,1791061719.12,105820,202836
enc_1600x900_5,1791061719.22,105820,202056
enc_1600x900_5,1791061719.33,105820,199092
enc_1600x900_5,1791061719.43,105820,197952
enc_1600x900_5,1791061719.53,105820,194988
enc_1600x900_5,1791061719.63,105824,194260
enc_1600x900_5,1791061719.73,105444,192284
enc_1600x900_5,1791061719.83,104684,191296
enc_1600x900_5,1791061719.93,103544,189776
enc_1600x900_5,1791061720.03,93208,175944
enc_1600x900_5,1791061720.13,90176,171924
enc_1600x900_5,1791061720.24,84248,164020
enc_1600x900_5,1791061720.34,84248,164020
enc_1600x900_5,1791061720.44,84248,164020
enc_1600x900_5,1791061720.54,84248,164020
enc_1600x900_5,1791061720.64,84488,164340
enc_1600x900_5,1791061720.74,84488,164340
enc_1600x900_5,1791061720.84,84488,164340
enc_1600x900_5,1791061720.94,84488,164340
enc_1600x900_5,1791061721.04,84488,164340
enc_1600x900_5,1791061721.14,84488,164340
enc_1600x900_5,1791061721.25,81600,160540
enc_1600x900_5,1791061721.35,78636,156588
enc_1600x900_5,1791061721.45,78636,156588
enc_1600x900_5,1791061721.55,79292,157464
enc_1600x900_5,1791061721.65,91924,174200
enc_1600x900_5,1791061721.75,91992,174236
enc_1600x900_5,1791061721.85,86064,166484
enc_1600x900_5,1791061721.95,84620,164584
enc_1600x900_5,1791061722.05,84620,164584
enc_1600x900_5,1791061722.16,84620,164584
enc_1600x900_5,1791061722.26,84620,164584
enc_1600x900_5,1791061722.36,84620,164584
enc_1600x900_5,1791061722.46,84620,164584
enc_1600x900_5,1791061722.56,85144,165328
enc_1600x900_5,1791061722.66,85144,165328
enc_1600x900_5,1791061722.76,85144,165328
enc_1600x900_5,1791061722.86,82408,161528
enc_1600x900_5,1791061722.96,79368,157576
enc_1600x900_5,1791061723.06,79368,157576
enc_1600x900_5,1791061723.17,79368,157576
enc_1600x900_5,1791061723.27,90768,173232
enc_1600x900_5,1791061723.37,90768,173232
enc_1600x900_5,1791061723.47,88336,169508
enc_1600x900_5,1791061723.57,85564,165824
enc_1600x900_5,1791061723.67,85564,165748
enc_1600x900_5,1791061723.77,85600,165720
enc_1600x900_5,1791061723.87,85600,165720
enc_1600x900_5,1791061723.97,85600,165720
enc_1600x900_5,1791061724.08,85600,165720
enc_1600x900_5,1791061724.18,85600,165720
enc_1600x900_5,1791061724.28,85600,165720
enc_1600x900_5,1791061724.38,84156,163896
enc_1600x900_5,1791061724.48,79672,157968
enc_1600x900_5,1791061724.58,79672,157984
enc_1600x900_5,1791061724.68,79672,158024
enc_1600x900_5,1791061724.78,79672,158024
enc_1600x900_5,1791061724.88,91620,173616
enc_1600x900_5,1791061724.99,91620,173616
enc_1600x900_5,1791061725.09,88580,169816
enc_1600x900_5,1791061725.19,85692,165940
enc_1600x900_5,1791061725.29,85692,165940
enc_1600x900_5,1791061725.39,85692,165940
enc_1600x900_5,1791061725.49,85692,165940
enc_1600x900_5,1791061725.59,85800,166028
enc_1600x900_5,1791061725.69,85800,166076
enc_1600x900_5,1791061725.79,85800,166076
enc_1600x900_5,1791061725.90,85800,166076
enc_1600x900_5,1791061726.00,82912,162276
enc_1600x900_5,1791061726.10,79948,158324
enc_1600x900_5,1791061726.20,79948,158324
enc_1600x900_5,1791061726.30,79948,158324
enc_1600x900_5,1791061726.40,88992,170484
enc_1600x900_5,1791061726.50,95048,178620
idle,1791061726.60,102844,198424
idle,1791061726.70,102896,198504
idle,1791061726.81,102944,198520
idle,1791061726.91,102944,198592
idle,1791061727.01,102944,198592
idle,1791061727.11,102944,198592
idle,1791061727.21,102944,198592
idle,1791061727.31,102944,198592
idle,1791061727.41,102944,198592
idle,1791061727.51,102944,198592
idle,1791061727.61,103676,199540
idle,1791061727.71,103676,199540
idle,1791061727.81,103676,199540
idle,1791061727.91,103676,199540
idle,1791061728.01,103676,199540
idle,1791061728.12,103676,199540
idle,1791061728.22,103676,199540
idle,1791061728.32,103676,199540
idle,1791061728.42,103676,199540
idle,1791061728.52,103676,199540
idle,1791061728.62,104656,200824
idle,1791061728.72,104656,200824
enc_1600x900_6,1791061728.82,104732,200824
enc_1600x900_6,1791061728.92,104740,199940
enc_1600x900_6,1791061729.02,104740,196976
enc_1600x900_6,1791061729.12,104740,196596
enc_1600x900_6,1791061729.23,104740,194620
enc_1600x900_6,1791061729.33,104588,191656
enc_1600x900_6,1791061729.43,103220,189756
enc_1600x900_6,1791061729.53,103220,189756
enc_1600x900_6,1791061729.63,101092,186964
enc_1600x900_6,1791061729.73,92200,175108
enc_1600x900_6,1791061729.83,89312,171252
enc_1600x900_6,1791061729.93,83308,163272
enc_1600x900_6,1791061730.03,83080,162968
enc_1600x900_6,1791061730.14,83080,162968
enc_1600x900_6,1791061730.24,83080,162968
enc_1600x900_6,1791061730.34,83080,162968
enc_1600x900_6,1791061730.44,83080,162968
enc_1600x900_6,1791061730.54,83080,162900
enc_1600x900_6,1791061730.64,83792,163904
enc_1600x900_6,1791061730.74,83792,163904
enc_1600x900_6,1791061730.84,83792,163904
enc_1600x900_6,1791061730.94,80980,160104
enc_1600x900_6,1791061731.05,78016,156152
enc_1600x900_6,1791061731.15,78016,156152
enc_1600x900_6,1791061731.25,78016,156152
enc_1600x900_6,1791061731.35,87944,169460
enc_1600x900_6,1791061731.45,88064,169460
enc_1600x900_6,1791061731.55,86584,167600
enc_1600x900_6,1791061731.65,84276,164576
enc_1600x900_6,1791061731.75,84276,164576
enc_1600x900_6,1791061731.85,84276,164576
enc_1600x900_6,1791061731.95,84324,164576
enc_1600x900_6,1791061732.06,84324,164576
enc_1600x900_6,1791061732.16,84324,164576
enc_1600x900_6,1791061732.26,84324,164576
enc_1600x900_6,1791061732.36,84324,164576
enc_1600x900_6,1791061732.46,84020,164196
enc_1600x900_6,1791061732.56,78460,156736
enc_1600x900_6,1791061732.66,78904,157416
enc_1600x900_6,1791061732.76,78904,157416
enc_1600x900_6,1791061732.86,78904,157416
enc_1600x900_6,1791061732.97,87644,168968
enc_1600x900_6,1791061733.07,82444,162120
enc_1600x900_6,1791061733.17,78796,157256
enc_1600x900_6,1791061733.27,78796,157256
enc_1600x900_6,1791061733.37,78796,157256
enc_1600x900_6,1791061733.47,78796,157256
enc_1600x900_6,1791061733.57,78796,157256
enc_1600x900_6,1791061733.67,79780,158636
enc_1600x900_6,1791061733.77,79784,158572
enc_1600x900_6,1791061733.87,79784,158572
enc_1600x900_6,1791061733.98,79784,158572
enc_1600x900_6,1791061734.08,78416,156748
enc_1600x900_6,1791061734.18,74008,150820
enc_1600x900_6,1791061734.28,74008,150820
enc_1600x900_6,1791061734.38,74008,150820
enc_1600x900_6,1791061734.48,74008,150820
enc_1600x900_6,1791061734.58,86252,169624
enc_1600x900_6,1791061734.68,86252,168712
enc_1600x900_6,1791061734.79,82300,161948
enc_1600x900_6,1791061734.89,82300,161948
enc_1600x900_6,1791061734.99,82300,161948
enc_1600x900_6,1791061735.09,82300,161948
enc_1600x900_6,1791061735.19,82300,161948
enc_1600x900_6,1791061735.29,82300,161948
enc_1600x900_6,1791061735.39,82300,161948
enc_1600x900_6,1791061735.49,82300,161948
enc_1600x900_6,1791061735.59,82300,161888
enc_1600x900_6,1791061735.69,79488,158088
enc_1600x900_6,1791061735.80,76448,154136
enc_1600x900_6,1791061735.90,76448,154136
enc_1600x900_6,1791061736.00,76448,154136
enc_1600x900_6,1791061736.10,91952,175264
enc_1600x900_6,1791061736.20,95568,180088
idle,1791061736.30,102332,198024
idle,1791061736.40,102332,197264
idle,1791061736.50,102364,197068
idle,1791061736.60,102364,197056
idle,1791061736.70,102364,197056
idle,1791061736.80,102364,197056
idle,1791061736.91,102364,197056
idle,1791061737.01,102364,197056
idle,1791061737.11,102364,197056
idle,1791061737.21,102364,197056
idle,1791061737.31,102364,197056
idle,1791061737.41,102364,197056
idle,1791061737.51,102364,197056
idle,1791061737.61,102364,197056
idle,1791061737.71,102364,197056
idle,1791061737.81,102364,197056
idle,1791061737.91,102364,197056
idle,1791061738.01,102364,197056
idle,1791061738.11,102364,197056
idle,1791061738.22,102364,197056
idle,1791061738.32,102364,197056
idle,1791061738.42,103876,200900
enc_1600x900_7,1791061738.52,103876,200672
enc_1600x900_7,1791061738.62,104252,197864
enc_1600x900_7,1791061738.72,104252,197844
enc_1600x900_7,1791061738.82,104428,196076
enc_1600x900_7,1791061738.92,104428,192656
enc_1600x900_7,1791061739.02,104428,192656
enc_1600x900_7,1791061739.12,103896,190756
enc_1600x900_7,1791061739.23,102832,189312
enc_1600x900_7,1791061739.33,98348,183308
enc_1600x900_7,1791061739.43,92420,175404
enc_1600x900_7,1791061739.53,89568,171564
enc_1600x900_7,1791061739.63,84096,164420
enc_1600x900_7,1791061739.73,83600,163620
enc_1600x900_7,1791061739.83,83600,163620
enc_1600x900_7,1791061739.93,83600,163620
enc_1600x900_7,1791061740.03,83600,163620
enc_1600x900_7,1791061740.13,83600,163620
enc_1600x900_7,1791061740.24,83600,163620
enc_1600x900_7,1791061740.34,83600,163620
enc_1600x900_7,1791061740.44,83600,163620
enc_1600x900_7,1791061740.54,82168,161732
enc_1600x900_7,1791061740.64,78292,156640
enc_1600x900_7,1791061740.74,78364,156680
enc_1600x900_7,1791061740.84,78364,156680
enc_1600x900_7,1791061740.94,78412,156680
enc_1600x900_7,1791061741.04,86628,168760
enc_1600x900_7,1791061741.15,86628,168760
enc_1600x900_7,1791061741.25,86628,167924
enc_1600x900_7,1791061741.35,83892,164048
enc_1600x900_7,1791061741.45,83892,164048
enc_1600x900_7,1791061741.55,83892,164048
enc_1600x900_7,1791061741.65,84452,164816
enc_1600x900_7,1791061741.75,84452,164816
enc_1600x900_7,1791061741.85,84452,164816
enc_1600x900_7,1791061741.95,84452,164816
enc_1600x900_7,1791061742.05,84452,164816
enc_1600x900_7,1791061742.16,83084,162992
enc_1600x900_7,1791061742.26,78676,157064
enc_1600x900_7,1791061742.36,78676,157064
enc_1600x900_7,1791061742.46,78676,157064
enc_1600x900_7,1791061742.56,78616,157004
enc_1600x900_7,1791061742.66,88184,171844
enc_1600x900_7,1791061742.76,86892,168044
enc_1600x900_7,1791061742.86,84004,164168
enc_1600x900_7,1791061742.96,84004,164168
enc_1600x900_7,1791061743.06,84004,164168
enc_1600x900_7,1791061743.17,84004,164168
enc_1600x900_7,1791061743.27,84004,164168
enc_1600x900_7,1791061743.37,84096,164168
enc_1600x900_7,1791061743.47,84096,164168
enc_1600x900_7,1791061743.57,84092,164164
enc_1600x900_7,1791061743.67,84316,164520
enc_1600x900_7,1791061743.77,82660,162392
enc_1600x900_7,1791061743.87,78176,156416
enc_1600x900_7,1791061743.97,78176,156416
enc_1600x900_7,1791061744.08,78176,156416
enc_1600x900_7,1791061744.18,89196,171768
enc_1600x900_7,1791061744.28,86712,167816
enc_1600x900_7,1791061744.38,80784,159912
enc_1600x900_7,1791061744.48,80100,159000
enc_1600x900_7,1791061744.58,80100,159220
enc_1600x900_7,1791061744.68,80100,159220
enc_1600x900_7,1791061744.78,80180,159344
enc_1600x900_7,1791061744.88,80180,159344
enc_1600x900_7,1791061744.99,80180,159344
enc_1600x900_7,1791061745.09,80180,159344
enc_1600x900_7,1791061745.19,80180,159344
enc_1600x900_7,1791061745.29,80104,159040
enc_1600x900_7,1791061745.39,77520,155544
enc_1600x900_7,1791061745.49,74556,151592
enc_1600x900_7,1791061745.59,75256,152976
enc_1600x900_7,1791061745.69,75256,152984
enc_1600x900_7,1791061745.79,91532,176080
enc_1600x900_7,1791061745.90,91532,176080
idle,1791061746.00,99512,196752
idle,1791061746.10,99512,196752
idle,1791061746.20,99512,196600
idle,1791061746.30,99512,196600
idle,1791061746.40,99512,196600
idle,1791061746.50,99512,196600
idle,1791061746.60,99512,196600
idle,1791061746.70,101372,199432
idle,1791061746.80,101372,199432
idle,1791061746.90,101372,199432
idle,1791061747.00,101372,199432
idle,1791061747.10,101372,199432
idle,1791061747.21,101372,199432
idle,1791061747.31,101372,199432
idle,1791061747.41,101372,199432
idle,1791061747.51,101372,199432
idle,1791061747.61,101372,199432
idle,1791061747.71,103000,201672
idle,1791061747.81,103000,201672
idle,1791061747.91,103000,201672
idle,1791061748.01,103000,201672
idle,1791061748.11,103000,201672
enc_1600x900_8,1791061748.21,103080,201368
enc_1600x900_8,1791061748.31,103080,201368
enc_1600x900_8,1791061748.42,103080,201368
enc_1600x900_8,1791061748.52,103080,200456
enc_1600x900_8,1791061748.62,103676,199604
enc_1600x900_8,1791061748.72,103676,197608
enc_1600x900_8,1791061748.82,103676,195708
enc_1600x900_8,1791061748.92,103676,194188
enc_1600x900_8,1791061749.02,99116,184308
enc_1600x900_8,1791061749.12,93208,176500
enc_1600x900_8,1791061749.22,87280,168520
enc_1600x900_8,1791061749.33,84392,164720
enc_1600x900_8,1791061749.43,84392,164720
enc_1600x900_8,1791061749.53,84392,164720
enc_1600x900_8,1791061749.63,84904,165432
enc_1600x900_8,1791061749.73,84904,165432
enc_1600x900_8,1791061749.83,84904,165432
enc_1600x900_8,1791061749.93,84904,165432
enc_1600x900_8,1791061750.03,84904,165432
enc_1600x900_8,1791061750.13,84904,165432
enc_1600x900_8,1791061750.24,82092,161632
enc_1600x900_8,1791061750.34,79128,157680
enc_1600x900_8,1791061750.44,79128,157680
enc_1600x900_8,1791061750.54,79128,157680
enc_1600x900_8,1791061750.64,91796,174920
enc_1600x900_8,1791061750.74,92024,175156
enc_1600x900_8,1791061750.84,86400,167404
enc_1600x900_8,1791061750.94,84956,165504
enc_1600x900_8,1791061751.04,84956,165504
enc_1600x900_8,1791061751.14,84956,165428
enc_1600x900_8,1791061751.25,84956,165428
enc_1600x900_8,1791061751.35,84956,165428
enc_1600x900_8,1791061751.45,84956,165428
enc_1600x900_8,1791061751.55,84956,165388
enc_1600x900_8,1791061751.65,84956,165412
enc_1600x900_8,1791061751.75,84956,165412
enc_1600x900_8,1791061751.85,82068,161612
enc_1600x900_8,1791061751.95,79104,157660
enc_1600x900_8,1791061752.05,79104,157660
enc_1600x900_8,1791061752.16,79104,157660
enc_1600x900_8,1791061752.26,90972,173488
enc_1600x900_8,1791061752.36,90972,173488
enc_1600x900_8,1791061752.46,88084,169688
enc_1600x900_8,1791061752.56,85184,165800
enc_1600x900_8,1791061752.66,85184,165800
enc_1600x900_8,1791061752.76,85184,165800
enc_1600x900_8,1791061752.86,85184,165800
enc_1600x900_8,1791061752.96,85184,165800
enc_1600x900_8,1791061753.06,85184,165800
enc_1600x900_8,1791061753.17,85184,165800
enc_1600x900_8,1791061753.27,85184,165800
enc_1600x900_8,1791061753.37,85184,165800
enc_1600x900_8,1791061753.47,82296,162000
enc_1600x900_8,1791061753.57,79332,157988
enc_1600x900_8,1791061753.67,79332,157988
enc_1600x900_8,1791061753.77,79332,157912
enc_1600x900_8,1791061753.87,91872,175024
enc_1600x900_8,1791061753.97,91872,175024
enc_1600x900_8,1791061754.08,86248,167272
enc_1600x900_8,1791061754.18,84880,165448
enc_1600x900_8,1791061754.28,84880,165448
enc_1600x900_8,1791061754.38,84880,165448
enc_1600x900_8,1791061754.48,84880,165448
enc_1600x900_8,1791061754.58,84832,165412
enc_1600x900_8,1791061754.68,84832,165412
enc_1600x900_8,1791061754.78,84832,165412
enc_1600x900_8,1791061754.88,84832,165412
enc_1600x900_8,1791061754.98,83464,163588
enc_1600x900_8,1791061755.09,78980,157660
enc_1600x900_8,1791061755.19,78980,157660
enc_1600x900_8,1791061755.29,78980,157660
enc_1600x900_8,1791061755.39,78980,157660
enc_1600x900_8,1791061755.49,92728,178712
enc_1600x900_8,1791061755.59,92728,178976
idle,1791061755.69,102180,200316
idle,1791061755.79,102180,200316
idle,1791061755.89,102256,200144
idle,1791061755.99,102256,200144
idle,1791061756.10,102256,200144
idle,1791061756.20,102256,200144
idle,1791061756.30,102256,200144
idle,1791061756.40,102256,200144
idle,1791061756.50,102256,200144
idle,1791061756.60,103216,201612
idle,1791061756.70,103216,201612
idle,1791061756.80,103216,201612
idle,1791061756.90,103216,201612
idle,1791061757.00,103216,201612
idle,1791061757.10,103216,201612
idle,1791061757.20,103216,201612
idle,1791061757.30,103216,201612
idle,1791061757.41,103216,201612
idle,1791061757.51,103216,201612
idle,1791061757.61,104196,202896
idle,1791061757.71,104196,202896
enc_1600x900_9,1791061757.81,104348,202896
enc_1600x900_9,1791061757.91,104392,201128
enc_1600x900_9,1791061758.01,104392,195200
enc_1600x900_9,1791061758.11,104392,195200
enc_1600x900_9,1791061758.21,104392,195200
enc_1600x900_9,1791061758.31,104392,192920
enc_1600x900_9,1791061758.42,104088,191096
enc_1600x900_9,1791061758.52,103328,190108
enc_1600x900_9,1791061758.62,100744,186612
enc_1600x900_9,1791061758.72,92564,175768
enc_1600x900_9,1791061758.82,89584,171800
enc_1600x900_9,1791061758.92,83656,163896
enc_1600x900_9,1791061759.02,82212,161996
enc_1600x900_9,1791061759.12,82212,161996
enc_1600x900_9,1791061759.22,82212,161996
enc_1600x900_9,1791061759.32,82212,161996
enc_1600x900_9,1791061759.43,82212,161996
enc_1600x900_9,1791061759.53,82212,161996
enc_1600x900_9,1791061759.63,82212,161988
enc_1600x900_9,1791061759.73,82980,162984
enc_1600x900_9,1791061759.83,82980,162984
enc_1600x900_9,1791061759.93,80092,159184
enc_1600x900_9,1791061760.03,77128,155232
enc_1600x900_9,1791061760.13,77128,155232
enc_1600x900_9,1791061760.23,77128,155232
enc_1600x900_9,1791061760.33,88528,170204
enc_1600x900_9,1791061760.44,87732,169296
enc_1600x900_9,1791061760.54,82488,162380
enc_1600x900_9,1791061760.64,79676,158548
enc_1600x900_9,1791061760.74,79676,158548
enc_1600x900_9,1791061760.84,79676,158548
enc_1600x900_9,1791061760.94,79676,158548
enc_1600x900_9,1791061761.04,79676,158548
enc_1600x900_9,1791061761.14,79676,158548
enc_1600x900_9,1791061761.24,79676,158548
enc_1600x900_9,1791061761.35,79676,158548
enc_1600x900_9,1791061761.45,79676,158548
enc_1600x900_9,1791061761.55,76788,154672
enc_1600x900_9,1791061761.65,73812,150708
enc_1600x900_9,1791061761.75,73892,151028
enc_1600x900_9,1791061761.85,73892,151028
enc_1600x900_9,1791061761.95,86644,167904
enc_1600x900_9,1791061762.05,86644,167904
enc_1600x900_9,1791061762.16,86656,167948
enc_1600x900_9,1791061762.26,83768,164072
enc_1600x900_9,1791061762.36,83768,164072
enc_1600x900_9,1791061762.46,83768,164072
enc_1600x900_9,1791061762.56,83756,164060
enc_1600x900_9,1791061762.66,83756,164060
enc_1600x900_9,1791061762.76,83756,164060
enc_1600x900_9,1791061762.86,83756,164060
enc_1600x900_9,1791061762.96,83756,164060
enc_1600x900_9,1791061763.06,83528,163756
enc_1600x900_9,1791061763.17,77980,156308
enc_1600x900_9,1791061763.27,77980,156308
enc_1600x900_9,1791061763.37,77980,156308
enc_1600x900_9,1791061763.47,77980,156308
enc_1600x900_9,1791061763.57,87852,169692
enc_1600x900_9,1791061763.67,88024,169660
enc_1600x900_9,1791061763.77,84984,165708
enc_1600x900_9,1791061763.87,82096,161756
enc_1600x900_9,1791061763.97,82096,161756
enc_1600x900_9,1791061764.08,82096,161756
enc_1600x900_9,1791061764.18,82096,161756
enc_1600x900_9,1791061764.28,82096,161756
enc_1600x900_9,1791061764.38,82096,161756
enc_1600x900_9,1791061764.48,82096,161756
enc_1600x900_9,1791061764.58,82096,161708
enc_1600x900_9,1791061764.68,79132,157908
enc_1600x900_9,1791061764.78,76244,153956
enc_1600x900_9,1791061764.88,76244,153956
enc_1600x900_9,1791061764.99,76244,153956
enc_1600x900_9,1791061765.09,85288,167408
enc_1600x900_9,1791061765.19,91332,175444
idle,1791061765.29,98552,194444
idle,1791061765.39,98584,194480
idle,1791061765.49,98584,194480
idle,1791061765.59,98696,194680
idle,1791061765.69,98696,194680
idle,1791061765.79,98696,194680
idle,1791061765.89,98696,194680
idle,1791061765.99,98696,194680
idle,1791061766.10,98696,194680
idle,1791061766.20,98696,194680
idle,1791061766.30,98696,194680
idle,1791061766.40,98696,194680
idle,1791061766.50,98696,194680
idle,1791061766.60,100704,197648
idle,1791061766.70,100704,197648
idle,1791061766.80,100704,197648
idle,1791061766.90,100704,197648
idle,1791061767.00,100804,197648
idle,1791061767.10,100804,197648
idle,1791061767.20,100804,197648
idle,1791061767.30,100804,197648
idle,1791061767.41,100804,197648
enc_1600x900_10,1791061767.51,100880,197724
enc_1600x900_10,1791061767.61,102044,197424
enc_1600x900_10,1791061767.71,102044,195448
enc_1600x900_10,1791061767.81,102044,195068
enc_1600x900_10,1791061767.91,102268,193268
enc_1600x900_10,1791061768.01,102268,190380
enc_1600x900_10,1791061768.11,102268,188936
enc_1600x900_10,1791061768.21,102040,188404
enc_1600x900_10,1791061768.32,99836,185440
enc_1600x900_10,1791061768.42,90792,173656
enc_1600x900_10,1791061768.52,90032,172832
enc_1600x900_10,1791061768.62,84860,165912
enc_1600x900_10,1791061768.72,82608,162944
enc_1600x900_10,1791061768.82,82728,162944
enc_1600x900_10,1791061768.92,82728,162944
enc_1600x900_10,1791061769.02,82728,162944
enc_1600x900_10,1791061769.12,82728,162944
enc_1600x900_10,1791061769.22,82728,162944
enc_1600x900_10,1791061769.33,82728,162944
enc_1600x900_10,1791061769.43,82728,162944
enc_1600x900_10,1791061769.53,81968,162032
enc_1600x900_10,1791061769.63,80240,159816
enc_1600x900_10,1791061769.73,77320,155864
enc_1600x900_10,1791061769.83,77320,155864
enc_1600x900_10,1791061769.93,77320,155864
enc_1600x900_10,1791061770.03,87512,169284
enc_1600x900_10,1791061770.13,87512,169284
enc_1600x900_10,1791061770.24,84244,165104
enc_1600x900_10,1791061770.34,84244,165104
enc_1600x900_10,1791061770.44,84244,165104
enc_1600x900_10,1791061770.54,84244,165104
enc_1600x900_10,1791061770.64,84624,165692
enc_1600x900_10,1791061770.74,84624,165692
enc_1600x900_10,1791061770.84,84624,165692
enc_1600x900_10,1791061770.94,84624,165692
enc_1600x900_10,1791061771.04,84624,165692
enc_1600x900_10,1791061771.14,81812,161892
enc_1600x900_10,1791061771.25,78848,157940
enc_1600x900_10,1791061771.35,78848,157940
enc_1600x900_10,1791061771.45,78848,157940
enc_1600x900_10,1791061771.55,88448,170896
enc_1600x900_10,1791061771.65,88792,171400
enc_1600x900_10,1791061771.75,87576,169576
enc_1600x900_10,1791061771.85,84688,165700
enc_1600x900_10,1791061771.95,84688,165700
enc_1600x900_10,1791061772.05,84688,165700
enc_1600x900_10,1791061772.15,84688,165700
enc_1600x900_10,1791061772.26,84688,165700
enc_1600x900_10,1791061772.36,84688,165700
enc_1600x900_10,1791061772.46,84688,165700
enc_1600x900_10,1791061772.56,84684,165696
enc_1600x900_10,1791061772.66,84608,165620
enc_1600x900_10,1791061772.76,81796,161896
enc_1600x900_10,1791061772.86,78908,157944
enc_1600x900_10,1791061772.96,78908,157944
enc_1600x900_10,1791061773.06,78908,157944
enc_1600x900_10,1791061773.17,90536,173600
enc_1600x900_10,1791061773.27,90536,173552
enc_1600x900_10,1791061773.37,87724,169752
enc_1600x900_10,1791061773.47,84836,165876
enc_1600x900_10,1791061773.57,84824,165864
enc_1600x900_10,1791061773.67,84824,165864
enc_1600x900_10,1791061773.77,84824,165864
enc_1600x900_10,1791061773.87,84824,165788
enc_1600x900_10,1791061773.97,84824,165740
enc_1600x900_10,1791061774.07,84824,165740
enc_1600x900_10,1791061774.18,84824,165740
enc_1600x900_10,1791061774.28,83304,163916
enc_1600x900_10,1791061774.38,78896,157988
enc_1600x900_10,1791061774.48,78896,157988
enc_1600x900_10,1791061774.58,78836,157928
enc_1600x900_10,1791061774.68,78836,157928
enc_1600x900_10,1791061774.78,96416,181136
enc_1600x900_10,1791061774.88,96720,181516
idle,1791061774.98,103224,200896
idle,1791061775.08,103224,199984
idle,1791061775.19,103224,199984
idle,1791061775.29,103224,199984
idle,1791061775.39,103224,199984
idle,1791061775.49,103224,199984
idle,1791061775.59,103224,199912
idle,1791061775.69,103224,199912
idle,1791061775.79,103224,199912
idle,1791061775.89,103224,199912
idle,1791061775.99,103224,199912
idle,1791061776.09,103224,199912
idle,1791061776.19,103224,199912
idle,1791061776.29,103224,199912
idle,1791061776.39,103224,199912
idle,1791061776.50,103224,199912
idle,1791061776.60,103584,200736
idle,1791061776.70,103584,200736
idle,1791061776.80,103584,200736
idle,1791061776.90,103584,200736
idle,1791061777.00,103584,200736
enc_2304x1296_1,1791061777.10,103660,200508
enc_2304x1296_1,1791061777.20,103708,198608
enc_2304x1296_1,1791061777.30,103708,196632
enc_2304x1296_1,1791061777.40,103708,195036
enc_2304x1296_1,1791061777.50,103708,193516
enc_2304x1296_1,1791061777.61,103924,191496
enc_2304x1296_1,1791061777.71,103392,190660
enc_2304x1296_1,1791061777.81,102252,189140
enc_2304x1296_1,1791061777.91,100048,186176
enc_2304x1296_1,1791061778.01,91156,174320
enc_2304x1296_1,1791061778.11,82188,162388
enc_2304x1296_1,1791061778.21,79248,158420
enc_2304x1296_1,1791061778.31,76208,154468
enc_2304x1296_1,1791061778.41,73320,150516
enc_2304x1296_1,1791061778.52,67316,142536
enc_2304x1296_1,1791061778.62,67068,142212
enc_2304x1296_1,1791061778.72,62096,135608
enc_2304x1296_1,1791061778.82,62096,135608
enc_2304x1296_1,1791061778.92,62096,135608
enc_2304x1296_1,1791061779.02,62096,135608
enc_2304x1296_1,1791061779.12,62096,135608
enc_2304x1296_1,1791061779.22,62096,135608
enc_2304x1296_1,1791061779.32,62096,135608
enc_2304x1296_1,1791061779.43,62096,135608
enc_2304x1296_1,1791061779.53,62096,135608
enc_2304x1296_1,1791061779.63,62036,135548
enc_2304x1296_1,1791061779.73,62620,136412
enc_2304x1296_1,1791061779.83,62620,136412
enc_2304x1296_1,1791061779.93,62620,136412
enc_2304x1296_1,1791061780.03,62620,136412
enc_2304x1296_1,1791061780.13,62620,136412
enc_2304x1296_1,1791061780.23,62620,136412
enc_2304x1296_1,1791061780.33,62620,136412
enc_2304x1296_1,1791061780.44,64444,138540
enc_2304x1296_1,1791061780.54,72072,134936
enc_2304x1296_1,1791061780.64,70188,131644
enc_2304x1296_1,1791061780.74,70416,131312
enc_2304x1296_1,1791061780.84,70416,131312
enc_2304x1296_1,1791061780.94,70416,131312
enc_2304x1296_1,1791061781.04,70416,131312
enc_2304x1296_1,1791061781.14,70416,131312
enc_2304x1296_1,1791061781.24,98688,169844
enc_2304x1296_1,1791061781.35,94224,161852
enc_2304x1296_1,1791061781.45,88220,153872
enc_2304x1296_1,1791061781.55,85180,149920
enc_2304x1296_1,1791061781.65,79288,141992
enc_2304x1296_1,1791061781.75,79288,141992
enc_2304x1296_1,1791061781.85,73436,134164
enc_2304x1296_1,1791061781.95,73436,134164
enc_2304x1296_1,1791061782.05,73436,134164
enc_2304x1296_1,1791061782.15,73436,134164
enc_2304x1296_1,1791061782.26,73436,134164
enc_2304x1296_1,1791061782.36,73436,134164
enc_2304x1296_1,1791061782.46,73436,134164
enc_2304x1296_1,1791061782.56,73436,134164
enc_2304x1296_1,1791061782.66,73436,134164
enc_2304x1296_1,1791061782.76,73436,134164
enc_2304x1296_1,1791061782.86,73436,134164
enc_2304x1296_1,1791061782.96,73436,134164
enc_2304x1296_1,1791061783.06,73436,134164
enc_2304x1296_1,1791061783.16,73436,134164
enc_2304x1296_1,1791061783.26,73436,134164
enc_2304x1296_1,1791061783.37,73436,134164
enc_2304x1296_1,1791061783.47,73436,134164
enc_2304x1296_1,1791061783.57,73436,134164
enc_2304x1296_1,1791061783.67,70548,130364
enc_2304x1296_1,1791061783.77,68332,127412
enc_2304x1296_1,1791061783.87,65292,123308
enc_2304x1296_1,1791061783.97,67508,126172
enc_2304x1296_1,1791061784.07,67508,126172
enc_2304x1296_1,1791061784.18,67508,126172
enc_2304x1296_1,1791061784.28,67508,126172
enc_2304x1296_1,1791061784.38,67508,126172
enc_2304x1296_1,1791061784.48,99556,170896
enc_2304x1296_1,1791061784.58,92048,159140
enc_2304x1296_1,1791061784.68,92048,159208
enc_2304x1296_1,1791061784.78,83232,147352
enc_2304x1296_1,1791061784.88,83232,147352
enc_2304x1296_1,1791061784.98,74340,135572
enc_2304x1296_1,1791061785.08,74340,135572
enc_2304x1296_1,1791061785.19,74340,135572
enc_2304x1296_1,1791061785.29,74340,135572
enc_2304x1296_1,1791061785.39,74340,135572
enc_2304x1296_1,1791061785.49,74340,135572
enc_2304x1296_1,1791061785.59,74276,135508
enc_2304x1296_1,1791061785.69,74276,135508
enc_2304x1296_1,1791061785.79,74276,135508
enc_2304x1296_1,1791061785.89,74276,135508
enc_2304x1296_1,1791061785.99,74276,135508
enc_2304x1296_1,1791061786.09,74276,135508
enc_2304x1296_1,1791061786.20,74276,135508
enc_2304x1296_1,1791061786.30,74276,135508
enc_2304x1296_1,1791061786.40,74276,135508
enc_2304x1296_1,1791061786.50,74276,135508
enc_2304x1296_1,1791061786.60,74276,135508
enc_2304x1296_1,1791061786.70,74276,135508
enc_2304x1296_1,1791061786.80,72908,133608
enc_2304x1296_1,1791061786.90,68424,129276
enc_2304x1296_1,1791061787.00,68424,129656
enc_2304x1296_1,1791061787.11,68424,129656
enc_2304x1296_1,1791061787.21,68424,129656
enc_2304x1296_1,1791061787.31,68424,129656
enc_2304x1296_1,1791061787.41,68424,129656
enc_2304x1296_1,1791061787.51,68424,129656
enc_2304x1296_1,1791061787.61,99208,172584
enc_2304x1296_1,1791061787.71,93144,165140
enc_2304x1296_1,1791061787.81,93144,165140
enc_2304x1296_1,1791061787.92,85924,153284
enc_2304x1296_1,1791061788.02,85924,153284
enc_2304x1296_1,1791061788.12,77108,141504
enc_2304x1296_1,1791061788.22,77108,141504
enc_2304x1296_1,1791061788.32,77108,141504
enc_2304x1296_1,1791061788.42,77108,141504
enc_2304x1296_1,1791061788.52,77060,141456
enc_2304x1296_1,1791061788.62,77060,141456
enc_2304x1296_1,1791061788.72,77060,141456
enc_2304x1296_1,1791061788.82,77060,141456
enc_2304x1296_1,1791061788.93,77060,141456
enc_2304x1296_1,1791061789.03,77060,141456
enc_2304x1296_1,1791061789.13,77060,141456
enc_2304x1296_1,1791061789.23,77060,141456
enc_2304x1296_1,1791061789.33,77060,141456
enc_2304x1296_1,1791061789.43,77060,141456
enc_2304x1296_1,1791061789.53,77060,141456
enc_2304x1296_1,1791061789.63,77060,141456
enc_2304x1296_1,1791061789.73,77060,141456
enc_2304x1296_1,1791061789.83,77060,141456
enc_2304x1296_1,1791061789.94,75692,139632
enc_2304x1296_1,1791061790.04,71284,133704
enc_2304x1296_1,1791061790.14,71284,133704
enc_2304x1296_1,1791061790.24,71284,133704
enc_2304x1296_1,1791061790.34,71284,133704
enc_2304x1296_1,1791061790.44,71284,133704
enc_2304x1296_1,1791061790.54,71224,133644
enc_2304x1296_1,1791061790.64,71224,133644
enc_2304x1296_1,1791061790.74,112776,193832
enc_2304x1296_1,1791061790.85,112776,193832
idle,1791061790.95,121060,213820
idle,1791061791.05,121060,212996
idle,1791061791.15,124024,219308
idle,1791061791.25,124024,219308
idle,1791061791.35,124024,219308
idle,1791061791.45,124024,219308
idle,1791061791.55,124024,219308
idle,1791061791.65,124060,219392
idle,1791061791.75,124060,219392
idle,1791061791.85,124060,219392
idle,1791061791.96,124060,219392
idle,1791061792.06,124060,219392
idle,1791061792.16,124060,219392
idle,1791061792.26,124060,219392
idle,1791061792.36,124060,219392
idle,1791061792.46,124060,219392
idle,1791061792.56,124060,219392
idle,1791061792.66,124060,219392
idle,1791061792.76,124060,219468
idle,1791061792.86,124060,219468
idle,1791061792.96,124060,219468
idle,1791061793.06,124060,219468
enc_2304x1296_2,1791061793.16,124060,217492
enc_2304x1296_2,1791061793.27,124060,213996
enc_2304x1296_2,1791061793.37,124060,210044
enc_2304x1296_2,1791061793.47,124060,210044
enc_2304x1296_2,1791061793.57,124060,208220
enc_2304x1296_2,1791061793.67,124060,206448
enc_2304x1296_2,1791061793.77,124060,206448
enc_2304x1296_2,1791061793.87,124060,206144
enc_2304x1296_2,1791061793.97,119804,198620
enc_2304x1296_2,1791061794.07,107796,182716
enc_2304x1296_2,1791061794.18,107416,182184
enc_2304x1296_2,1791061794.28,95256,166080
enc_2304x1296_2,1791061794.38,95256,166080
enc_2304x1296_2,1791061794.48,86440,154224
enc_2304x1296_2,1791061794.58,86384,154168
enc_2304x1296_2,1791061794.68,80532,146456
enc_2304x1296_2,1791061794.78,80532,146456
enc_2304x1296_2,1791061794.88,80532,146456
enc_2304x1296_2,1791061794.98,80532,146456
enc_2304x1296_2,1791061795.09,80532,146456
enc_2304x1296_2,1791061795.19,80532,146456
enc_2304x1296_2,1791061795.29,80532,146456
enc_2304x1296_2,1791061795.39,80532,146456
enc_2304x1296_2,1791061795.49,80532,146456
enc_2304x1296_2,1791061795.59,80532,146396
enc_2304x1296_2,1791061795.69,80532,146396
enc_2304x1296_2,1791061795.79,80532,146396
enc_2304x1296_2,1791061795.89,80532,146396
enc_2304x1296_2,1791061795.99,80532,146396
enc_2304x1296_2,1791061796.09,80532,146396
enc_2304x1296_2,1791061796.20,80532,146396
enc_2304x1296_2,1791061796.30,80532,146396
enc_2304x1296_2,1791061796.40,80532,146396
enc_2304x1296_2,1791061796.50,77644,142596
enc_2304x1296_2,1791061796.60,74680,138600
enc_2304x1296_2,1791061796.70,71716,134648
enc_2304x1296_2,1791061796.80,71716,134648
enc_2304x1296_2,1791061796.90,71716,134648
enc_2304x1296_2,1791061797.00,71716,134648
enc_2304x1296_2,1791061797.11,71716,134648
enc_2304x1296_2,1791061797.21,71716,134648
enc_2304x1296_2,1791061797.31,105764,180068
enc_2304x1296_2,1791061797.41,96948,168288
enc_2304x1296_2,1791061797.51,96948,168288
enc_2304x1296_2,1791061797.61,87980,156376
enc_2304x1296_2,1791061797.71,87980,156376
enc_2304x1296_2,1791061797.81,82128,148548
enc_2304x1296_2,1791061797.92,82128,148548
enc_2304x1296_2,1791061798.02,82128,148548
enc_2304x1296_2,1791061798.12,82128,148548
enc_2304x1296_2,1791061798.22,82128,148548
enc_2304x1296_2,1791061798.32,82128,148548
enc_2304x1296_2,1791061798.42,82128,148548
enc_2304x1296_2,1791061798.52,82128,148548
enc_2304x1296_2,1791061798.62,82128,148540
enc_2304x1296_2,1791061798.72,82128,148540
enc_2304x1296_2,1791061798.82,82128,148540
enc_2304x1296_2,1791061798.93,82128,148540
enc_2304x1296_2,1791061799.03,82128,148540
enc_2304x1296_2,1791061799.13,82128,148540
enc_2304x1296_2,1791061799.23,82128,148540
enc_2304x1296_2,1791061799.33,82128,148540
enc_2304x1296_2,1791061799.43,82128,148540
enc_2304x1296_2,1791061799.53,82128,148540
enc_2304x1296_2,1791061799.63,79392,144828
enc_2304x1296_2,1791061799.73,76384,140876
enc_2304x1296_2,1791061799.84,73344,136848
enc_2304x1296_2,1791061799.94,73344,136848
enc_2304x1296_2,1791061800.04,73344,136848
enc_2304x1296_2,1791061800.14,73344,136848
enc_2304x1296_2,1791061800.24,73344,136848
enc_2304x1296_2,1791061800.34,73344,136848
enc_2304x1296_2,1791061800.44,104352,178212
enc_2304x1296_2,1791061800.54,96904,168240
enc_2304x1296_2,1791061800.64,93940,164288
enc_2304x1296_2,1791061800.75,88012,156384
enc_2304x1296_2,1791061800.85,88012,156384
enc_2304x1296_2,1791061800.95,82160,148556
enc_2304x1296_2,1791061801.05,82160,148556
enc_2304x1296_2,1791061801.15,82160,148556
enc_2304x1296_2,1791061801.25,82160,148556
enc_2304x1296_2,1791061801.35,82160,148556
enc_2304x1296_2,1791061801.45,82160,148556
enc_2304x1296_2,1791061801.55,82128,148524
enc_2304x1296_2,1791061801.66,82128,148524
enc_2304x1296_2,1791061801.76,82128,148524
enc_2304x1296_2,1791061801.86,82128,148524
enc_2304x1296_2,1791061801.96,82128,148524
enc_2304x1296_2,1791061802.06,82128,148524
enc_2304x1296_2,1791061802.16,82128,148524
enc_2304x1296_2,1791061802.26,82128,148524
enc_2304x1296_2,1791061802.36,82128,148524
enc_2304x1296_2,1791061802.46,82128,148524
enc_2304x1296_2,1791061802.56,82128,148524
enc_2304x1296_2,1791061802.67,82128,148524
enc_2304x1296_2,1791061802.77,76276,140772
enc_2304x1296_2,1791061802.87,73312,136744
enc_2304x1296_2,1791061802.97,73312,136744
enc_2304x1296_2,1791061803.07,73312,136744
enc_2304x1296_2,1791061803.17,73312,136744
enc_2304x1296_2,1791061803.27,73312,136744
enc_2304x1296_2,1791061803.37,73312,136744
enc_2304x1296_2,1791061803.47,73312,136744
enc_2304x1296_2,1791061803.57,102740,176012
enc_2304x1296_2,1791061803.68,96736,168032
enc_2304x1296_2,1791061803.78,96736,168032
enc_2304x1296_2,1791061803.88,87844,156176
enc_2304x1296_2,1791061803.98,87844,156176
enc_2304x1296_2,1791061804.08,81992,148272
enc_2304x1296_2,1791061804.18,81992,148272
enc_2304x1296_2,1791061804.28,81992,148272
enc_2304x1296_2,1791061804.38,81992,148272
enc_2304x1296_2,1791061804.48,81992,148272
enc_2304x1296_2,1791061804.59,81944,148224
enc_2304x1296_2,1791061804.69,81944,148176
enc_2304x1296_2,1791061804.79,81944,148080
enc_2304x1296_2,1791061804.89,81944,148080
enc_2304x1296_2,1791061804.99,81944,148080
enc_2304x1296_2,1791061805.09,81944,148080
enc_2304x1296_2,1791061805.19,81944,148080
enc_2304x1296_2,1791061805.29,81944,148080
enc_2304x1296_2,1791061805.39,81944,148080
enc_2304x1296_2,1791061805.49,81944,148080
enc_2304x1296_2,1791061805.60,81944,148080
enc_2304x1296_2,1791061805.70,81944,148080
enc_2304x1296_2,1791061805.80,81184,147244
enc_2304x1296_2,1791061805.90,78904,144280
enc_2304x1296_2,1791061806.00,76016,140328
enc_2304x1296_2,1791061806.10,76016,140328
enc_2304x1296_2,1791061806.20,76016,140328
enc_2304x1296_2,1791061806.30,76016,140328
enc_2304x1296_2,1791061806.40,76016,140328
enc_2304x1296_2,1791061806.50,76016,140328
enc_2304x1296_2,1791061806.61,112544,191532
enc_2304x1296_2,1791061806.71,112608,191584
idle,1791061806.81,117320,209596
idle,1791061806.91,117376,209656
idle,1791061807.01,117376,209580
idle,1791061807.11,117376,209580
idle,1791061807.21,117376,209580
idle,1791061807.31,117376,209580
idle,1791061807.41,117376,209580
idle,1791061807.51,117376,209580
idle,1791061807.61,117644,210628
idle,1791061807.72,117644,210628
idle,1791061807.82,117644,210628
idle,1791061807.92,117644,210628
idle,1791061808.02,117644,210628
idle,1791061808.12,117644,210628
idle,1791061808.22,117644,210628
idle,1791061808.32,117644,210628
idle,1791061808.42,117644,210628
idle,1791061808.52,117644,210628
idle,1791061808.62,118108,211896
idle,1791061808.72,118108,211896
idle,1791061808.82,118108,211896
idle,1791061808.92,118108,211896
enc_2304x1296_3,1791061809.03,118204,211668
enc_2304x1296_3,1791061809.13,118204,209844
enc_2304x1296_3,1791061809.23,118204,207868
enc_2304x1296_3,1791061809.33,118204,205968
enc_2304x1296_3,1791061809.43,118204,204524
enc_2304x1296_3,1791061809.53,118204,202548
enc_2304x1296_3,1791061809.63,118876,201744
enc_2304x1296_3,1791061809.73,118876,201212
enc_2304x1296_3,1791061809.83,116444,194296
enc_2304x1296_3,1791061809.94,104512,178412
enc_2304x1296_3,1791061810.04,104436,178336
enc_2304x1296_3,1791061810.14,95672,166616
enc_2304x1296_3,1791061810.24,95672,166616
enc_2304x1296_3,1791061810.34,86780,154760
enc_2304x1296_3,1791061810.44,86780,154760
enc_2304x1296_3,1791061810.54,77916,142932
enc_2304x1296_3,1791061810.64,78636,143916
enc_2304x1296_3,1791061810.74,78636,143792
enc_2304x1296_3,1791061810.84,78636,143792
enc_2304x1296_3,1791061810.95,78636,143792
enc_2304x1296_3,1791061811.05,78636,143792
enc_2304x1296_3,1791061811.15,78636,143792
enc_2304x1296_3,1791061811.25,78636,143792
enc_2304x1296_3,1791061811.35,78636,143792
enc_2304x1296_3,1791061811.45,78636,143792
enc_2304x1296_3,1791061811.55,78636,143792
enc_2304x1296_3,1791061811.65,79196,144616
enc_2304x1296_3,1791061811.75,79196,144616
enc_2304x1296_3,1791061811.85,79196,144616
enc_2304x1296_3,1791061811.96,79196,144616
enc_2304x1296_3,1791061812.06,79196,144616
enc_2304x1296_3,1791061812.16,79196,144616
enc_2304x1296_3,1791061812.26,79196,144616
enc_2304x1296_3,1791061812.36,79196,144616
enc_2304x1296_3,1791061812.46,76308,140816
enc_2304x1296_3,1791061812.56,73344,136804
enc_2304x1296_3,1791061812.66,73952,137572
enc_2304x1296_3,1791061812.76,73952,137572
enc_2304x1296_3,1791061812.87,73952,137572
enc_2304x1296_3,1791061812.97,73952,137572
enc_2304x1296_3,1791061813.07,73952,137572
enc_2304x1296_3,1791061813.17,105440,182812
enc_2304x1296_3,1791061813.27,95940,166972
enc_2304x1296_3,1791061813.37,95940,166972
enc_2304x1296_3,1791061813.47,86972,155040
enc_2304x1296_3,1791061813.57,87168,155396
enc_2304x1296_3,1791061813.67,81468,147644
enc_2304x1296_3,1791061813.78,81468,147644
enc_2304x1296_3,1791061813.88,81468,147644
enc_2304x1296_3,1791061813.98,81468,148632
enc_2304x1296_3,1791061814.08,81544,148680
enc_2304x1296_3,1791061814.18,81544,148680
enc_2304x1296_3,1791061814.28,81548,148728
enc_2304x1296_3,1791061814.38,81548,148728
enc_2304x1296_3,1791061814.48,81548,148728
enc_2304x1296_3,1791061814.58,81488,148720
enc_2304x1296_3,1791061814.68,81488,148720
enc_2304x1296_3,1791061814.79,81488,148720
enc_2304x1296_3,1791061814.89,81488,148720
enc_2304x1296_3,1791061814.99,81488,148720
enc_2304x1296_3,1791061815.09,81488,148720
enc_2304x1296_3,1791061815.19,81488,148720
enc_2304x1296_3,1791061815.29,81488,148720
enc_2304x1296_3,1791061815.39,81488,148720
enc_2304x1296_3,1791061815.49,78524,144920
enc_2304x1296_3,1791061815.59,75500,140908
enc_2304x1296_3,1791061815.69,72612,136956
enc_2304x1296_3,1791061815.80,72612,136956
enc_2304x1296_3,1791061815.90,72612,136956
enc_2304x1296_3,1791061816.00,72612,136956
enc_2304x1296_3,1791061816.10,72612,136956
enc_2304x1296_3,1791061816.20,72612,136956
enc_2304x1296_3,1791061816.30,103428,181304
enc_2304x1296_3,1791061816.40,97044,169576
enc_2304x1296_3,1791061816.50,97044,169576
enc_2304x1296_3,1791061816.60,88076,157688
enc_2304x1296_3,1791061816.71,88076,157688
enc_2304x1296_3,1791061816.81,79336,145984
enc_2304x1296_3,1791061816.91,79336,145984
enc_2304x1296_3,1791061817.01,79336,145984
enc_2304x1296_3,1791061817.11,79336,145984
enc_2304x1296_3,1791061817.21,79336,145984
enc_2304x1296_3,1791061817.31,79336,145984
enc_2304x1296_3,1791061817.41,79336,145984
enc_2304x1296_3,1791061817.51,79336,145984
enc_2304x1296_3,1791061817.61,79320,146016
enc_2304x1296_3,1791061817.72,79320,146016
enc_2304x1296_3,1791061817.82,79320,146016
enc_2304x1296_3,1791061817.92,79320,146016
enc_2304x1296_3,1791061818.02,79320,146016
enc_2304x1296_3,1791061818.12,79320,146016
enc_2304x1296_3,1791061818.22,79320,146016
enc_2304x1296_3,1791061818.32,79320,146016
enc_2304x1296_3,1791061818.42,79320,146016
enc_2304x1296_3,1791061818.52,79320,146016
enc_2304x1296_3,1791061818.62,78712,145180
enc_2304x1296_3,1791061818.73,76508,142216
enc_2304x1296_3,1791061818.83,73544,138264
enc_2304x1296_3,1791061818.93,73544,138264
enc_2304x1296_3,1791061819.03,73544,138264
enc_2304x1296_3,1791061819.13,73544,138264
enc_2304x1296_3,1791061819.23,73544,138264
enc_2304x1296_3,1791061819.33,73544,138264
enc_2304x1296_3,1791061819.43,105632,182564
enc_2304x1296_3,1791061819.53,96284,168640
enc_2304x1296_3,1791061819.64,96284,168640
enc_2304x1296_3,1791061819.74,87392,156784
enc_2304x1296_3,1791061819.84,87392,156784
enc_2304x1296_3,1791061819.94,81540,148956
enc_2304x1296_3,1791061820.04,81540,148956
enc_2304x1296_3,1791061820.14,81540,148956
enc_2304x1296_3,1791061820.24,81540,148956
enc_2304x1296_3,1791061820.34,81540,148956
enc_2304x1296_3,1791061820.44,81540,148956
enc_2304x1296_3,1791061820.54,81508,148924
enc_2304x1296_3,1791061820.65,81508,148924
enc_2304x1296_3,1791061820.75,81508,148924
enc_2304x1296_3,1791061820.85,81508,148924
enc_2304x1296_3,1791061820.95,81508,148924
enc_2304x1296_3,1791061821.05,81508,148924
enc_2304x1296_3,1791061821.15,81508,148924
enc_2304x1296_3,1791061821.25,81508,148924
enc_2304x1296_3,1791061821.35,81508,148924
enc_2304x1296_3,1791061821.45,81508,148924
enc_2304x1296_3,1791061821.55,81508,148924
enc_2304x1296_3,1791061821.66,80900,148088
enc_2304x1296_3,1791061821.76,75732,141172
enc_2304x1296_3,1791061821.86,75732,141172
enc_2304x1296_3,1791061821.96,72692,137144
enc_2304x1296_3,1791061822.06,72692,137144
enc_2304x1296_3,1791061822.16,72692,137144
enc_2304x1296_3,1791061822.26,72692,137144
enc_2304x1296_3,1791061822.36,72692,137144
enc_2304x1296_3,1791061822.46,72692,137144
enc_2304x1296_3,1791061822.57,112652,197504
enc_2304x1296_3,1791061822.67,112652,197504
idle,1791061822.77,119796,217340
idle,1791061822.87,119796,214300
idle,1791061822.97,119796,214288
idle,1791061823.07,119796,214288
idle,1791061823.17,119796,214288
idle,1791061823.27,119796,214288
idle,1791061823.37,119796,214288
idle,1791061823.47,119796,214288
idle,1791061823.58,119796,214304
idle,1791061823.68,119796,214304
idle,1791061823.78,119796,214304
idle,1791061823.88,119796,214304
idle,1791061823.98,119796,214304
idle,1791061824.08,119796,214304
idle,1791061824.18,119796,214304
idle,1791061824.28,119796,214304
idle,1791061824.38,119796,214304
idle,1791061824.48,119796,214304
idle,1791061824.58,119796,214304
idle,1791061824.68,119796,214304
idle,1791061824.78,119796,214304
idle,1791061824.88,119796,214304
enc_2304x1296_4,1791061824.99,119796,214304
enc_2304x1296_4,1791061825.09,119796,214000
enc_2304x1296_4,1791061825.19,119796,211644
enc_2304x1296_4,1791061825.29,119796,210656
enc_2304x1296_4,1791061825.39,119796,208148
enc_2304x1296_4,1791061825.49,119796,206248
enc_2304x1296_4,1791061825.59,119796,204768
enc_2304x1296_4,1791061825.69,119796,203324
enc_2304x1296_4,1791061825.79,114780,193368
enc_2304x1296_4,1791061825.90,105888,181512
enc_2304x1296_4,1791061826.00,105224,180620
enc_2304x1296_4,1791061826.10,97016,169676
enc_2304x1296_4,1791061826.20,94052,165724
enc_2304x1296_4,1791061826.30,88124,157820
enc_2304x1296_4,1791061826.40,88124,157820
enc_2304x1296_4,1791061826.50,79232,146040
enc_2304x1296_4,1791061826.60,79232,145992
enc_2304x1296_4,1791061826.70,79232,145992
enc_2304x1296_4,1791061826.81,79232,145992
enc_2304x1296_4,1791061826.91,79232,145992
enc_2304x1296_4,1791061827.01,79232,145992
enc_2304x1296_4,1791061827.11,79232,145992
enc_2304x1296_4,1791061827.21,79232,145992
enc_2304x1296_4,1791061827.31,79232,145992
enc_2304x1296_4,1791061827.41,79232,145992
enc_2304x1296_4,1791061827.51,79232,145992
enc_2304x1296_4,1791061827.61,79232,145992
enc_2304x1296_4,1791061827.71,79232,145992
enc_2304x1296_4,1791061827.82,79232,145992
enc_2304x1296_4,1791061827.92,79232,145992
enc_2304x1296_4,1791061828.02,79232,145992
enc_2304x1296_4,1791061828.12,79232,145992
enc_2304x1296_4,1791061828.22,79232,145992
enc_2304x1296_4,1791061828.32,77864,144168
enc_2304x1296_4,1791061828.42,73456,138240
enc_2304x1296_4,1791061828.52,73456,138240
enc_2304x1296_4,1791061828.62,73396,138180
enc_2304x1296_4,1791061828.73,73396,138180
enc_2304x1296_4,1791061828.83,73396,138180
enc_2304x1296_4,1791061828.93,73396,138180
enc_2304x1296_4,1791061829.03,73396,138180
enc_2304x1296_4,1791061829.13,103340,178156
enc_2304x1296_4,1791061829.23,97488,170252
enc_2304x1296_4,1791061829.33,94448,166224
enc_2304x1296_4,1791061829.43,85556,154368
enc_2304x1296_4,1791061829.53,85504,154316
enc_2304x1296_4,1791061829.64,79652,146564
enc_2304x1296_4,1791061829.74,79652,146564
enc_2304x1296_4,1791061829.84,79652,146564
enc_2304x1296_4,1791061829.94,79652,146564
enc_2304x1296_4,1791061830.04,79652,146564
enc_2304x1296_4,1791061830.14,79652,146564
enc_2304x1296_4,1791061830.24,79652,146564
enc_2304x1296_4,1791061830.34,79652,146564
enc_2304x1296_4,1791061830.44,79652,146564
enc_2304x1296_4,1791061830.54,79592,146504
enc_2304x1296_4,1791061830.65,79592,146504
enc_2304x1296_4,1791061830.75,79592,146504
enc_2304x1296_4,1791061830.85,79592,146504
enc_2304x1296_4,1791061830.95,79592,146504
enc_2304x1296_4,1791061831.05,79592,146504
enc_2304x1296_4,1791061831.15,79592,146504
enc_2304x1296_4,1791061831.25,79592,146504
enc_2304x1296_4,1791061831.35,79592,146504
enc_2304x1296_4,1791061831.45,76780,142704
enc_2304x1296_4,1791061831.55,73756,138692
enc_2304x1296_4,1791061831.66,73756,138692
enc_2304x1296_4,1791061831.76,73756,138692
enc_2304x1296_4,1791061831.86,73756,138692
enc_2304x1296_4,1791061831.96,73756,138692
enc_2304x1296_4,1791061832.06,73756,138692
enc_2304x1296_4,1791061832.16,86068,154728
enc_2304x1296_4,1791061832.26,99460,172928
enc_2304x1296_4,1791061832.36,93532,165024
enc_2304x1296_4,1791061832.46,90568,161072
enc_2304x1296_4,1791061832.57,84544,153140
enc_2304x1296_4,1791061832.67,84544,153140
enc_2304x1296_4,1791061832.77,78768,145388
enc_2304x1296_4,1791061832.87,78768,145388
enc_2304x1296_4,1791061832.97,78768,145388
enc_2304x1296_4,1791061833.07,78768,145388
enc_2304x1296_4,1791061833.17,78768,145388
enc_2304x1296_4,1791061833.27,78768,145388
enc_2304x1296_4,1791061833.37,78768,145388
enc_2304x1296_4,1791061833.47,78768,145388
enc_2304x1296_4,1791061833.58,78708,145328
enc_2304x1296_4,1791061833.68,78708,145328
enc_2304x1296_4,1791061833.78,78708,145328
enc_2304x1296_4,1791061833.88,78708,145328
enc_2304x1296_4,1791061833.98,78708,145328
enc_2304x1296_4,1791061834.08,78708,145328
enc_2304x1296_4,1791061834.18,78708,145328
enc_2304x1296_4,1791061834.28,78708,145328
enc_2304x1296_4,1791061834.38,78708,145328
enc_2304x1296_4,1791061834.49,77340,143504
enc_2304x1296_4,1791061834.59,72856,137532
enc_2304x1296_4,1791061834.69,69892,133580
enc_2304x1296_4,1791061834.79,70796,135220
enc_2304x1296_4,1791061834.89,70796,135220
enc_2304x1296_4,1791061834.99,70796,135220
enc_2304x1296_4,1791061835.09,70796,135220
enc_2304x1296_4,1791061835.19,70796,135220
enc_2304x1296_4,1791061835.29,103172,178160
enc_2304x1296_4,1791061835.40,97476,170424
enc_2304x1296_4,1791061835.50,94512,166472
enc_2304x1296_4,1791061835.60,91548,162504
enc_2304x1296_4,1791061835.70,85620,154600
enc_2304x1296_4,1791061835.80,85392,154220
enc_2304x1296_4,1791061835.90,79768,146772
enc_2304x1296_4,1791061836.00,79768,146772
enc_2304x1296_4,1791061836.10,79768,146772
enc_2304x1296_4,1791061836.20,79768,146772
enc_2304x1296_4,1791061836.31,79768,146772
enc_2304x1296_4,1791061836.41,79768,146772
enc_2304x1296_4,1791061836.51,79736,146740
enc_2304x1296_4,1791061836.61,79736,146740
enc_2304x1296_4,1791061836.71,79736,146740
enc_2304x1296_4,1791061836.81,79736,146740
enc_2304x1296_4,1791061836.91,79736,146740
enc_2304x1296_4,1791061837.01,79736,146740
enc_2304x1296_4,1791061837.11,79736,146740
enc_2304x1296_4,1791061837.21,79736,146740
enc_2304x1296_4,1791061837.31,79736,146740
enc_2304x1296_4,1791061837.42,79736,146740
enc_2304x1296_4,1791061837.52,79736,146740
enc_2304x1296_4,1791061837.62,78368,144916
enc_2304x1296_4,1791061837.72,73960,138988
enc_2304x1296_4,1791061837.82,70920,134960
enc_2304x1296_4,1791061837.92,70920,134960
enc_2304x1296_4,1791061838.02,70920,134960
enc_2304x1296_4,1791061838.12,70920,134960
enc_2304x1296_4,1791061838.22,70920,134960
enc_2304x1296_4,1791061838.33,70920,134960
enc_2304x1296_4,1791061838.43,104208,180028
enc_2304x1296_4,1791061838.53,116180,199800
enc_2304x1296_4,1791061838.63,120968,213708
idle,1791061838.73,120984,217724
idle,1791061838.83,120984,217724
idle,1791061838.93,120984,217724
idle,1791061839.03,120984,217724
idle,1791061839.13,120984,217724
idle,1791061839.23,120984,217724
idle,1791061839.34,120984,217724
idle,1791061839.44,120984,217724
idle,1791061839.54,120984,217724
idle,1791061839.64,120984,217724
idle,1791061839.74,120984,217724
idle,1791061839.84,120984,217724
idle,1791061839.94,120984,217724
idle,1791061840.04,120984,217724
idle,1791061840.14,120984,217724
idle,1791061840.24,120984,217724
idle,1791061840.34,120984,217724
idle,1791061840.44,120984,217724
idle,1791061840.54,120984,217724
idle,1791061840.64,120984,217724
idle,1791061840.75,120984,217628
enc_2304x1296_5,1791061840.85,120984,217400
enc_2304x1296_5,1791061840.95,120984,216564
enc_2304x1296_5,1791061841.05,120984,213600
enc_2304x1296_5,1791061841.15,120984,213220
enc_2304x1296_5,1791061841.25,120984,211244
enc_2304x1296_5,1791061841.35,120984,208280
enc_2304x1296_5,1791061841.45,120984,207368
enc_2304x1296_5,1791061841.55,120984,206380
enc_2304x1296_5,1791061841.66,120984,204936
enc_2304x1296_5,1791061841.76,112928,191020
enc_2304x1296_5,1791061841.86,106924,183040
enc_2304x1296_5,1791061841.96,102716,177336
enc_2304x1296_5,1791061842.06,96788,169432
enc_2304x1296_5,1791061842.16,93824,165480
enc_2304x1296_5,1791061842.26,87820,157500
enc_2304x1296_5,1791061842.36,87820,157500
enc_2304x1296_5,1791061842.47,81968,149748
enc_2304x1296_5,1791061842.57,81968,149680
enc_2304x1296_5,1791061842.67,81968,149680
enc_2304x1296_5,1791061842.77,81968,149680
enc_2304x1296_5,1791061842.87,81968,149680
enc_2304x1296_5,1791061842.97,81968,149680
enc_2304x1296_5,1791061843.07,81968,149680
enc_2304x1296_5,1791061843.17,81968,149680
enc_2304x1296_5,1791061843.27,81968,149680
enc_2304x1296_5,1791061843.37,81968,149680
enc_2304x1296_5,1791061843.47,81968,149680
enc_2304x1296_5,1791061843.58,81968,149680
enc_2304x1296_5,1791061843.68,81968,149680
enc_2304x1296_5,1791061843.78,81968,149680
enc_2304x1296_5,1791061843.88,81968,149680
enc_2304x1296_5,1791061843.98,81968,149680
enc_2304x1296_5,1791061844.08,81968,149680
enc_2304x1296_5,1791061844.18,80600,147856
enc_2304x1296_5,1791061844.28,76116,141928
enc_2304x1296_5,1791061844.38,73152,137900
enc_2304x1296_5,1791061844.49,73152,137900
enc_2304x1296_5,1791061844.59,73152,137900
enc_2304x1296_5,1791061844.69,73152,137900
enc_2304x1296_5,1791061844.79,73152,137900
enc_2304x1296_5,1791061844.89,73152,137900
enc_2304x1296_5,1791061844.99,106896,182740
enc_2304x1296_5,1791061845.09,101008,175060
enc_2304x1296_5,1791061845.19,97968,171032
enc_2304x1296_5,1791061845.29,92040,163128
enc_2304x1296_5,1791061845.40,89076,159176
enc_2304x1296_5,1791061845.50,86112,155224
enc_2304x1296_5,1791061845.60,80108,147224
enc_2304x1296_5,1791061845.70,80108,147224
enc_2304x1296_5,1791061845.80,80108,147224
enc_2304x1296_5,1791061845.90,80108,147224
enc_2304x1296_5,1791061846.00,80108,147224
enc_2304x1296_5,1791061846.10,80108,147224
enc_2304x1296_5,1791061846.20,80108,147224
enc_2304x1296_5,1791061846.30,80108,147224
enc_2304x1296_5,1791061846.41,80108,147224
enc_2304x1296_5,1791061846.51,80108,147224
enc_2304x1296_5,1791061846.61,80108,147224
enc_2304x1296_5,1791061846.71,80108,147224
enc_2304x1296_5,1791061846.81,80108,147224
enc_2304x1296_5,1791061846.91,80108,147224
enc_2304x1296_5,1791061847.01,80108,147368
enc_2304x1296_5,1791061847.11,80108,147636
enc_2304x1296_5,1791061847.21,80108,147636
enc_2304x1296_5,1791061847.32,80108,147636
enc_2304x1296_5,1791061847.42,77220,143836
enc_2304x1296_5,1791061847.52,74256,139884
enc_2304x1296_5,1791061847.62,74256,139876
enc_2304x1296_5,1791061847.72,74256,139876
enc_2304x1296_5,1791061847.82,74256,139876
enc_2304x1296_5,1791061847.92,74256,139876
enc_2304x1296_5,1791061848.02,74256,139876
enc_2304x1296_5,1791061848.12,100628,175140
enc_2304x1296_5,1791061848.23,91848,163412
enc_2304x1296_5,1791061848.33,91848,163412
enc_2304x1296_5,1791061848.43,85996,155508
enc_2304x1296_5,1791061848.53,82984,151508
enc_2304x1296_5,1791061848.63,77732,144492
enc_2304x1296_5,1791061848.73,74692,140464
enc_2304x1296_5,1791061848.83,74692,140464
enc_2304x1296_5,1791061848.93,74692,140464
enc_2304x1296_5,1791061849.03,74692,140464
enc_2304x1296_5,1791061849.14,74692,140464
enc_2304x1296_5,1791061849.24,74692,140464
enc_2304x1296_5,1791061849.34,74692,140464
enc_2304x1296_5,1791061849.44,74692,140464
enc_2304x1296_5,1791061849.54,74692,140464
enc_2304x1296_5,1791061849.64,75808,141732
enc_2304x1296_5,1791061849.74,75808,141732
enc_2304x1296_5,1791061849.84,75808,141732
enc_2304x1296_5,1791061849.94,75808,141732
enc_2304x1296_5,1791061850.04,75808,141732
enc_2304x1296_5,1791061850.15,75808,141732
enc_2304x1296_5,1791061850.25,75808,141732
enc_2304x1296_5,1791061850.35,75808,141732
enc_2304x1296_5,1791061850.45,75808,141732
enc_2304x1296_5,1791061850.55,72768,137900
enc_2304x1296_5,1791061850.65,70604,135060
enc_2304x1296_5,1791061850.75,70604,135060
enc_2304x1296_5,1791061850.85,70604,135060
enc_2304x1296_5,1791061850.95,70604,135060
enc_2304x1296_5,1791061851.05,70604,135060
enc_2304x1296_5,1791061851.16,70604,135060
enc_2304x1296_5,1791061851.26,103436,179216
enc_2304x1296_5,1791061851.36,94900,167436
enc_2304x1296_5,1791061851.46,94900,167436
enc_2304x1296_5,1791061851.56,88956,159516
enc_2304x1296_5,1791061851.66,85992,155564
enc_2304x1296_5,1791061851.76,80140,147736
enc_2304x1296_5,1791061851.86,77176,143784
enc_2304x1296_5,1791061851.96,77176,143784
enc_2304x1296_5,1791061852.07,77176,143784
enc_2304x1296_5,1791061852.17,77176,143784
enc_2304x1296_5,1791061852.27,77176,143784
enc_2304x1296_5,1791061852.37,77176,143784
enc_2304x1296_5,1791061852.47,77176,143784
enc_2304x1296_5,1791061852.57,77416,144104
enc_2304x1296_5,1791061852.67,77416,144104
enc_2304x1296_5,1791061852.77,77416,143980
enc_2304x1296_5,1791061852.87,77416,143980
enc_2304x1296_5,1791061852.97,77416,143980
enc_2304x1296_5,1791061853.08,77416,143980
enc_2304x1296_5,1791061853.18,77416,143980
enc_2304x1296_5,1791061853.28,77416,143980
enc_2304x1296_5,1791061853.38,77416,143980
enc_2304x1296_5,1791061853.48,77416,143980
enc_2304x1296_5,1791061853.58,77416,143980
enc_2304x1296_5,1791061853.68,75012,140892
enc_2304x1296_5,1791061853.78,72048,136940
enc_2304x1296_5,1791061853.88,72048,136940
enc_2304x1296_5,1791061853.99,72048,136940
enc_2304x1296_5,1791061854.09,72048,136940
enc_2304x1296_5,1791061854.19,72048,136940
enc_2304x1296_5,1791061854.29,72276,137168
enc_2304x1296_5,1791061854.39,105028,181016
enc_2304x1296_5,1791061854.49,116884,200776
idle,1791061854.59,121868,222032
idle,1791061854.69,121868,219296
idle,1791061854.79,121916,217184
idle,1791061854.90,121916,217136
idle,1791061855.00,121916,217136
idle,1791061855.10,121916,217136
idle,1791061855.20,121916,217136
idle,1791061855.30,121916,217136
idle,1791061855.40,121916,217136
idle,1791061855.50,121916,217136
idle,1791061855.60,121916,217136
idle,1791061855.70,121916,217136
idle,1791061855.80,121916,217136
idle,1791061855.90,121916,217136
idle,1791061856.00,121916,217136
idle,1791061856.10,121916,217136
idle,1791061856.20,121916,217136
idle,1791061856.31,121916,217136
idle,1791061856.41,121916,217136
idle,1791061856.51,121916,217136
idle,1791061856.61,121916,217136
idle,1791061856.71,121916,217136
enc_2304x1296_6,1791061856.81,121916,216604
enc_2304x1296_6,1791061856.91,121916,209156
enc_2304x1296_6,1791061857.01,121916,209156
enc_2304x1296_6,1791061857.11,121916,209156
enc_2304x1296_6,1791061857.21,121916,206496
enc_2304x1296_6,1791061857.32,121916,204520
enc_2304x1296_6,1791061857.42,121384,202696
enc_2304x1296_6,1791061857.52,121384,202696
enc_2304x1296_6,1791061857.62,115760,195248
enc_2304x1296_6,1791061857.72,106792,183316
enc_2304x1296_6,1791061857.82,103752,179268
enc_2304x1296_6,1791061857.92,94900,167464
enc_2304x1296_6,1791061858.02,94900,167464
enc_2304x1296_6,1791061858.12,86008,155532
enc_2304x1296_6,1791061858.23,82968,151580
enc_2304x1296_6,1791061858.33,77116,143752
enc_2304x1296_6,1791061858.43,77116,143752
enc_2304x1296_6,1791061858.53,77116,143732
enc_2304x1296_6,1791061858.63,77116,143732
enc_2304x1296_6,1791061858.73,77116,144340
enc_2304x1296_6,1791061858.83,77116,144376
enc_2304x1296_6,1791061858.93,77116,144376
enc_2304x1296_6,1791061859.03,77116,144376
enc_2304x1296_6,1791061859.13,77116,144376
enc_2304x1296_6,1791061859.24,77116,144376
enc_2304x1296_6,1791061859.34,77116,144376
enc_2304x1296_6,1791061859.44,77116,144376
enc_2304x1296_6,1791061859.54,77116,144376
enc_2304x1296_6,1791061859.64,77116,144980
enc_2304x1296_6,1791061859.74,77116,144980
enc_2304x1296_6,1791061859.84,77116,144980
enc_2304x1296_6,1791061859.94,77116,144980
enc_2304x1296_6,1791061860.04,77116,144980
enc_2304x1296_6,1791061860.14,77116,144144
enc_2304x1296_6,1791061860.25,72252,137228
enc_2304x1296_6,1791061860.35,72252,137228
enc_2304x1296_6,1791061860.45,72252,137228
enc_2304x1296_6,1791061860.55,72192,137168
enc_2304x1296_6,1791061860.65,72192,137168
enc_2304x1296_6,1791061860.75,72192,137268
enc_2304x1296_6,1791061860.85,72192,137392
enc_2304x1296_6,1791061860.95,103548,180220
enc_2304x1296_6,1791061861.05,95644,168440
enc_2304x1296_6,1791061861.16,95644,168440
enc_2304x1296_6,1791061861.26,86752,156584
enc_2304x1296_6,1791061861.36,86676,156432
enc_2304x1296_6,1791061861.46,77784,144652
enc_2304x1296_6,1791061861.56,77784,144632
enc_2304x1296_6,1791061861.66,77784,144632
enc_2304x1296_6,1791061861.76,77784,144632
enc_2304x1296_6,1791061861.86,77784,144632
enc_2304x1296_6,1791061861.96,77784,144632
enc_2304x1296_6,1791061862.06,77784,144632
enc_2304x1296_6,1791061862.17,77784,144632
enc_2304x1296_6,1791061862.27,77784,144632
enc_2304x1296_6,1791061862.37,77784,144632
enc_2304x1296_6,1791061862.47,77784,144632
enc_2304x1296_6,1791061862.57,77784,144632
enc_2304x1296_6,1791061862.67,77784,144632
enc_2304x1296_6,1791061862.77,77784,144632
enc_2304x1296_6,1791061862.87,77784,144632
enc_2304x1296_6,1791061862.97,77784,144632
enc_2304x1296_6,1791061863.07,77784,144632
enc_2304x1296_6,1791061863.18,77784,144632
enc_2304x1296_6,1791061863.28,77556,144328
enc_2304x1296_6,1791061863.38,74972,140832
enc_2304x1296_6,1791061863.48,72008,136880
enc_2304x1296_6,1791061863.58,71948,136820
enc_2304x1296_6,1791061863.68,71948,136820
enc_2304x1296_6,1791061863.78,71948,136820
enc_2304x1296_6,1791061863.88,71948,136820
enc_2304x1296_6,1791061863.98,71948,136820
enc_2304x1296_6,1791061864.09,102500,178772
enc_2304x1296_6,1791061864.19,94596,167068
enc_2304x1296_6,1791061864.29,94596,167068
enc_2304x1296_6,1791061864.39,85704,155212
enc_2304x1296_6,1791061864.49,85704,155212
enc_2304x1296_6,1791061864.59,79852,147408
enc_2304x1296_6,1791061864.69,79852,147408
enc_2304x1296_6,1791061864.79,79852,147408
enc_2304x1296_6,1791061864.89,79852,147408
enc_2304x1296_6,1791061865.00,79852,147408
enc_2304x1296_6,1791061865.10,79852,147408
enc_2304x1296_6,1791061865.20,79852,147408
enc_2304x1296_6,1791061865.30,79852,147408
enc_2304x1296_6,1791061865.40,79852,147408
enc_2304x1296_6,1791061865.50,79852,147408
enc_2304x1296_6,1791061865.60,79852,147348
enc_2304x1296_6,1791061865.70,79852,147348
enc_2304x1296_6,1791061865.80,79852,147348
enc_2304x1296_6,1791061865.90,79852,147348
enc_2304x1296_6,1791061866.00,79852,147348
enc_2304x1296_6,1791061866.11,79852,147348
enc_2304x1296_6,1791061866.21,79852,147348
enc_2304x1296_6,1791061866.31,79852,147348
enc_2304x1296_6,1791061866.41,77040,143548
enc_2304x1296_6,1791061866.51,74000,139596
enc_2304x1296_6,1791061866.61,71036,135584
enc_2304x1296_6,1791061866.71,71036,135584
enc_2304x1296_6,1791061866.81,71036,135584
enc_2304x1296_6,1791061866.91,71036,135584
enc_2304x1296_6,1791061867.02,71036,135584
enc_2304x1296_6,1791061867.12,71036,135584
enc_2304x1296_6,1791061867.22,103868,180652
enc_2304x1296_6,1791061867.32,93152,165148
enc_2304x1296_6,1791061867.42,93152,165148
enc_2304x1296_6,1791061867.52,84232,153188
enc_2304x1296_6,1791061867.62,84232,153236
enc_2304x1296_6,1791061867.72,78380,145408
enc_2304x1296_6,1791061867.82,78380,145408
enc_2304x1296_6,1791061867.93,78380,145408
enc_2304x1296_6,1791061868.03,78380,145408
enc_2304x1296_6,1791061868.13,78380,145408
enc_2304x1296_6,1791061868.23,78380,145408
enc_2304x1296_6,1791061868.33,78380,145440
enc_2304x1296_6,1791061868.43,78380,145440
enc_2304x1296_6,1791061868.53,78380,145440
enc_2304x1296_6,1791061868.63,78380,145440
enc_2304x1296_6,1791061868.73,78380,145440
enc_2304x1296_6,1791061868.83,78380,145440
enc_2304x1296_6,1791061868.94,78380,145440
enc_2304x1296_6,1791061869.04,78380,145440
enc_2304x1296_6,1791061869.14,78380,145440
enc_2304x1296_6,1791061869.24,78380,145440
enc_2304x1296_6,1791061869.34,78380,145440
enc_2304x1296_6,1791061869.44,78380,145440
enc_2304x1296_6,1791061869.54,75532,141604
enc_2304x1296_6,1791061869.64,72568,137652
enc_2304x1296_6,1791061869.74,72568,137652
enc_2304x1296_6,1791061869.84,72568,137652
enc_2304x1296_6,1791061869.95,72568,137652
enc_2304x1296_6,1791061870.05,72568,137652
enc_2304x1296_6,1791061870.15,72568,137652
enc_2304x1296_6,1791061870.25,72568,137652
enc_2304x1296_6,1791061870.35,113680,198060
enc_2304x1296_6,1791061870.45,113680,198060
idle,1791061870.55,118848,216756
idle,1791061870.65,118876,215972
idle,1791061870.75,118876,215936
idle,1791061870.85,118876,215936
idle,1791061870.96,118876,215936
idle,1791061871.06,118876,215936
idle,1791061871.16,118876,215936
idle,1791061871.26,118876,215936
idle,1791061871.36,118876,215936
idle,1791061871.46,118876,215936
idle,1791061871.56,118876,215936
idle,1791061871.66,118876,215936
idle,1791061871.76,118876,215936
idle,1791061871.86,118876,215936
idle,1791061871.96,118876,215936
idle,1791061872.06,118876,215936
idle,1791061872.16,118876,215936
idle,1791061872.27,118876,215936
idle,1791061872.37,118876,215936
idle,1791061872.47,118876,215936
idle,1791061872.57,118876,215936
idle,1791061872.67,118876,215936
enc_2304x1296_7,1791061872.77,118876,215708
enc_2304x1296_7,1791061872.87,118876,213884
enc_2304x1296_7,1791061872.97,118876,211908
enc_2304x1296_7,1791061873.07,118876,210008
enc_2304x1296_7,1791061873.17,118876,208564
enc_2304x1296_7,1791061873.27,118876,206588
enc_2304x1296_7,1791061873.38,118876,204688
enc_2304x1296_7,1791061873.48,118876,203244
enc_2304x1296_7,1791061873.58,117204,197240
enc_2304x1296_7,1791061873.68,105308,181376
enc_2304x1296_7,1791061873.78,105308,181300
enc_2304x1296_7,1791061873.88,95700,168576
enc_2304x1296_7,1791061873.98,95700,168576
enc_2304x1296_7,1791061874.08,86808,156720
enc_2304x1296_7,1791061874.18,86808,156720
enc_2304x1296_7,1791061874.29,80956,148892
enc_2304x1296_7,1791061874.39,80956,148892
enc_2304x1296_7,1791061874.49,80956,148892
enc_2304x1296_7,1791061874.59,80920,148856
enc_2304x1296_7,1791061874.69,80920,148864
enc_2304x1296_7,1791061874.79,80920,148864
enc_2304x1296_7,1791061874.89,80920,148864
enc_2304x1296_7,1791061874.99,80920,148864
enc_2304x1296_7,1791061875.09,80920,148864
enc_2304x1296_7,1791061875.19,80920,148864
enc_2304x1296_7,1791061875.30,80920,148864
enc_2304x1296_7,1791061875.40,80920,148864
enc_2304x1296_7,1791061875.50,80920,148864
enc_2304x1296_7,1791061875.60,80920,148864
enc_2304x1296_7,1791061875.70,80920,148864
enc_2304x1296_7,1791061875.80,80920,148864
enc_2304x1296_7,1791061875.90,80920,148864
enc_2304x1296_7,1791061876.00,80920,148864
enc_2304x1296_7,1791061876.10,78108,145064
enc_2304x1296_7,1791061876.21,75144,141112
enc_2304x1296_7,1791061876.31,72104,137084
enc_2304x1296_7,1791061876.41,72104,137084
enc_2304x1296_7,1791061876.51,72104,137084
enc_2304x1296_7,1791061876.61,72104,137084
enc_2304x1296_7,1791061876.71,72104,137084
enc_2304x1296_7,1791061876.81,72704,138200
enc_2304x1296_7,1791061876.91,106492,182980
enc_2304x1296_7,1791061877.01,97676,171200
enc_2304x1296_7,1791061877.11,97676,171200
enc_2304x1296_7,1791061877.22,88784,159344
enc_2304x1296_7,1791061877.32,88784,159344
enc_2304x1296_7,1791061877.42,79968,147564
enc_2304x1296_7,1791061877.52,79968,147564
enc_2304x1296_7,1791061877.62,79968,147516
enc_2304x1296_7,1791061877.72,79968,147516
enc_2304x1296_7,1791061877.82,79968,147516
enc_2304x1296_7,1791061877.92,79968,147516
enc_2304x1296_7,1791061878.02,79968,147516
enc_2304x1296_7,1791061878.12,79968,147516
enc_2304x1296_7,1791061878.23,79968,147516
enc_2304x1296_7,1791061878.33,79968,147516
enc_2304x1296_7,1791061878.43,79968,147516
enc_2304x1296_7,1791061878.53,79968,147516
enc_2304x1296_7,1791061878.63,79968,147516
enc_2304x1296_7,1791061878.73,79968,147516
enc_2304x1296_7,1791061878.83,79968,147516
enc_2304x1296_7,1791061878.93,79968,147516
enc_2304x1296_7,1791061879.03,79968,147516
enc_2304x1296_7,1791061879.13,79968,147516
enc_2304x1296_7,1791061879.24,78524,145692
enc_2304x1296_7,1791061879.34,74116,139764
enc_2304x1296_7,1791061879.44,74116,139764
enc_2304x1296_7,1791061879.54,74056,139704
enc_2304x1296_7,1791061879.64,74056,139704
enc_2304x1296_7,1791061879.74,74212,140056
enc_2304x1296_7,1791061879.84,74212,140056
enc_2304x1296_7,1791061879.94,74332,140056
enc_2304x1296_7,1791061880.04,100616,175100
enc_2304x1296_7,1791061880.15,97772,171268
enc_2304x1296_7,1791061880.25,94808,167316
enc_2304x1296_7,1791061880.35,85840,155384
enc_2304x1296_7,1791061880.45,85840,155384
enc_2304x1296_7,1791061880.55,79972,147540
enc_2304x1296_7,1791061880.65,80056,147636
enc_2304x1296_7,1791061880.75,80056,147636
enc_2304x1296_7,1791061880.85,80056,147636
enc_2304x1296_7,1791061880.95,80056,147636
enc_2304x1296_7,1791061881.06,80056,147636
enc_2304x1296_7,1791061881.16,80056,147636
enc_2304x1296_7,1791061881.26,80056,147636
enc_2304x1296_7,1791061881.36,80056,147636
enc_2304x1296_7,1791061881.46,80056,147636
enc_2304x1296_7,1791061881.56,80056,147636
enc_2304x1296_7,1791061881.66,80056,147636
enc_2304x1296_7,1791061881.76,80056,147636
enc_2304x1296_7,1791061881.86,80056,147636
enc_2304x1296_7,1791061881.96,80056,147636
enc_2304x1296_7,1791061882.07,80056,147636
enc_2304x1296_7,1791061882.17,80056,147636
enc_2304x1296_7,1791061882.27,80056,147636
enc_2304x1296_7,1791061882.37,77168,143836
enc_2304x1296_7,1791061882.47,74204,139884
enc_2304x1296_7,1791061882.57,74204,139824
enc_2304x1296_7,1791061882.67,74204,139824
enc_2304x1296_7,1791061882.77,74204,139900
enc_2304x1296_7,1791061882.87,74204,139900
enc_2304x1296_7,1791061882.98,74204,139900
enc_2304x1296_7,1791061883.08,74204,139900
enc_2304x1296_7,1791061883.18,98448,172240
enc_2304x1296_7,1791061883.28,95636,168440
enc_2304x1296_7,1791061883.38,92672,164488
enc_2304x1296_7,1791061883.48,83704,152556
enc_2304x1296_7,1791061883.58,83704,152524
enc_2304x1296_7,1791061883.68,77852,144732
enc_2304x1296_7,1791061883.78,77852,144732
enc_2304x1296_7,1791061883.89,77852,144732
enc_2304x1296_7,1791061883.99,77852,144732
enc_2304x1296_7,1791061884.09,77852,144732
enc_2304x1296_7,1791061884.19,77852,144732
enc_2304x1296_7,1791061884.29,77852,144732
enc_2304x1296_7,1791061884.39,77852,144732
enc_2304x1296_7,1791061884.49,77852,144664
enc_2304x1296_7,1791061884.59,77852,144556
enc_2304x1296_7,1791061884.69,77852,144620
enc_2304x1296_7,1791061884.79,77852,144620
enc_2304x1296_7,1791061884.90,77852,144620
enc_2304x1296_7,1791061885.00,77852,144620
enc_2304x1296_7,1791061885.10,77852,144620
enc_2304x1296_7,1791061885.20,77852,144620
enc_2304x1296_7,1791061885.30,77852,144620
enc_2304x1296_7,1791061885.40,77852,144620
enc_2304x1296_7,1791061885.50,74888,140820
enc_2304x1296_7,1791061885.60,71880,136824
enc_2304x1296_7,1791061885.70,71880,136824
enc_2304x1296_7,1791061885.81,71880,136824
enc_2304x1296_7,1791061885.91,71880,136824
enc_2304x1296_7,1791061886.01,71880,136824
enc_2304x1296_7,1791061886.11,71880,136824
enc_2304x1296_7,1791061886.21,96504,169580
enc_2304x1296_7,1791061886.31,112844,195940
enc_2304x1296_7,1791061886.41,112844,195940
idle,1791061886.51,119812,217044
idle,1791061886.61,119844,215196
idle,1791061886.72,119844,215192
idle,1791061886.82,119844,215192
idle,1791061886.92,119844,215192
idle,1791061887.02,119844,215192
idle,1791061887.12,119844,215192
idle,1791061887.22,119844,215192
idle,1791061887.32,119844,215192
idle,1791061887.42,119844,215192
idle,1791061887.52,119844,215192
idle,1791061887.62,119844,215192
idle,1791061887.72,119844,215192
idle,1791061887.82,119844,215192
idle,1791061887.92,119844,215192
idle,1791061888.02,119844,215192
idle,1791061888.13,119844,215192
idle,1791061888.23,119844,215192
idle,1791061888.33,119844,215192
idle,1791061888.43,119844,215192
idle,1791061888.53,119844,215192
enc_2304x1296_8,1791061888.63,119844,215268
enc_2304x1296_8,1791061888.73,119920,215800
enc_2304x1296_8,1791061888.83,119920,213976
enc_2304x1296_8,1791061888.93,119920,212000
enc_2304x1296_8,1791061889.03,119920,210100
enc_2304x1296_8,1791061889.14,119920,206680
enc_2304x1296_8,1791061889.24,119920,206300
enc_2304x1296_8,1791061889.34,119920,204780
enc_2304x1296_8,1791061889.44,119920,203336
enc_2304x1296_8,1791061889.54,113292,189388
enc_2304x1296_8,1791061889.64,102424,177532
enc_2304x1296_8,1791061889.74,99980,174284
enc_2304x1296_8,1791061889.84,93976,166304
enc_2304x1296_8,1791061889.94,91088,162352
enc_2304x1296_8,1791061890.05,85084,154448
enc_2304x1296_8,1791061890.15,85084,154448
enc_2304x1296_8,1791061890.25,81284,145796
enc_2304x1296_8,1791061890.35,81284,145796
enc_2304x1296_8,1791061890.45,81284,145796
enc_2304x1296_8,1791061890.55,81304,145856
enc_2304x1296_8,1791061890.65,81304,145856
enc_2304x1296_8,1791061890.75,81304,145856
enc_2304x1296_8,1791061890.85,81304,145932
enc_2304x1296_8,1791061890.95,81304,145980
enc_2304x1296_8,1791061891.06,81304,145980
enc_2304x1296_8,1791061891.16,81304,145980
enc_2304x1296_8,1791061891.26,81304,145980
enc_2304x1296_8,1791061891.36,81304,145980
enc_2304x1296_8,1791061891.46,81304,145980
enc_2304x1296_8,1791061891.56,81304,146104
enc_2304x1296_8,1791061891.66,81304,146228
enc_2304x1296_8,1791061891.76,81304,146228
enc_2304x1296_8,1791061891.86,81304,146228
enc_2304x1296_8,1791061891.96,79480,144404
enc_2304x1296_8,1791061892.07,75300,140348
enc_2304x1296_8,1791061892.17,71348,136092
enc_2304x1296_8,1791061892.27,70284,134648
enc_2304x1296_8,1791061892.37,70284,134648
enc_2304x1296_8,1791061892.47,70284,134724
enc_2304x1296_8,1791061892.57,70264,134752
enc_2304x1296_8,1791061892.67,70264,134752
enc_2304x1296_8,1791061892.77,70264,134752
enc_2304x1296_8,1791061892.87,98444,172220
enc_2304x1296_8,1791061892.98,95480,168268
enc_2304x1296_8,1791061893.08,89552,160364
enc_2304x1296_8,1791061893.18,86588,156336
enc_2304x1296_8,1791061893.28,85144,154512
enc_2304x1296_8,1791061893.38,77696,144556
enc_2304x1296_8,1791061893.48,77696,144556
enc_2304x1296_8,1791061893.58,77696,144556
enc_2304x1296_8,1791061893.68,77696,144556
enc_2304x1296_8,1791061893.78,77696,144556
enc_2304x1296_8,1791061893.88,77696,144556
enc_2304x1296_8,1791061893.99,77696,144556
enc_2304x1296_8,1791061894.09,77696,144556
enc_2304x1296_8,1791061894.19,77696,144556
enc_2304x1296_8,1791061894.29,77696,144556
enc_2304x1296_8,1791061894.39,77696,144556
enc_2304x1296_8,1791061894.49,77696,144556
enc_2304x1296_8,1791061894.59,77696,144556
enc_2304x1296_8,1791061894.69,77696,144556
enc_2304x1296_8,1791061894.79,77696,144556
enc_2304x1296_8,1791061894.89,77696,144556
enc_2304x1296_8,1791061895.00,77696,144556
enc_2304x1296_8,1791061895.10,77696,144556
enc_2304x1296_8,1791061895.20,74808,140756
enc_2304x1296_8,1791061895.30,71920,136804
enc_2304x1296_8,1791061895.40,71920,136804
enc_2304x1296_8,1791061895.50,71920,136804
enc_2304x1296_8,1791061895.60,71860,136744
enc_2304x1296_8,1791061895.70,71860,136744
enc_2304x1296_8,1791061895.80,71860,136744
enc_2304x1296_8,1791061895.91,106744,181128
enc_2304x1296_8,1791061896.01,96316,169384
enc_2304x1296_8,1791061896.11,93352,165432
enc_2304x1296_8,1791061896.21,90388,161480
enc_2304x1296_8,1791061896.31,84460,153576
enc_2304x1296_8,1791061896.41,83016,151676
enc_2304x1296_8,1791061896.51,78608,145748
enc_2304x1296_8,1791061896.61,78560,145700
enc_2304x1296_8,1791061896.72,78560,145700
enc_2304x1296_8,1791061896.82,78560,145700
enc_2304x1296_8,1791061896.92,78560,145700
enc_2304x1296_8,1791061897.02,78560,145700
enc_2304x1296_8,1791061897.12,78560,145700
enc_2304x1296_8,1791061897.22,78560,145700
enc_2304x1296_8,1791061897.32,78560,145700
enc_2304x1296_8,1791061897.42,78560,145700
enc_2304x1296_8,1791061897.52,78560,145700
enc_2304x1296_8,1791061897.62,78560,145700
enc_2304x1296_8,1791061897.72,78560,145700
enc_2304x1296_8,1791061897.83,78560,145700
enc_2304x1296_8,1791061897.93,78560,145700
enc_2304x1296_8,1791061898.03,78560,145700
enc_2304x1296_8,1791061898.13,78560,145700
enc_2304x1296_8,1791061898.23,78560,145700
enc_2304x1296_8,1791061898.33,72708,137948
enc_2304x1296_8,1791061898.43,72708,137948
enc_2304x1296_8,1791061898.53,72708,137888
enc_2304x1296_8,1791061898.63,72708,137888
enc_2304x1296_8,1791061898.74,72708,137888
enc_2304x1296_8,1791061898.84,72708,137888
enc_2304x1296_8,1791061898.94,72708,137888
enc_2304x1296_8,1791061899.04,105160,179004
enc_2304x1296_8,1791061899.14,93380,165476
enc_2304x1296_8,1791061899.24,93380,165476
enc_2304x1296_8,1791061899.34,87452,157572
enc_2304x1296_8,1791061899.44,84488,153620
enc_2304x1296_8,1791061899.54,78636,145792
enc_2304x1296_8,1791061899.65,75588,141756
enc_2304x1296_8,1791061899.75,75588,141756
enc_2304x1296_8,1791061899.85,75588,141756
enc_2304x1296_8,1791061899.95,75588,141756
enc_2304x1296_8,1791061900.05,75588,141756
enc_2304x1296_8,1791061900.15,75588,141756
enc_2304x1296_8,1791061900.25,75588,141756
enc_2304x1296_8,1791061900.35,75588,141756
enc_2304x1296_8,1791061900.45,75588,141756
enc_2304x1296_8,1791061900.55,75572,141740
enc_2304x1296_8,1791061900.66,75572,141740
enc_2304x1296_8,1791061900.76,75572,141740
enc_2304x1296_8,1791061900.86,75572,141740
enc_2304x1296_8,1791061900.96,75572,141740
enc_2304x1296_8,1791061901.06,75572,141740
enc_2304x1296_8,1791061901.16,75572,141740
enc_2304x1296_8,1791061901.26,75572,141740
enc_2304x1296_8,1791061901.36,75572,141740
enc_2304x1296_8,1791061901.46,72760,137940
enc_2304x1296_8,1791061901.57,69736,133928
enc_2304x1296_8,1791061901.67,69736,133928
enc_2304x1296_8,1791061901.77,69736,133928
enc_2304x1296_8,1791061901.87,69736,133928
enc_2304x1296_8,1791061901.97,69736,133928
enc_2304x1296_8,1791061902.07,69736,133928
enc_2304x1296_8,1791061902.17,104060,179268
enc_2304x1296_8,1791061902.27,113712,196676
idle,1791061902.37,121540,216588
idle,1791061902.48,121540,214764
idle,1791061902.58,121560,214616
idle,1791061902.68,121560,214612
idle,1791061902.78,121560,214612
idle,1791061902.88,121560,214612
idle,1791061902.98,121560,214612
idle,1791061903.08,121560,214612
idle,1791061903.18,121560,214612
idle,1791061903.28,121560,214612
idle,1791061903.38,121560,214612
idle,1791061903.48,121560,214612
idle,1791061903.58,121560,214612
idle,1791061903.68,121560,214612
idle,1791061903.79,121560,214612
idle,1791061903.89,121560,214612
idle,1791061903.99,121560,214612
idle,1791061904.09,121560,214612
idle,1791061904.19,121560,214612
idle,1791061904.29,121560,214612
idle,1791061904.39,121560,214612
idle,1791061904.49,121560,214612
enc_2304x1296_9,1791061904.59,121560,214488
enc_2304x1296_9,1791061904.69,121560,212672
enc_2304x1296_9,1791061904.79,121560,210696
enc_2304x1296_9,1791061904.90,121560,209784
enc_2304x1296_9,1791061905.00,121560,207352
enc_2304x1296_9,1791061905.10,121560,205376
enc_2304x1296_9,1791061905.20,121560,203476
enc_2304x1296_9,1791061905.30,121560,203476
enc_2304x1296_9,1791061905.40,119280,200056
enc_2304x1296_9,1791061905.50,107424,184172
enc_2304x1296_9,1791061905.60,104236,179924
enc_2304x1296_9,1791061905.70,95320,168072
enc_2304x1296_9,1791061905.81,95320,168072
enc_2304x1296_9,1791061905.91,89392,160168
enc_2304x1296_9,1791061906.01,86428,156216
enc_2304x1296_9,1791061906.11,80576,144436
enc_2304x1296_9,1791061906.21,81108,145120
enc_2304x1296_9,1791061906.31,81108,145120
enc_2304x1296_9,1791061906.41,81108,145120
enc_2304x1296_9,1791061906.51,81108,145120
enc_2304x1296_9,1791061906.61,81144,145188
enc_2304x1296_9,1791061906.72,81144,145188
enc_2304x1296_9,1791061906.82,81144,145188
enc_2304x1296_9,1791061906.92,81144,145188
enc_2304x1296_9,1791061907.02,81144,145188
enc_2304x1296_9,1791061907.12,81144,145188
enc_2304x1296_9,1791061907.22,81220,145340
enc_2304x1296_9,1791061907.32,82512,147468
enc_2304x1296_9,1791061907.42,82516,147444
enc_2304x1296_9,1791061907.52,82516,147444
enc_2304x1296_9,1791061907.62,82516,147460
enc_2304x1296_9,1791061907.72,82516,147460
enc_2304x1296_9,1791061907.83,82516,147460
enc_2304x1296_9,1791061907.93,79704,144648
enc_2304x1296_9,1791061908.03,75676,140620
enc_2304x1296_9,1791061908.13,72636,137580
enc_2304x1296_9,1791061908.23,72636,137580
enc_2304x1296_9,1791061908.33,72636,137580
enc_2304x1296_9,1791061908.43,72732,138340
enc_2304x1296_9,1791061908.53,73028,139468
enc_2304x1296_9,1791061908.63,73000,139440
enc_2304x1296_9,1791061908.74,106592,186712
enc_2304x1296_9,1791061908.84,98688,172880
enc_2304x1296_9,1791061908.94,98688,172880
enc_2304x1296_9,1791061909.04,89720,160948
enc_2304x1296_9,1791061909.14,86832,156996
enc_2304x1296_9,1791061909.24,80904,149168
enc_2304x1296_9,1791061909.34,80904,149168
enc_2304x1296_9,1791061909.44,80904,149168
enc_2304x1296_9,1791061909.54,80904,149168
enc_2304x1296_9,1791061909.65,80880,149208
enc_2304x1296_9,1791061909.75,80880,149208
enc_2304x1296_9,1791061909.85,80880,149208
enc_2304x1296_9,1791061909.95,80880,149208
enc_2304x1296_9,1791061910.05,80880,149208
enc_2304x1296_9,1791061910.15,80880,149208
enc_2304x1296_9,1791061910.25,80880,149208
enc_2304x1296_9,1791061910.35,80880,149208
enc_2304x1296_9,1791061910.45,80880,149208
enc_2304x1296_9,1791061910.55,80880,149208
enc_2304x1296_9,1791061910.66,80880,149208
enc_2304x1296_9,1791061910.76,80880,149208
enc_2304x1296_9,1791061910.86,80880,149208
enc_2304x1296_9,1791061910.96,80880,149208
enc_2304x1296_9,1791061911.06,80880,149208
enc_2304x1296_9,1791061911.16,78068,145408
enc_2304x1296_9,1791061911.26,75104,141456
enc_2304x1296_9,1791061911.36,75104,141456
enc_2304x1296_9,1791061911.46,75104,141456
enc_2304x1296_9,1791061911.56,75044,141396
enc_2304x1296_9,1791061911.67,75044,141396
enc_2304x1296_9,1791061911.77,75044,141396
enc_2304x1296_9,1791061911.87,100960,179016
enc_2304x1296_9,1791061911.97,97464,171264
enc_2304x1296_9,1791061912.07,97464,171264
enc_2304x1296_9,1791061912.17,88496,159408
enc_2304x1296_9,1791061912.27,88496,159408
enc_2304x1296_9,1791061912.37,82644,151580
enc_2304x1296_9,1791061912.47,82644,151580
enc_2304x1296_9,1791061912.58,82644,151548
enc_2304x1296_9,1791061912.68,82644,151548
enc_2304x1296_9,1791061912.78,82644,151548
enc_2304x1296_9,1791061912.88,82644,151548
enc_2304x1296_9,1791061912.98,82644,151548
enc_2304x1296_9,1791061913.08,82644,151548
enc_2304x1296_9,1791061913.18,82644,151548
enc_2304x1296_9,1791061913.28,82644,151548
enc_2304x1296_9,1791061913.38,82644,151548
enc_2304x1296_9,1791061913.48,82644,151548
enc_2304x1296_9,1791061913.59,82644,151548
enc_2304x1296_9,1791061913.69,82644,151548
enc_2304x1296_9,1791061913.79,82644,151548
enc_2304x1296_9,1791061913.89,82644,151548
enc_2304x1296_9,1791061913.99,82644,151548
enc_2304x1296_9,1791061914.09,82644,151548
enc_2304x1296_9,1791061914.19,76868,143796
enc_2304x1296_9,1791061914.29,76868,143796
enc_2304x1296_9,1791061914.39,73828,139768
enc_2304x1296_9,1791061914.49,73828,139768
enc_2304x1296_9,1791061914.60,73828,139768
enc_2304x1296_9,1791061914.70,73828,139768
enc_2304x1296_9,1791061914.80,73828,139768
enc_2304x1296_9,1791061914.90,73828,139768
enc_2304x1296_9,1791061915.00,100376,178360
enc_2304x1296_9,1791061915.10,96956,170608
enc_2304x1296_9,1791061915.20,96956,170608
enc_2304x1296_9,1791061915.30,87988,158676
enc_2304x1296_9,1791061915.40,87988,158676
enc_2304x1296_9,1791061915.51,82136,150848
enc_2304x1296_9,1791061915.61,82120,150832
enc_2304x1296_9,1791061915.71,82120,150832
enc_2304x1296_9,1791061915.81,82120,150832
enc_2304x1296_9,1791061915.91,82120,150832
enc_2304x1296_9,1791061916.01,82120,150832
enc_2304x1296_9,1791061916.11,82120,150832
enc_2304x1296_9,1791061916.21,82120,150832
enc_2304x1296_9,1791061916.31,82120,150832
enc_2304x1296_9,1791061916.41,82120,150832
enc_2304x1296_9,1791061916.52,82120,150832
enc_2304x1296_9,1791061916.62,82120,150832
enc_2304x1296_9,1791061916.72,82120,150832
enc_2304x1296_9,1791061916.82,82120,150832
enc_2304x1296_9,1791061916.92,82120,150832
enc_2304x1296_9,1791061917.02,82120,150832
enc_2304x1296_9,1791061917.12,82120,150832
enc_2304x1296_9,1791061917.22,82120,150832
enc_2304x1296_9,1791061917.32,79232,147032
enc_2304x1296_9,1791061917.43,76268,143080
enc_2304x1296_9,1791061917.53,73228,139052
enc_2304x1296_9,1791061917.63,73228,139052
enc_2304x1296_9,1791061917.73,73228,139052
enc_2304x1296_9,1791061917.83,73228,139052
enc_2304x1296_9,1791061917.93,73228,139052
enc_2304x1296_9,1791061918.03,73228,139052
enc_2304x1296_9,1791061918.13,118976,202748
enc_2304x1296_9,1791061918.23,118976,202748
idle,1791061918.33,126120,223956
idle,1791061918.44,126120,222056
idle,1791061918.54,126120,222056
idle,1791061918.64,126156,222068
idle,1791061918.74,126156,221972
idle,1791061918.84,126156,221972
idle,1791061918.94,126156,221972
idle,1791061919.04,126156,221972
idle,1791061919.14,126156,221972
idle,1791061919.24,126156,221972
idle,1791061919.34,126156,221972
idle,1791061919.44,126156,221972
idle,1791061919.54,126156,221972
idle,1791061919.65,126156,221972
idle,1791061919.75,126156,221972
idle,1791061919.85,126156,221972
idle,1791061919.95,126156,221972
idle,1791061920.05,126156,221972
idle,1791061920.15,126156,221972
idle,1791061920.25,126156,221972
idle,1791061920.35,126156,221972
idle,1791061920.45,126156,221972
enc_2304x1296_10,1791061920.55,126156,221852
enc_2304x1296_10,1791061920.65,126156,220028
enc_2304x1296_10,1791061920.75,126156,218052
enc_2304x1296_10,1791061920.86,126156,217140
enc_2304x1296_10,1791061920.96,126156,214708
enc_2304x1296_10,1791061921.06,126156,212808
enc_2304x1296_10,1791061921.16,126156,211364
enc_2304x1296_10,1791061921.26,126156,209844
enc_2304x1296_10,1791061921.36,121900,203916
enc_2304x1296_10,1791061921.46,109968,188032
enc_2304x1296_10,1791061921.56,110020,188144
enc_2304x1296_10,1791061921.66,99988,174692
enc_2304x1296_10,1791061921.77,99988,174692
enc_2304x1296_10,1791061921.87,91020,162760
enc_2304x1296_10,1791061921.97,88056,158808
enc_2304x1296_10,1791061922.07,82204,150980
enc_2304x1296_10,1791061922.17,82204,150980
enc_2304x1296_10,1791061922.27,82204,150980
enc_2304x1296_10,1791061922.37,82204,150980
enc_2304x1296_10,1791061922.47,82204,151104
enc_2304x1296_10,1791061922.57,82176,151076
enc_2304x1296_10,1791061922.68,82176,151100
enc_2304x1296_10,1791061922.78,82176,151100
enc_2304x1296_10,1791061922.88,82176,151100
enc_2304x1296_10,1791061922.98,82176,151100
enc_2304x1296_10,1791061923.08,82176,151100
enc_2304x1296_10,1791061923.18,82176,151224
enc_2304x1296_10,1791061923.28,82176,151224
enc_2304x1296_10,1791061923.38,82176,151224
enc_2304x1296_10,1791061923.48,82176,151224
enc_2304x1296_10,1791061923.58,82176,151224
enc_2304x1296_10,1791061923.68,82176,151224
enc_2304x1296_10,1791061923.79,82176,151224
enc_2304x1296_10,1791061923.89,81720,150388
enc_2304x1296_10,1791061923.99,76552,143472
enc_2304x1296_10,1791061924.09,76552,143472
enc_2304x1296_10,1791061924.19,76552,143472
enc_2304x1296_10,1791061924.29,76552,143472
enc_2304x1296_10,1791061924.39,76552,143472
enc_2304x1296_10,1791061924.49,76552,143472
enc_2304x1296_10,1791061924.59,76552,143412
enc_2304x1296_10,1791061924.70,104808,181468
enc_2304x1296_10,1791061924.80,99260,173724
enc_2304x1296_10,1791061924.90,99260,173724
enc_2304x1296_10,1791061925.00,90292,161792
enc_2304x1296_10,1791061925.10,90292,161792
enc_2304x1296_10,1791061925.20,81476,150012
enc_2304x1296_10,1791061925.30,81476,150012
enc_2304x1296_10,1791061925.40,81476,150012
enc_2304x1296_10,1791061925.50,81476,150012
enc_2304x1296_10,1791061925.61,81444,149980
enc_2304x1296_10,1791061925.71,81444,149980
enc_2304x1296_10,1791061925.81,81444,149980
enc_2304x1296_10,1791061925.91,81444,149980
enc_2304x1296_10,1791061926.01,81444,149980
enc_2304x1296_10,1791061926.11,81444,149980
enc_2304x1296_10,1791061926.21,81444,149980
enc_2304x1296_10,1791061926.31,81444,149980
enc_2304x1296_10,1791061926.41,81444,149980
enc_2304x1296_10,1791061926.51,81444,149980
enc_2304x1296_10,1791061926.61,81444,149980
enc_2304x1296_10,1791061926.72,81444,149980
enc_2304x1296_10,1791061926.82,81444,149980
enc_2304x1296_10,1791061926.92,81444,149980
enc_2304x1296_10,1791061927.02,81444,149980
enc_2304x1296_10,1791061927.12,78556,146180
enc_2304x1296_10,1791061927.22,75668,142228
enc_2304x1296_10,1791061927.32,75668,142228
enc_2304x1296_10,1791061927.42,75668,142228
enc_2304x1296_10,1791061927.52,75668,142228
enc_2304x1296_10,1791061927.63,75608,142168
enc_2304x1296_10,1791061927.73,75608,142168
enc_2304x1296_10,1791061927.83,104944,181684
enc_2304x1296_10,1791061927.93,99472,173976
enc_2304x1296_10,1791061928.03,99472,173976
enc_2304x1296_10,1791061928.13,90504,162044
enc_2304x1296_10,1791061928.23,90504,162044
enc_2304x1296_10,1791061928.33,81688,150264
enc_2304x1296_10,1791061928.43,81688,150264
enc_2304x1296_10,1791061928.54,81688,150264
enc_2304x1296_10,1791061928.64,81648,150224
enc_2304x1296_10,1791061928.74,81648,150224
enc_2304x1296_10,1791061928.84,81648,150224
enc_2304x1296_10,1791061928.94,81648,150224
enc_2304x1296_10,1791061929.04,81648,150224
enc_2304x1296_10,1791061929.14,81648,150224
enc_2304x1296_10,1791061929.24,81648,150224
enc_2304x1296_10,1791061929.34,81648,150224
enc_2304x1296_10,1791061929.44,81648,150224
enc_2304x1296_10,1791061929.55,81648,150224
enc_2304x1296_10,1791061929.65,81648,150224
enc_2304x1296_10,1791061929.75,81648,150224
enc_2304x1296_10,1791061929.85,81648,150224
enc_2304x1296_10,1791061929.95,81648,150224
enc_2304x1296_10,1791061930.05,81648,150224
enc_2304x1296_10,1791061930.15,80280,148400
enc_2304x1296_10,1791061930.25,75796,142472
enc_2304x1296_10,1791061930.35,75796,142472
enc_2304x1296_10,1791061930.45,75796,142472
enc_2304x1296_10,1791061930.56,75736,142412
enc_2304x1296_10,1791061930.66,75736,142412
enc_2304x1296_10,1791061930.76,75736,142412
enc_2304x1296_10,1791061930.86,75736,142412
enc_2304x1296_10,1791061930.96,104160,180640
enc_2304x1296_10,1791061931.06,98688,172888
enc_2304x1296_10,1791061931.16,98688,172888
enc_2304x1296_10,1791061931.26,89644,160956
enc_2304x1296_10,1791061931.37,89644,160956
enc_2304x1296_10,1791061931.47,83868,153204
enc_2304x1296_10,1791061931.57,83796,153132
enc_2304x1296_10,1791061931.67,83796,153132
enc_2304x1296_10,1791061931.77,83796,153132
enc_2304x1296_10,1791061931.87,83796,153132
enc_2304x1296_10,1791061931.97,83796,153132
enc_2304x1296_10,1791061932.07,83796,153132
enc_2304x1296_10,1791061932.17,83796,153132
enc_2304x1296_10,1791061932.27,83796,153132
enc_2304x1296_10,1791061932.37,83796,153132
enc_2304x1296_10,1791061932.48,83796,153132
enc_2304x1296_10,1791061932.58,83796,153132
enc_2304x1296_10,1791061932.68,83796,153132
enc_2304x1296_10,1791061932.78,83796,153132
enc_2304x1296_10,1791061932.88,83796,153132
enc_2304x1296_10,1791061932.98,83796,153132
enc_2304x1296_10,1791061933.08,83796,153132
enc_2304x1296_10,1791061933.18,82428,151308
enc_2304x1296_10,1791061933.28,78020,145380
enc_2304x1296_10,1791061933.39,74980,141352
enc_2304x1296_10,1791061933.49,74980,141352
enc_2304x1296_10,1791061933.59,74980,141352
enc_2304x1296_10,1791061933.69,74980,141352
enc_2304x1296_10,1791061933.79,74980,141352
enc_2304x1296_10,1791061933.89,74980,141352
enc_2304x1296_10,1791061933.99,74980,141352
enc_2304x1296_10,1791061934.09,114200,194904
enc_2304x1296_10,1791061934.19,114200,194904
idle,1791061934.30,121952,212536
idle,1791061934.40,121952,210560
idle,1791061934.50,121952,210560
idle,1791061934.60,121952,210560
idle,1791061934.70,121992,210552
idle,1791061934.80,121992,210552
idle,1791061934.90,121992,210552
idle,1791061935.00,121992,210552
idle,1791061935.10,121992,210552
idle,1791061935.20,121992,210552
idle,1791061935.30,121992,210552
idle,1791061935.40,121992,210552
idle,1791061935.51,121992,210552
idle,1791061935.61,121992,210552
idle,1791061935.71,121992,210552
idle,1791061935.81,121992,210552
idle,1791061935.91,121992,210552
idle,1791061936.01,121992,210552
idle,1791061936.11,121992,210552
idle,1791061936.21,121992,210552
idle,1791061936.31,121992,210552
idle,1791061936.41,121992,210552
stop,1791061936.51,121992,210552
